"Movie Name","DateTime","Date","Day","Time","Screen","Cinema Name","CinemaDisplay"
"Сръдльо","2026-10-09T01:00:00","9.10.2026","Friday","13:00","Зала9","Cinema City - Mall Of Sofia","CinemaCity"
"Сърцето на звяра","2026-10-09T01:00:00","9.10.2026","Friday","13:00","Зала12","Cinema City - Mall Of Sofia","CinemaCity"
"Дигър","2026-10-09T01:10:00","9.10.2026","Friday","13:10","Зала10","Cinema City - Mall Of Sofia","CinemaCity"
"Пес Патрул: Дино филмът","2026-10-09T01:20:00","9.10.2026","Friday","13:20","Зала1","Cinema City - Mall Of Sofia","CinemaCity"
"Не казвай на мама","2026-10-09T01:20:00","9.10.2026","Friday","13:20","Зала6","Cinema City - Mall Of Sofia","CinemaCity"
"КОЙОТА срещу АКМЕ","2026-10-09T01:20:00","9.10.2026","Friday","13:20","Зала11","Cinema City - Mall Of Sofia","CinemaCity"
"Сръдльо","2026-10-09T02:00:00","9.10.2026","Friday","14:00","Зала2","Cinema City - Mall Of Sofia","CinemaCity"
"Другата мама","2026-10-09T02:10:00","9.10.2026","Friday","14:10","Зала7","Cinema City - Mall Of Sofia","CinemaCity"
"Островът на забравата","2026-10-09T02:15:00","9.10.2026","Friday","14:15","Зала4","Cinema City - Mall Of Sofia","CinemaCity"
"Отмъстителите: Краят – Специално издание","2026-10-09T02:20:00","9.10.2026","Friday","14:20","IMAX","Cinema City - Mall Of Sofia","CinemaCity"
"Зооекспрес","2026-10-09T02:30:00","9.10.2026","Friday","14:30","Зала5","Cinema City - Mall Of Sofia","CinemaCity"
"Нина Роза","2026-10-09T02:45:00","9.10.2026","Friday","14:45","Зала3","Cinema City - Mall Of Sofia","CinemaCity"
"Верити","2026-10-09T02:50:00","9.10.2026","Friday","14:50","Зала8","Cinema City - Mall Of Sofia","CinemaCity"
"Сръдльо","2026-10-09T03:10:00","9.10.2026","Friday","15:10","Зала9","Cinema City - Mall Of Sofia","CinemaCity"
"Сърцето на звяра","2026-10-09T03:10:00","9.10.2026","Friday","15:10","Зала12","Cinema City - Mall Of Sofia","CinemaCity"
"Одисея","2026-10-09T03:20:00","9.10.2026","Friday","15:20","Зала1","Cinema City - Mall Of Sofia","CinemaCity"
"Заразно зло","2026-10-09T03:30:00","9.10.2026","Friday","15:30","Зала6","Cinema City - Mall Of Sofia","CinemaCity"
"Отмъстителите: Краят – Специално издание","2026-10-09T03:40:00","9.10.2026","Friday","15:40","Зала11","Cinema City - Mall Of Sofia","CinemaCity"
"Спайдър-мен: Нов ден","2026-10-09T03:50:00","9.10.2026","Friday","15:50","Зала10","Cinema City - Mall Of Sofia","CinemaCity"
"Пес Патрул: Дино филмът","2026-10-09T04:00:00","9.10.2026","Friday","16:00","Зала2","Cinema City - Mall Of Sofia","CinemaCity"
"Другата мама","2026-10-09T04:10:00","9.10.2026","Friday","16:10","Зала7","Cinema City - Mall Of Sofia","CinemaCity"
"Зооекспрес","2026-10-09T04:30:00","9.10.2026","Friday","16:30","Зала5","Cinema City - Mall Of Sofia","CinemaCity"
"Островът на забравата","2026-10-09T04:40:00","9.10.2026","Friday","16:40","Зала4","Cinema City - Mall Of Sofia","CinemaCity"
"Нина Роза","2026-10-09T05:00:00","9.10.2026","Friday","17:00","Зала3","Cinema City - Mall Of Sofia","CinemaCity"
"Верити","2026-10-09T05:10:00","9.10.2026","Friday","17:10","Зала8","Cinema City - Mall Of Sofia","CinemaCity"
"Сърцето на звяра","2026-10-09T05:20:00","9.10.2026","Friday","17:20","Зала12","Cinema City - Mall Of Sofia","CinemaCity"
"Сръдльо","2026-10-09T05:30:00","9.10.2026","Friday","17:30","Зала9","Cinema City - Mall Of Sofia","CinemaCity"
"Не казвай на мама","2026-10-09T05:40:00","9.10.2026","Friday","17:40","Зала6","Cinema City - Mall Of Sofia","CinemaCity"
"КОЙОТА срещу АКМЕ","2026-10-09T06:00:00","9.10.2026","Friday","18:00","Зала2","Cinema City - Mall Of Sofia","CinemaCity"
"Одисея","2026-10-09T06:00:00","9.10.2026","Friday","18:00","IMAX","Cinema City - Mall Of Sofia","CinemaCity"
"Другата мама","2026-10-09T06:15:00","9.10.2026","Friday","18:15","Зала7","Cinema City - Mall Of Sofia","CinemaCity"
"Зооекспрес","2026-10-09T06:30:00","9.10.2026","Friday","18:30","Зала5","Cinema City - Mall Of Sofia","CinemaCity"
"Верити","2026-10-09T06:40:00","9.10.2026","Friday","18:40","Зала1","Cinema City - Mall Of Sofia","CinemaCity"
"Наследникът","2026-10-09T06:50:00","9.10.2026","Friday","18:50","Зала10","Cinema City - Mall Of Sofia","CinemaCity"
"Островът на забравата","2026-10-09T07:00:00","9.10.2026","Friday","19:00","Зала4","Cinema City - Mall Of Sofia","CinemaCity"
"Нина Роза","2026-10-09T07:15:00","9.10.2026","Friday","19:15","Зала3","Cinema City - Mall Of Sofia","CinemaCity"
"Заразно зло","2026-10-09T07:20:00","9.10.2026","Friday","19:20","Зала11","Cinema City - Mall Of Sofia","CinemaCity"
"Сръдльо","2026-10-09T07:30:00","9.10.2026","Friday","19:30","Зала9","Cinema City - Mall Of Sofia","CinemaCity"
"Сърцето на звяра","2026-10-09T07:40:00","9.10.2026","Friday","19:40","Зала12","Cinema City - Mall Of Sofia","CinemaCity"
"Не казвай на мама","2026-10-09T07:45:00","9.10.2026","Friday","19:45","Зала6","Cinema City - Mall Of Sofia","CinemaCity"
"Верити","2026-10-09T07:50:00","9.10.2026","Friday","19:50","Зала8","Cinema City - Mall Of Sofia","CinemaCity"
"Одисея","2026-10-09T08:15:00","9.10.2026","Friday","20:15","Зала2","Cinema City - Mall Of Sofia","CinemaCity"
"Другата мама","2026-10-09T08:20:00","9.10.2026","Friday","20:20","Зала7","Cinema City - Mall Of Sofia","CinemaCity"
"Дигър","2026-10-09T08:30:00","9.10.2026","Friday","20:30","Зала5","Cinema City - Mall Of Sofia","CinemaCity"
"Верити","2026-10-09T09:10:00","9.10.2026","Friday","21:10","Зала1","Cinema City - Mall Of Sofia","CinemaCity"
"Падане 2: Мъртва точка","2026-10-09T09:15:00","9.10.2026","Friday","21:15","Зала10","Cinema City - Mall Of Sofia","CinemaCity"
"Паяци","2026-10-09T09:20:00","9.10.2026","Friday","21:20","Зала4","Cinema City - Mall Of Sofia","CinemaCity"
"Заразно зло","2026-10-09T09:30:00","9.10.2026","Friday","21:30","Зала11","Cinema City - Mall Of Sofia","CinemaCity"
"Отмъстителите: Краят – Специално издание","2026-10-09T09:30:00","9.10.2026","Friday","21:30","IMAX","Cinema City - Mall Of Sofia","CinemaCity"
"Нина Роза","2026-10-09T09:40:00","9.10.2026","Friday","21:40","Зала3","Cinema City - Mall Of Sofia","CinemaCity"
"Куриерът","2026-10-09T09:40:00","9.10.2026","Friday","21:40","Зала9","Cinema City - Mall Of Sofia","CinemaCity"
"Сърцето на звяра","2026-10-09T09:50:00","9.10.2026","Friday","21:50","Зала12","Cinema City - Mall Of Sofia","CinemaCity"
"Не казвай на мама","2026-10-09T10:00:00","9.10.2026","Friday","22:00","Зала6","Cinema City - Mall Of Sofia","CinemaCity"
"Верити","2026-10-09T10:20:00","9.10.2026","Friday","22:20","Зала8","Cinema City - Mall Of Sofia","CinemaCity"
"Другата мама","2026-10-09T10:30:00","9.10.2026","Friday","22:30","Зала7","Cinema City - Mall Of Sofia","CinemaCity"
"Сръдльо","2026-10-09T01:10:00","9.10.2026","Friday","13:10","Зала5","Cinema City - Paradice Center","CinemaCity"
"Сърцето на звяра","2026-10-09T01:10:00","9.10.2026","Friday","13:10","Зала6","Cinema City - Paradice Center","CinemaCity"
"Заразно зло","2026-10-09T01:30:00","9.10.2026","Friday","13:30","Зала4","Cinema City - Paradice Center","CinemaCity"
"Зооекспрес","2026-10-09T01:40:00","9.10.2026","Friday","13:40","Зала9","Cinema City - Paradice Center","CinemaCity"
"Не казвай на мама","2026-10-09T01:50:00","9.10.2026","Friday","13:50","Зала12","Cinema City - Paradice Center","CinemaCity"
"Другата мама","2026-10-09T02:00:00","9.10.2026","Friday","14:00","Зала2","Cinema City - Paradice Center","CinemaCity"
"Отмъстителите: Краят – Специално издание","2026-10-09T02:00:00","9.10.2026","Friday","14:00","Зала7","Cinema City - Paradice Center","CinemaCity"
"Сръдльо","2026-10-09T02:10:00","9.10.2026","Friday","14:10","Зала11","Cinema City - Paradice Center","CinemaCity"
"Островът на забравата","2026-10-09T02:20:00","9.10.2026","Friday","14:20","Зала10","Cinema City - Paradice Center","CinemaCity"
"Дигър","2026-10-09T02:30:00","9.10.2026","Friday","14:30","Зала14","Cinema City - Paradice Center","CinemaCity"
"Другата мама","2026-10-09T02:30:00","9.10.2026","Friday","14:30","Зала8","Cinema City - Paradice Center","CinemaCity"
"Нина Роза","2026-10-09T02:40:00","9.10.2026","Friday","14:40","Зала1","Cinema City - Paradice Center","CinemaCity"
"Одисея","2026-10-09T02:45:00","9.10.2026","Friday","14:45","Зала13","Cinema City - Paradice Center","CinemaCity"
"Верити","2026-10-09T02:50:00","9.10.2026","Friday","14:50","Зала3","Cinema City - Paradice Center","CinemaCity"
"Сръдльо","2026-10-09T03:10:00","9.10.2026","Friday","15:10","Зала5","Cinema City - Paradice Center","CinemaCity"
"Сърцето на звяра","2026-10-09T03:20:00","9.10.2026","Friday","15:20","Зала6","Cinema City - Paradice Center","CinemaCity"
"Заразно зло","2026-10-09T03:30:00","9.10.2026","Friday","15:30","Зала4","Cinema City - Paradice Center","CinemaCity"
"Спайдър-мен: Нов ден","2026-10-09T03:50:00","9.10.2026","Friday","15:50","Зала9","Cinema City - Paradice Center","CinemaCity"
"Миньони & чудовища","2026-10-09T04:00:00","9.10.2026","Friday","16:00","Зала12","Cinema City - Paradice Center","CinemaCity"
"Другата мама","2026-10-09T04:10:00","9.10.2026","Friday","16:10","Зала2","Cinema City - Paradice Center","CinemaCity"
"Отмъстителите: Краят – Специално издание","2026-10-09T04:30:00","9.10.2026","Friday","16:30","Зала8","Cinema City - Paradice Center","CinemaCity"
"КОЙОТА срещу АКМЕ","2026-10-09T04:30:00","9.10.2026","Friday","16:30","Зала11","Cinema City - Paradice Center","CinemaCity"
"Островът на забравата","2026-10-09T04:40:00","9.10.2026","Friday","16:40","Зала10","Cinema City - Paradice Center","CinemaCity"
"Нина Роза","2026-10-09T05:00:00","9.10.2026","Friday","17:00","Зала1","Cinema City - Paradice Center","CinemaCity"
"Зооекспрес","2026-10-09T05:10:00","9.10.2026","Friday","17:10","Зала14","Cinema City - Paradice Center","CinemaCity"
"Сръдльо","2026-10-09T05:15:00","9.10.2026","Friday","17:15","Зала5","Cinema City - Paradice Center","CinemaCity"
"Верити","2026-10-09T05:20:00","9.10.2026","Friday","17:20","Зала3","Cinema City - Paradice Center","CinemaCity"
"Заразно зло","2026-10-09T05:30:00","9.10.2026","Friday","17:30","Зала4","Cinema City - Paradice Center","CinemaCity"
"Сърцето на звяра","2026-10-09T05:30:00","9.10.2026","Friday","17:30","Зала6","Cinema City - Paradice Center","CinemaCity"
"Отмъстителите: Краят – Специално издание","2026-10-09T05:40:00","9.10.2026","Friday","17:40","Зала7","Cinema City - Paradice Center","CinemaCity"
"Не казвай на мама","2026-10-09T06:00:00","9.10.2026","Friday","18:00","Зала12","Cinema City - Paradice Center","CinemaCity"
"Одисея","2026-10-09T06:10:00","9.10.2026","Friday","18:10","Зала13","Cinema City - Paradice Center","CinemaCity"
"Другата мама","2026-10-09T06:15:00","9.10.2026","Friday","18:15","Зала2","Cinema City - Paradice Center","CinemaCity"
"Верити","2026-10-09T06:45:00","9.10.2026","Friday","18:45","Зала11","Cinema City - Paradice Center","CinemaCity"
"Сърцето на звяра","2026-10-09T06:50:00","9.10.2026","Friday","18:50","Зала9","Cinema City - Paradice Center","CinemaCity"
"Островът на забравата","2026-10-09T07:00:00","9.10.2026","Friday","19:00","Зала10","Cinema City - Paradice Center","CinemaCity"
"Наследникът","2026-10-09T07:10:00","9.10.2026","Friday","19:10","Зала14","Cinema City - Paradice Center","CinemaCity"
"Сръдльо","2026-10-09T07:20:00","9.10.2026","Friday","19:20","Зала5","Cinema City - Paradice Center","CinemaCity"
"Нина Роза","2026-10-09T07:30:00","9.10.2026","Friday","19:30","Зала1","Cinema City - Paradice Center","CinemaCity"
"Заразно зло","2026-10-09T07:40:00","9.10.2026","Friday","19:40","Зала4","Cinema City - Paradice Center","CinemaCity"
"Сърцето на звяра","2026-10-09T07:45:00","9.10.2026","Friday","19:45","Зала6","Cinema City - Paradice Center","CinemaCity"
"Верити","2026-10-09T07:50:00","9.10.2026","Friday","19:50","Зала3","Cinema City - Paradice Center","CinemaCity"
"Другата мама","2026-10-09T08:00:00","9.10.2026","Friday","20:00","Зала8","Cinema City - Paradice Center","CinemaCity"
"Не казвай на мама","2026-10-09T08:10:00","9.10.2026","Friday","20:10","Зала12","Cinema City - Paradice Center","CinemaCity"
"Другата мама","2026-10-09T08:20:00","9.10.2026","Friday","20:20","Зала2","Cinema City - Paradice Center","CinemaCity"
"Сърцето на звяра","2026-10-09T09:00:00","9.10.2026","Friday","21:00","Зала9","Cinema City - Paradice Center","CinemaCity"
"Верити","2026-10-09T09:10:00","9.10.2026","Friday","21:10","Зала11","Cinema City - Paradice Center","CinemaCity"
"Отмъстителите: Краят – Специално издание","2026-10-09T09:15:00","9.10.2026","Friday","21:15","Зала7","Cinema City - Paradice Center","CinemaCity"
"Спайдър-мен: Нов ден","2026-10-09T09:20:00","9.10.2026","Friday","21:20","Зала5","Cinema City - Paradice Center","CinemaCity"
"Дигър","2026-10-09T09:20:00","9.10.2026","Friday","21:20","Зала10","Cinema City - Paradice Center","CinemaCity"
"Одисея","2026-10-09T09:30:00","9.10.2026","Friday","21:30","Зала13","Cinema City - Paradice Center","CinemaCity"
"Паяци","2026-10-09T09:40:00","9.10.2026","Friday","21:40","Зала14","Cinema City - Paradice Center","CinemaCity"
"Заразно зло","2026-10-09T09:45:00","9.10.2026","Friday","21:45","Зала4","Cinema City - Paradice Center","CinemaCity"
"Нина Роза","2026-10-09T09:50:00","9.10.2026","Friday","21:50","Зала1","Cinema City - Paradice Center","CinemaCity"
"Сърцето на звяра","2026-10-09T10:00:00","9.10.2026","Friday","22:00","Зала6","Cinema City - Paradice Center","CinemaCity"
"Другата мама","2026-10-09T10:00:00","9.10.2026","Friday","22:00","Зала8","Cinema City - Paradice Center","CinemaCity"
"Верити","2026-10-09T10:15:00","9.10.2026","Friday","22:15","Зала3","Cinema City - Paradice Center","CinemaCity"
"Не казвай на мама","2026-10-09T10:20:00","9.10.2026","Friday","22:20","Зала12","Cinema City - Paradice Center","CinemaCity"
"Другата мама","2026-10-09T10:30:00","9.10.2026","Friday","22:30","Зала2","Cinema City - Paradice Center","CinemaCity"
"СРЪДЛЬО","2026-10-09T11:30:00","9.10.2026","Friday","11:30","Зала 6","CineGrand - Park Center","CineGrand"
"МИНЬОНИ И ЧУДОВИЩА","2026-10-09T12:15:00","9.10.2026","Friday","12:15","Зала 1","CineGrand - Park Center","CineGrand"
"ЗООЕКСПРЕС","2026-10-09T12:30:00","9.10.2026","Friday","12:30","Зала 2","CineGrand - Park Center","CineGrand"
"ВЕРИТИ","2026-10-09T01:15:00","9.10.2026","Friday","13:15","Зала 4","CineGrand - Park Center","CineGrand"
"СЪРЦЕТО НА ЗВЯРА","2026-10-09T01:40:00","9.10.2026","Friday","13:40","Зала 5","CineGrand - Park Center","CineGrand"
"ОСТРОВЪТ НА ЗАБРАВАТА","2026-10-09T01:45:00","9.10.2026","Friday","13:45","Зала 3","CineGrand - Park Center","CineGrand"
"НЕ КАЗВАЙ НА МАМА","2026-10-09T02:15:00","9.10.2026","Friday","14:15","Зала 1","CineGrand - Park Center","CineGrand"
"ОТМЪСТИТЕЛИТЕ: КРАЯТ – СПЕЦИАЛНО ИЗДАНИЕ","2026-10-09T04:00:00","9.10.2026","Friday","16:00","Зала 5","CineGrand - Park Center","CineGrand"
"ДРУГАТА МАМА","2026-10-09T04:15:00","9.10.2026","Friday","16:15","Зала 3","CineGrand - Park Center","CineGrand"
"НИНА РОЗА","2026-10-09T05:00:00","9.10.2026","Friday","17:00","Зала 2","CineGrand - Park Center","CineGrand"
"ОДИСЕЯ","2026-10-09T09:30:00","9.10.2026","Friday","21:30","Зала 6","CineGrand - Park Center","CineGrand"
"ДИГЪР","2026-10-09T09:45:00","9.10.2026","Friday","21:45","Зала 2","CineGrand - Park Center","CineGrand"
"ПЕС ПАТРУЛ: ДИНО ФИЛМЪТ","2026-10-09T12:10:00","9.10.2026","Friday","12:10","Зала 4","CineGrand - Sofia Ring Mall","CineGrand"
"СРЪДЛЬО","2026-10-09T12:15:00","9.10.2026","Friday","12:15","Зала 2","CineGrand - Sofia Ring Mall","CineGrand"
"ТАЙНИЯТ СВЯТ НА ФИНИК 2","2026-10-09T12:20:00","9.10.2026","Friday","12:20","TSAR Зала 6","CineGrand - Sofia Ring Mall","CineGrand"
"ОСТРОВЪТ НА ЗАБРАВАТА","2026-10-09T12:30:00","9.10.2026","Friday","12:30","Зала 3","CineGrand - Sofia Ring Mall","CineGrand"
"ЗООЕКСПРЕС","2026-10-09T12:40:00","9.10.2026","Friday","12:40","Зала 7","CineGrand - Sofia Ring Mall","CineGrand"
"СЪРЦЕТО НА ЗВЯРА","2026-10-09T01:00:00","9.10.2026","Friday","13:00","Зала 10","CineGrand - Sofia Ring Mall","CineGrand"
"МИНЬОНИ И ЧУДОВИЩА","2026-10-09T01:10:00","9.10.2026","Friday","13:10","Зала 8","CineGrand - Sofia Ring Mall","CineGrand"
"СПАЙДЪР-МЕН: НОВ ДЕН","2026-10-09T01:20:00","9.10.2026","Friday","13:20","TSAR Зала 5","CineGrand - Sofia Ring Mall","CineGrand"
"ДРУГАТА МАМА","2026-10-09T01:50:00","9.10.2026","Friday","13:50","Зала 9","CineGrand - Sofia Ring Mall","CineGrand"
"НЕ КАЗВАЙ НА МАМА","2026-10-09T02:10:00","9.10.2026","Friday","14:10","Зала 4","CineGrand - Sofia Ring Mall","CineGrand"
"ВЕРИТИ","2026-10-09T03:10:00","9.10.2026","Friday","15:10","Зала 8","CineGrand - Sofia Ring Mall","CineGrand"
"НИНА РОЗА","2026-10-09T04:30:00","9.10.2026","Friday","16:30","TSAR Зала 5","CineGrand - Sofia Ring Mall","CineGrand"
"ЗАРАЗНО ЗЛО ","2026-10-09T05:15:00","9.10.2026","Friday","17:15","Зала 1","CineGrand - Sofia Ring Mall","CineGrand"
"ОТМЪСТИТЕЛИТЕ: КРАЯТ – СПЕЦИАЛНО ИЗДАНИЕ","2026-10-09T07:45:00","9.10.2026","Friday","19:45","Зала 3","CineGrand - Sofia Ring Mall","CineGrand"
"ДИГЪР","2026-10-09T08:15:00","9.10.2026","Friday","20:15","Зала 2","CineGrand - Sofia Ring Mall","CineGrand"
"ОДИСЕЯ","2026-10-09T09:00:00","9.10.2026","Friday","21:00","TSAR Зала 5","CineGrand - Sofia Ring Mall","CineGrand"
"ПАЯЦИ","2026-10-09T10:20:00","9.10.2026","Friday","22:20","Зала 1","CineGrand - Sofia Ring Mall","CineGrand"
"КОВАРЕН КАПАН: БЯГСТВО ОТ ОТВЪДНОТО","2026-10-09T11:00:00","9.10.2026","Friday","23:00","Зала 2","CineGrand - Sofia Ring Mall","CineGrand"
"Миньони &amp; чудовища","2026-10-09T01:10:00","9.10.2026","Friday","13:10","Digital; Dubbed; LUXE","Kino Arena - The Mall","KinoArena"
"Одисея","2026-10-09T08:20:00","9.10.2026","Friday","20:20","BG Subtitles; Digital; LUXE","Kino Arena - The Mall","KinoArena"
"Спайдър-мен: Нов ден","2026-10-09T05:20:00","9.10.2026","Friday","17:20","3D Digital; BG Subtitles; LUXE","Kino Arena - The Mall","KinoArena"
"Пес Патрул: Дино Филмът","2026-10-09T03:50:00","9.10.2026","Friday","15:50","Digital; Dubbed; LUXE","Kino Arena - The Mall","KinoArena"
"Коварен капан: Бягство от отвъдното","2026-10-09T10:30:00","9.10.2026","Friday","22:30","BG Subtitles; Digital; LUXE","Kino Arena - The Mall","KinoArena"
"Койота срещу Акме","2026-10-09T01:15:00","9.10.2026","Friday","13:15","Digital; Dubbed; LUXE","Kino Arena - The Mall","KinoArena"
"Падане 2","2026-10-09T07:50:00","9.10.2026","Friday","19:50","BG Subtitles; Digital; LUXE","Kino Arena - The Mall","KinoArena"
"Приложна магия 2","2026-10-09T05:50:00","9.10.2026","Friday","17:50","BG Subtitles; Digital; LUXE","Kino Arena - The Mall","KinoArena"
"Куриерът","2026-10-09T08:45:00","9.10.2026","Friday","20:45","BG Subtitles; Digital; LUXE","Kino Arena - The Mall","KinoArena"
"Наследникът","2026-10-09T03:10:00","9.10.2026","Friday","15:10","Digital; Dubbed; LUXE","Kino Arena - The Mall","KinoArena"
"Заразно зло","2026-10-09T02:00:00","9.10.2026","Friday","14:00","BG Subtitles; Digital; LUXE","Kino Arena - The Mall","KinoArena"
"Заразно зло","2026-10-09T08:30:00","9.10.2026","Friday","20:30","BG Subtitles; Digital; LUXE","Kino Arena - The Mall","KinoArena"
"Заразно зло","2026-10-09T10:40:00","9.10.2026","Friday","22:40","BG Subtitles; Digital; LUXE","Kino Arena - The Mall","KinoArena"
"Сърцето на звяра","2026-10-09T02:20:00","9.10.2026","Friday","14:20","BG Subtitles; Digital; LUXE","Kino Arena - The Mall","KinoArena"
"Сърцето на звяра","2026-10-09T05:40:00","9.10.2026","Friday","17:40","BG Subtitles; Digital; LUXE","Kino Arena - The Mall","KinoArena"
"Сърцето на звяра","2026-10-09T08:10:00","9.10.2026","Friday","20:10","BG Subtitles; Digital; LUXE","Kino Arena - The Mall","KinoArena"
"Сърцето на звяра","2026-10-09T10:20:00","9.10.2026","Friday","22:20","BG Subtitles; Digital; LUXE","Kino Arena - The Mall","KinoArena"
"Островът на забравата","2026-10-09T01:40:00","9.10.2026","Friday","13:40","Digital; Dubbed; LUXE","Kino Arena - The Mall","KinoArena"
"Островът на забравата","2026-10-09T04:20:00","9.10.2026","Friday","16:20","Digital; Dubbed; LUXE","Kino Arena - The Mall","KinoArena"
"Отмъстителите: Краят – Специално издание","2026-10-09T06:30:00","9.10.2026","Friday","18:30","3D Digital; BG Subtitles; LUXE","Kino Arena - The Mall","KinoArena"
"Отмъстителите: Краят – Специално издание","2026-10-09T09:10:00","9.10.2026","Friday","21:10","3D Digital; BG Subtitles; LUXE","Kino Arena - The Mall","KinoArena"
"Верити","2026-10-09T02:40:00","9.10.2026","Friday","14:40","BG Subtitles; Digital; LUXE","Kino Arena - The Mall","KinoArena"
"Верити","2026-10-09T05:00:00","9.10.2026","Friday","17:00","BG Subtitles; Digital; LUXE","Kino Arena - The Mall","KinoArena"
"Верити","2026-10-09T07:15:00","9.10.2026","Friday","19:15","BG Subtitles; Digital; LUXE","Kino Arena - The Mall","KinoArena"
"Верити","2026-10-09T09:30:00","9.10.2026","Friday","21:30","BG Subtitles; Digital; LUXE","Kino Arena - The Mall","KinoArena"
"Дигър","2026-10-09T01:40:00","9.10.2026","Friday","13:40","BG Subtitles; Digital; LUXE","Kino Arena - The Mall","KinoArena"
"Дигър","2026-10-09T04:10:00","9.10.2026","Friday","16:10","BG Subtitles; Digital; LUXE","Kino Arena - The Mall","KinoArena"
"Дигър","2026-10-09T06:40:00","9.10.2026","Friday","18:40","BG Subtitles; Digital; LUXE","Kino Arena - The Mall","KinoArena"
"Дигър","2026-10-09T09:50:00","9.10.2026","Friday","21:50","BG Subtitles; Digital; LUXE","Kino Arena - The Mall","KinoArena"
"Зооекспрес","2026-10-09T02:30:00","9.10.2026","Friday","14:30","Digital; Dubbed; LUXE","Kino Arena - The Mall","KinoArena"
"Зооекспрес","2026-10-09T04:30:00","9.10.2026","Friday","16:30","Digital; Dubbed; LUXE","Kino Arena - The Mall","KinoArena"
"Зооекспрес","2026-10-09T06:20:00","9.10.2026","Friday","18:20","Digital; Dubbed; LUXE","Kino Arena - The Mall","KinoArena"
"Паяци","2026-10-09T03:30:00","9.10.2026","Friday","15:30","Digital; LUXE","Kino Arena - The Mall","KinoArena"
"Паяци","2026-10-09T09:40:00","9.10.2026","Friday","21:40","Digital; LUXE","Kino Arena - The Mall","KinoArena"
"Другата мама","2026-10-09T01:20:00","9.10.2026","Friday","13:20","BG Subtitles; Digital; LUXE","Kino Arena - The Mall","KinoArena"
"Другата мама","2026-10-09T04:00:00","9.10.2026","Friday","16:00","BG Subtitles; Digital; LUXE","Kino Arena - The Mall","KinoArena"
"Другата мама","2026-10-09T06:00:00","9.10.2026","Friday","18:00","BG Subtitles; Digital; LUXE","Kino Arena - The Mall","KinoArena"
"Другата мама","2026-10-09T08:00:00","9.10.2026","Friday","20:00","BG Subtitles; Digital; LUXE","Kino Arena - The Mall","KinoArena"
"Другата мама","2026-10-09T10:10:00","9.10.2026","Friday","22:10","BG Subtitles; Digital; LUXE","Kino Arena - The Mall","KinoArena"
"НЕ КАЗВАЙ НА МАМА","2026-10-09T02:50:00","9.10.2026","Friday","14:50","BG Subtitles; Digital; LUXE","Kino Arena - The Mall","KinoArena"
"НЕ КАЗВАЙ НА МАМА","2026-10-09T06:50:00","9.10.2026","Friday","18:50","BG Subtitles; Digital; LUXE","Kino Arena - The Mall","KinoArena"
"НЕ КАЗВАЙ НА МАМА","2026-10-09T10:00:00","9.10.2026","Friday","22:00","BG Subtitles; Digital; LUXE","Kino Arena - The Mall","KinoArena"
"Нина Роза","2026-10-09T04:50:00","9.10.2026","Friday","16:50","BG Subtitles; Digital; LUXE","Kino Arena - The Mall","KinoArena"
"Нина Роза","2026-10-09T07:30:00","9.10.2026","Friday","19:30","BG Subtitles; Digital; LUXE","Kino Arena - The Mall","KinoArena"
"СРЪДЛЬО","2026-10-09T01:00:00","9.10.2026","Friday","13:00","Digital; Dubbed; LUXE","Kino Arena - The Mall","KinoArena"
"СРЪДЛЬО","2026-10-09T03:20:00","9.10.2026","Friday","15:20","Digital; Dubbed; LUXE","Kino Arena - The Mall","KinoArena"
"СРЪДЛЬО","2026-10-09T05:30:00","9.10.2026","Friday","17:30","Digital; Dubbed; LUXE","Kino Arena - The Mall","KinoArena"
"Миньони &amp; чудовища","2026-10-09T01:10:00","9.10.2026","Friday","13:10","Digital; Dubbed; LUXE","Kino Arena - West Mall","KinoArena"
"Одисея","2026-10-09T08:20:00","9.10.2026","Friday","20:20","BG Subtitles; Digital; LUXE","Kino Arena - West Mall","KinoArena"
"Спайдър-мен: Нов ден","2026-10-09T05:20:00","9.10.2026","Friday","17:20","3D Digital; BG Subtitles; LUXE","Kino Arena - West Mall","KinoArena"
"Пес Патрул: Дино Филмът","2026-10-09T03:50:00","9.10.2026","Friday","15:50","Digital; Dubbed; LUXE","Kino Arena - West Mall","KinoArena"
"Коварен капан: Бягство от отвъдното","2026-10-09T10:30:00","9.10.2026","Friday","22:30","BG Subtitles; Digital; LUXE","Kino Arena - West Mall","KinoArena"
"Койота срещу Акме","2026-10-09T01:15:00","9.10.2026","Friday","13:15","Digital; Dubbed; LUXE","Kino Arena - West Mall","KinoArena"
"Падане 2","2026-10-09T07:50:00","9.10.2026","Friday","19:50","BG Subtitles; Digital; LUXE","Kino Arena - West Mall","KinoArena"
"Приложна магия 2","2026-10-09T05:50:00","9.10.2026","Friday","17:50","BG Subtitles; Digital; LUXE","Kino Arena - West Mall","KinoArena"
"Куриерът","2026-10-09T08:45:00","9.10.2026","Friday","20:45","BG Subtitles; Digital; LUXE","Kino Arena - West Mall","KinoArena"
"Наследникът","2026-10-09T03:10:00","9.10.2026","Friday","15:10","Digital; Dubbed; LUXE","Kino Arena - West Mall","KinoArena"
"Заразно зло","2026-10-09T02:00:00","9.10.2026","Friday","14:00","BG Subtitles; Digital; LUXE","Kino Arena - West Mall","KinoArena"
"Заразно зло","2026-10-09T08:30:00","9.10.2026","Friday","20:30","BG Subtitles; Digital; LUXE","Kino Arena - West Mall","KinoArena"
"Заразно зло","2026-10-09T10:40:00","9.10.2026","Friday","22:40","BG Subtitles; Digital; LUXE","Kino Arena - West Mall","KinoArena"
"Сърцето на звяра","2026-10-09T02:20:00","9.10.2026","Friday","14:20","BG Subtitles; Digital; LUXE","Kino Arena - West Mall","KinoArena"
"Сърцето на звяра","2026-10-09T05:40:00","9.10.2026","Friday","17:40","BG Subtitles; Digital; LUXE","Kino Arena - West Mall","KinoArena"
"Сърцето на звяра","2026-10-09T08:10:00","9.10.2026","Friday","20:10","BG Subtitles; Digital; LUXE","Kino Arena - West Mall","KinoArena"
"Сърцето на звяра","2026-10-09T10:20:00","9.10.2026","Friday","22:20","BG Subtitles; Digital; LUXE","Kino Arena - West Mall","KinoArena"
"Островът на забравата","2026-10-09T01:30:00","9.10.2026","Friday","13:30","Digital; Dubbed; LUXE","Kino Arena - West Mall","KinoArena"
"Островът на забравата","2026-10-09T04:20:00","9.10.2026","Friday","16:20","Digital; Dubbed; LUXE","Kino Arena - West Mall","KinoArena"
"Отмъстителите: Краят – Специално издание","2026-10-09T06:30:00","9.10.2026","Friday","18:30","3D Digital; BG Subtitles; LUXE","Kino Arena - West Mall","KinoArena"
"Отмъстителите: Краят – Специално издание","2026-10-09T09:10:00","9.10.2026","Friday","21:10","3D Digital; BG Subtitles; LUXE","Kino Arena - West Mall","KinoArena"
"Верити","2026-10-09T02:40:00","9.10.2026","Friday","14:40","BG Subtitles; Digital; LUXE","Kino Arena - West Mall","KinoArena"
"Верити","2026-10-09T05:00:00","9.10.2026","Friday","17:00","BG Subtitles; Digital; LUXE","Kino Arena - West Mall","KinoArena"
"Верити","2026-10-09T07:10:00","9.10.2026","Friday","19:10","BG Subtitles; Digital; LUXE","Kino Arena - West Mall","KinoArena"
"Верити","2026-10-09T09:30:00","9.10.2026","Friday","21:30","BG Subtitles; Digital; LUXE","Kino Arena - West Mall","KinoArena"
"Дигър","2026-10-09T01:40:00","9.10.2026","Friday","13:40","BG Subtitles; Digital; LUXE","Kino Arena - West Mall","KinoArena"
"Дигър","2026-10-09T04:10:00","9.10.2026","Friday","16:10","BG Subtitles; Digital; LUXE","Kino Arena - West Mall","KinoArena"
"Дигър","2026-10-09T06:40:00","9.10.2026","Friday","18:40","BG Subtitles; Digital; LUXE","Kino Arena - West Mall","KinoArena"
"Дигър","2026-10-09T09:50:00","9.10.2026","Friday","21:50","BG Subtitles; Digital; LUXE","Kino Arena - West Mall","KinoArena"
"Зооекспрес","2026-10-09T02:30:00","9.10.2026","Friday","14:30","Digital; Dubbed; LUXE","Kino Arena - West Mall","KinoArena"
"Зооекспрес","2026-10-09T04:30:00","9.10.2026","Friday","16:30","Digital; Dubbed; LUXE","Kino Arena - West Mall","KinoArena"
"Зооекспрес","2026-10-09T06:20:00","9.10.2026","Friday","18:20","Digital; Dubbed; LUXE","Kino Arena - West Mall","KinoArena"
"Паяци","2026-10-09T03:30:00","9.10.2026","Friday","15:30","Digital; LUXE","Kino Arena - West Mall","KinoArena"
"Паяци","2026-10-09T09:40:00","9.10.2026","Friday","21:40","Digital; LUXE","Kino Arena - West Mall","KinoArena"
"Другата мама","2026-10-09T01:20:00","9.10.2026","Friday","13:20","BG Subtitles; Digital; LUXE","Kino Arena - West Mall","KinoArena"
"Другата мама","2026-10-09T04:00:00","9.10.2026","Friday","16:00","BG Subtitles; Digital; LUXE","Kino Arena - West Mall","KinoArena"
"Другата мама","2026-10-09T06:00:00","9.10.2026","Friday","18:00","BG Subtitles; Digital; LUXE","Kino Arena - West Mall","KinoArena"
"Другата мама","2026-10-09T08:00:00","9.10.2026","Friday","20:00","BG Subtitles; Digital; LUXE","Kino Arena - West Mall","KinoArena"
"Другата мама","2026-10-09T10:10:00","9.10.2026","Friday","22:10","BG Subtitles; Digital; LUXE","Kino Arena - West Mall","KinoArena"
"НЕ КАЗВАЙ НА МАМА","2026-10-09T02:50:00","9.10.2026","Friday","14:50","BG Subtitles; Digital; LUXE","Kino Arena - West Mall","KinoArena"
"НЕ КАЗВАЙ НА МАМА","2026-10-09T06:50:00","9.10.2026","Friday","18:50","BG Subtitles; Digital; LUXE","Kino Arena - West Mall","KinoArena"
"НЕ КАЗВАЙ НА МАМА","2026-10-09T10:00:00","9.10.2026","Friday","22:00","BG Subtitles; Digital; LUXE","Kino Arena - West Mall","KinoArena"
"Нина Роза","2026-10-09T04:50:00","9.10.2026","Friday","16:50","BG Subtitles; Digital; LUXE","Kino Arena - West Mall","KinoArena"
"Нина Роза","2026-10-09T07:30:00","9.10.2026","Friday","19:30","BG Subtitles; Digital; LUXE","Kino Arena - West Mall","KinoArena"
"СРЪДЛЬО","2026-10-09T01:00:00","9.10.2026","Friday","13:00","Digital; Dubbed; LUXE","Kino Arena - West Mall","KinoArena"
"СРЪДЛЬО","2026-10-09T03:20:00","9.10.2026","Friday","15:20","Digital; Dubbed; LUXE","Kino Arena - West Mall","KinoArena"
"СРЪДЛЬО","2026-10-09T05:30:00","9.10.2026","Friday","17:30","Digital; Dubbed; LUXE","Kino Arena - West Mall","KinoArena"
"Сръдльо","2026-10-10T11:00:00","10.10.2026","Saturday","11:00","Зала9","Cinema City - Mall Of Sofia","CinemaCity"
"КОЙОТА срещу АКМЕ","2026-10-10T11:00:00","10.10.2026","Saturday","11:00","Зала11","Cinema City - Mall Of Sofia","CinemaCity"
"Миньони & чудовища","2026-10-10T11:10:00","10.10.2026","Saturday","11:10","Зала10","Cinema City - Mall Of Sofia","CinemaCity"
"Тайният свят на Финик 2","2026-10-10T11:15:00","10.10.2026","Saturday","11:15","Зала6","Cinema City - Mall Of Sofia","CinemaCity"
"Пес Патрул: Дино филмът","2026-10-10T11:20:00","10.10.2026","Saturday","11:20","Зала1","Cinema City - Mall Of Sofia","CinemaCity"
"Спайдър-мен: Нов ден","2026-10-10T11:45:00","10.10.2026","Saturday","11:45","Зала8","Cinema City - Mall Of Sofia","CinemaCity"
"Островът на забравата","2026-10-10T11:50:00","10.10.2026","Saturday","11:50","Зала4","Cinema City - Mall Of Sofia","CinemaCity"
"Сръдльо","2026-10-10T12:00:00","10.10.2026","Saturday","12:00","Зала2","Cinema City - Mall Of Sofia","CinemaCity"
"Другата мама","2026-10-10T12:10:00","10.10.2026","Saturday","12:10","Зала7","Cinema City - Mall Of Sofia","CinemaCity"
"Зооекспрес","2026-10-10T12:20:00","10.10.2026","Saturday","12:20","Зала5","Cinema City - Mall Of Sofia","CinemaCity"
"Отмъстителите: Краят – Специално издание","2026-10-10T12:30:00","10.10.2026","Saturday","12:30","IMAX","Cinema City - Mall Of Sofia","CinemaCity"
"Нина Роза","2026-10-10T12:30:00","10.10.2026","Saturday","12:30","Зала3","Cinema City - Mall Of Sofia","CinemaCity"
"Сърцето на звяра","2026-10-10T01:00:00","10.10.2026","Saturday","13:00","Зала12","Cinema City - Mall Of Sofia","CinemaCity"
"Сръдльо","2026-10-10T01:10:00","10.10.2026","Saturday","13:10","Зала9","Cinema City - Mall Of Sofia","CinemaCity"
"Дигър","2026-10-10T01:10:00","10.10.2026","Saturday","13:10","Зала10","Cinema City - Mall Of Sofia","CinemaCity"
"Пес Патрул: Дино филмът","2026-10-10T01:20:00","10.10.2026","Saturday","13:20","Зала1","Cinema City - Mall Of Sofia","CinemaCity"
"Не казвай на мама","2026-10-10T01:20:00","10.10.2026","Saturday","13:20","Зала6","Cinema City - Mall Of Sofia","CinemaCity"
"КОЙОТА срещу АКМЕ","2026-10-10T01:20:00","10.10.2026","Saturday","13:20","Зала11","Cinema City - Mall Of Sofia","CinemaCity"
"Сръдльо","2026-10-10T02:00:00","10.10.2026","Saturday","14:00","Зала2","Cinema City - Mall Of Sofia","CinemaCity"
"Другата мама","2026-10-10T02:10:00","10.10.2026","Saturday","14:10","Зала7","Cinema City - Mall Of Sofia","CinemaCity"
"Островът на забравата","2026-10-10T02:15:00","10.10.2026","Saturday","14:15","Зала4","Cinema City - Mall Of Sofia","CinemaCity"
"Зооекспрес","2026-10-10T02:30:00","10.10.2026","Saturday","14:30","Зала5","Cinema City - Mall Of Sofia","CinemaCity"
"Нина Роза","2026-10-10T02:45:00","10.10.2026","Saturday","14:45","Зала3","Cinema City - Mall Of Sofia","CinemaCity"
"Верити","2026-10-10T02:50:00","10.10.2026","Saturday","14:50","Зала8","Cinema City - Mall Of Sofia","CinemaCity"
"Сърцето на звяра","2026-10-10T03:10:00","10.10.2026","Saturday","15:10","Зала12","Cinema City - Mall Of Sofia","CinemaCity"
"Одисея","2026-10-10T03:20:00","10.10.2026","Saturday","15:20","Зала1","Cinema City - Mall Of Sofia","CinemaCity"
"Заразно зло","2026-10-10T03:30:00","10.10.2026","Saturday","15:30","Зала6","Cinema City - Mall Of Sofia","CinemaCity"
"Сръдльо","2026-10-10T03:30:00","10.10.2026","Saturday","15:30","Зала9","Cinema City - Mall Of Sofia","CinemaCity"
"Отмъстителите: Краят – Специално издание","2026-10-10T03:40:00","10.10.2026","Saturday","15:40","Зала11","Cinema City - Mall Of Sofia","CinemaCity"
"Спайдър-мен: Нов ден","2026-10-10T03:50:00","10.10.2026","Saturday","15:50","Зала10","Cinema City - Mall Of Sofia","CinemaCity"
"Пес Патрул: Дино филмът","2026-10-10T04:00:00","10.10.2026","Saturday","16:00","Зала2","Cinema City - Mall Of Sofia","CinemaCity"
"Одисея","2026-10-10T04:10:00","10.10.2026","Saturday","16:10","IMAX","Cinema City - Mall Of Sofia","CinemaCity"
"Другата мама","2026-10-10T04:10:00","10.10.2026","Saturday","16:10","Зала7","Cinema City - Mall Of Sofia","CinemaCity"
"Зооекспрес","2026-10-10T04:30:00","10.10.2026","Saturday","16:30","Зала5","Cinema City - Mall Of Sofia","CinemaCity"
"Островът на забравата","2026-10-10T04:40:00","10.10.2026","Saturday","16:40","Зала4","Cinema City - Mall Of Sofia","CinemaCity"
"Нина Роза","2026-10-10T05:00:00","10.10.2026","Saturday","17:00","Зала3","Cinema City - Mall Of Sofia","CinemaCity"
"Верити","2026-10-10T05:10:00","10.10.2026","Saturday","17:10","Зала8","Cinema City - Mall Of Sofia","CinemaCity"
"Сърцето на звяра","2026-10-10T05:20:00","10.10.2026","Saturday","17:20","Зала12","Cinema City - Mall Of Sofia","CinemaCity"
"Сръдльо","2026-10-10T05:30:00","10.10.2026","Saturday","17:30","Зала9","Cinema City - Mall Of Sofia","CinemaCity"
"Не казвай на мама","2026-10-10T05:40:00","10.10.2026","Saturday","17:40","Зала6","Cinema City - Mall Of Sofia","CinemaCity"
"КОЙОТА срещу АКМЕ","2026-10-10T06:00:00","10.10.2026","Saturday","18:00","Зала2","Cinema City - Mall Of Sofia","CinemaCity"
"Другата мама","2026-10-10T06:15:00","10.10.2026","Saturday","18:15","Зала7","Cinema City - Mall Of Sofia","CinemaCity"
"Зооекспрес","2026-10-10T06:30:00","10.10.2026","Saturday","18:30","Зала5","Cinema City - Mall Of Sofia","CinemaCity"
"Верити","2026-10-10T06:40:00","10.10.2026","Saturday","18:40","Зала1","Cinema City - Mall Of Sofia","CinemaCity"
"Наследникът","2026-10-10T06:50:00","10.10.2026","Saturday","18:50","Зала10","Cinema City - Mall Of Sofia","CinemaCity"
"Островът на забравата","2026-10-10T07:00:00","10.10.2026","Saturday","19:00","Зала4","Cinema City - Mall Of Sofia","CinemaCity"
"Нина Роза","2026-10-10T07:15:00","10.10.2026","Saturday","19:15","Зала3","Cinema City - Mall Of Sofia","CinemaCity"
"Заразно зло","2026-10-10T07:20:00","10.10.2026","Saturday","19:20","Зала11","Cinema City - Mall Of Sofia","CinemaCity"
"Queen Budapest","2026-10-10T07:30:00","10.10.2026","Saturday","19:30","IMAX","Cinema City - Mall Of Sofia","CinemaCity"
"Сръдльо","2026-10-10T07:30:00","10.10.2026","Saturday","19:30","Зала9","Cinema City - Mall Of Sofia","CinemaCity"
"Сърцето на звяра","2026-10-10T07:40:00","10.10.2026","Saturday","19:40","Зала12","Cinema City - Mall Of Sofia","CinemaCity"
"Не казвай на мама","2026-10-10T07:45:00","10.10.2026","Saturday","19:45","Зала6","Cinema City - Mall Of Sofia","CinemaCity"
"Верити","2026-10-10T07:50:00","10.10.2026","Saturday","19:50","Зала8","Cinema City - Mall Of Sofia","CinemaCity"
"Одисея","2026-10-10T08:15:00","10.10.2026","Saturday","20:15","Зала2","Cinema City - Mall Of Sofia","CinemaCity"
"Другата мама","2026-10-10T08:20:00","10.10.2026","Saturday","20:20","Зала7","Cinema City - Mall Of Sofia","CinemaCity"
"Дигър","2026-10-10T08:30:00","10.10.2026","Saturday","20:30","Зала5","Cinema City - Mall Of Sofia","CinemaCity"
"Верити","2026-10-10T09:10:00","10.10.2026","Saturday","21:10","Зала1","Cinema City - Mall Of Sofia","CinemaCity"
"Падане 2: Мъртва точка","2026-10-10T09:15:00","10.10.2026","Saturday","21:15","Зала10","Cinema City - Mall Of Sofia","CinemaCity"
"Паяци","2026-10-10T09:20:00","10.10.2026","Saturday","21:20","Зала4","Cinema City - Mall Of Sofia","CinemaCity"
"Отмъстителите: Краят – Специално издание","2026-10-10T09:30:00","10.10.2026","Saturday","21:30","IMAX","Cinema City - Mall Of Sofia","CinemaCity"
"Заразно зло","2026-10-10T09:30:00","10.10.2026","Saturday","21:30","Зала11","Cinema City - Mall Of Sofia","CinemaCity"
"Нина Роза","2026-10-10T09:40:00","10.10.2026","Saturday","21:40","Зала3","Cinema City - Mall Of Sofia","CinemaCity"
"Куриерът","2026-10-10T09:40:00","10.10.2026","Saturday","21:40","Зала9","Cinema City - Mall Of Sofia","CinemaCity"
"Сърцето на звяра","2026-10-10T09:50:00","10.10.2026","Saturday","21:50","Зала12","Cinema City - Mall Of Sofia","CinemaCity"
"Не казвай на мама","2026-10-10T10:00:00","10.10.2026","Saturday","22:00","Зала6","Cinema City - Mall Of Sofia","CinemaCity"
"Верити","2026-10-10T10:20:00","10.10.2026","Saturday","22:20","Зала8","Cinema City - Mall Of Sofia","CinemaCity"
"Другата мама","2026-10-10T10:30:00","10.10.2026","Saturday","22:30","Зала7","Cinema City - Mall Of Sofia","CinemaCity"
"Отмъстителите: Краят – Специално издание","2026-10-10T11:00:00","10.10.2026","Saturday","11:00","Зала8","Cinema City - Paradice Center","CinemaCity"
"Сръдльо","2026-10-10T11:10:00","10.10.2026","Saturday","11:10","Зала5","Cinema City - Paradice Center","CinemaCity"
"Тайният свят на Финик 2","2026-10-10T11:15:00","10.10.2026","Saturday","11:15","Зала6","Cinema City - Paradice Center","CinemaCity"
"Играта на играчките 5","2026-10-10T11:20:00","10.10.2026","Saturday","11:20","Зала4","Cinema City - Paradice Center","CinemaCity"
"Пес Патрул: Дино филмът","2026-10-10T11:30:00","10.10.2026","Saturday","11:30","Зала12","Cinema City - Paradice Center","CinemaCity"
"Зооекспрес","2026-10-10T11:40:00","10.10.2026","Saturday","11:40","Зала9","Cinema City - Paradice Center","CinemaCity"
"Другата мама","2026-10-10T12:00:00","10.10.2026","Saturday","12:00","Зала1","Cinema City - Paradice Center","CinemaCity"
"Наследникът","2026-10-10T12:00:00","10.10.2026","Saturday","12:00","Зала14","Cinema City - Paradice Center","CinemaCity"
"Островът на забравата","2026-10-10T12:00:00","10.10.2026","Saturday","12:00","Зала10","Cinema City - Paradice Center","CinemaCity"
"Сръдльо","2026-10-10T12:10:00","10.10.2026","Saturday","12:10","Зала11","Cinema City - Paradice Center","CinemaCity"
"Верити","2026-10-10T12:20:00","10.10.2026","Saturday","12:20","Зала3","Cinema City - Paradice Center","CinemaCity"
"Нина Роза","2026-10-10T12:30:00","10.10.2026","Saturday","12:30","Зала7","Cinema City - Paradice Center","CinemaCity"
"КОЙОТА срещу АКМЕ","2026-10-10T12:30:00","10.10.2026","Saturday","12:30","Зала13","Cinema City - Paradice Center","CinemaCity"
"Миньони & чудовища","2026-10-10T12:40:00","10.10.2026","Saturday","12:40","Зала2","Cinema City - Paradice Center","CinemaCity"
"Сръдльо","2026-10-10T01:10:00","10.10.2026","Saturday","13:10","Зала5","Cinema City - Paradice Center","CinemaCity"
"Сърцето на звяра","2026-10-10T01:10:00","10.10.2026","Saturday","13:10","Зала6","Cinema City - Paradice Center","CinemaCity"
"Заразно зло","2026-10-10T01:30:00","10.10.2026","Saturday","13:30","Зала4","Cinema City - Paradice Center","CinemaCity"
"Зооекспрес","2026-10-10T01:40:00","10.10.2026","Saturday","13:40","Зала9","Cinema City - Paradice Center","CinemaCity"
"Не казвай на мама","2026-10-10T01:50:00","10.10.2026","Saturday","13:50","Зала12","Cinema City - Paradice Center","CinemaCity"
"Другата мама","2026-10-10T02:00:00","10.10.2026","Saturday","14:00","Зала1","Cinema City - Paradice Center","CinemaCity"
"Сръдльо","2026-10-10T02:10:00","10.10.2026","Saturday","14:10","Зала11","Cinema City - Paradice Center","CinemaCity"
"Островът на забравата","2026-10-10T02:20:00","10.10.2026","Saturday","14:20","Зала10","Cinema City - Paradice Center","CinemaCity"
"Дигър","2026-10-10T02:30:00","10.10.2026","Saturday","14:30","Зала14","Cinema City - Paradice Center","CinemaCity"
"Другата мама","2026-10-10T02:30:00","10.10.2026","Saturday","14:30","Зала8","Cinema City - Paradice Center","CinemaCity"
"Нина Роза","2026-10-10T02:40:00","10.10.2026","Saturday","14:40","Зала7","Cinema City - Paradice Center","CinemaCity"
"Одисея","2026-10-10T02:45:00","10.10.2026","Saturday","14:45","Зала13","Cinema City - Paradice Center","CinemaCity"
"Отмъстителите: Краят – Специално издание","2026-10-10T02:50:00","10.10.2026","Saturday","14:50","Зала2","Cinema City - Paradice Center","CinemaCity"
"Верити","2026-10-10T02:50:00","10.10.2026","Saturday","14:50","Зала3","Cinema City - Paradice Center","CinemaCity"
"Сръдльо","2026-10-10T03:10:00","10.10.2026","Saturday","15:10","Зала5","Cinema City - Paradice Center","CinemaCity"
"Сърцето на звяра","2026-10-10T03:20:00","10.10.2026","Saturday","15:20","Зала6","Cinema City - Paradice Center","CinemaCity"
"Заразно зло","2026-10-10T03:30:00","10.10.2026","Saturday","15:30","Зала4","Cinema City - Paradice Center","CinemaCity"
"Спайдър-мен: Нов ден","2026-10-10T03:50:00","10.10.2026","Saturday","15:50","Зала9","Cinema City - Paradice Center","CinemaCity"
"Миньони & чудовища","2026-10-10T04:00:00","10.10.2026","Saturday","16:00","Зала12","Cinema City - Paradice Center","CinemaCity"
"Другата мама","2026-10-10T04:10:00","10.10.2026","Saturday","16:10","Зала1","Cinema City - Paradice Center","CinemaCity"
"КОЙОТА срещу АКМЕ","2026-10-10T04:30:00","10.10.2026","Saturday","16:30","Зала11","Cinema City - Paradice Center","CinemaCity"
"Отмъстителите: Краят – Специално издание","2026-10-10T04:30:00","10.10.2026","Saturday","16:30","Зала8","Cinema City - Paradice Center","CinemaCity"
"Островът на забравата","2026-10-10T04:40:00","10.10.2026","Saturday","16:40","Зала10","Cinema City - Paradice Center","CinemaCity"
"Нина Роза","2026-10-10T05:00:00","10.10.2026","Saturday","17:00","Зала7","Cinema City - Paradice Center","CinemaCity"
"Зооекспрес","2026-10-10T05:10:00","10.10.2026","Saturday","17:10","Зала14","Cinema City - Paradice Center","CinemaCity"
"Сръдльо","2026-10-10T05:15:00","10.10.2026","Saturday","17:15","Зала5","Cinema City - Paradice Center","CinemaCity"
"Верити","2026-10-10T05:20:00","10.10.2026","Saturday","17:20","Зала3","Cinema City - Paradice Center","CinemaCity"
"Заразно зло","2026-10-10T05:30:00","10.10.2026","Saturday","17:30","Зала4","Cinema City - Paradice Center","CinemaCity"
"Сърцето на звяра","2026-10-10T05:30:00","10.10.2026","Saturday","17:30","Зала6","Cinema City - Paradice Center","CinemaCity"
"Не казвай на мама","2026-10-10T06:00:00","10.10.2026","Saturday","18:00","Зала12","Cinema City - Paradice Center","CinemaCity"
"Одисея","2026-10-10T06:10:00","10.10.2026","Saturday","18:10","Зала13","Cinema City - Paradice Center","CinemaCity"
"Другата мама","2026-10-10T06:15:00","10.10.2026","Saturday","18:15","Зала1","Cinema City - Paradice Center","CinemaCity"
"Queen Budapest","2026-10-10T06:30:00","10.10.2026","Saturday","18:30","Зала2","Cinema City - Paradice Center","CinemaCity"
"Верити","2026-10-10T06:45:00","10.10.2026","Saturday","18:45","Зала11","Cinema City - Paradice Center","CinemaCity"
"Сърцето на звяра","2026-10-10T06:50:00","10.10.2026","Saturday","18:50","Зала9","Cinema City - Paradice Center","CinemaCity"
"Островът на забравата","2026-10-10T07:00:00","10.10.2026","Saturday","19:00","Зала10","Cinema City - Paradice Center","CinemaCity"
"Наследникът","2026-10-10T07:10:00","10.10.2026","Saturday","19:10","Зала14","Cinema City - Paradice Center","CinemaCity"
"Сръдльо","2026-10-10T07:20:00","10.10.2026","Saturday","19:20","Зала5","Cinema City - Paradice Center","CinemaCity"
"Нина Роза","2026-10-10T07:30:00","10.10.2026","Saturday","19:30","Зала7","Cinema City - Paradice Center","CinemaCity"
"Заразно зло","2026-10-10T07:40:00","10.10.2026","Saturday","19:40","Зала4","Cinema City - Paradice Center","CinemaCity"
"Сърцето на звяра","2026-10-10T07:45:00","10.10.2026","Saturday","19:45","Зала6","Cinema City - Paradice Center","CinemaCity"
"Верити","2026-10-10T07:50:00","10.10.2026","Saturday","19:50","Зала3","Cinema City - Paradice Center","CinemaCity"
"Другата мама","2026-10-10T08:00:00","10.10.2026","Saturday","20:00","Зала8","Cinema City - Paradice Center","CinemaCity"
"Не казвай на мама","2026-10-10T08:10:00","10.10.2026","Saturday","20:10","Зала12","Cinema City - Paradice Center","CinemaCity"
"Другата мама","2026-10-10T08:20:00","10.10.2026","Saturday","20:20","Зала1","Cinema City - Paradice Center","CinemaCity"
"Отмъстителите: Краят – Специално издание","2026-10-10T08:30:00","10.10.2026","Saturday","20:30","Зала2","Cinema City - Paradice Center","CinemaCity"
"Сърцето на звяра","2026-10-10T09:00:00","10.10.2026","Saturday","21:00","Зала9","Cinema City - Paradice Center","CinemaCity"
"Верити","2026-10-10T09:10:00","10.10.2026","Saturday","21:10","Зала11","Cinema City - Paradice Center","CinemaCity"
"Спайдър-мен: Нов ден","2026-10-10T09:20:00","10.10.2026","Saturday","21:20","Зала5","Cinema City - Paradice Center","CinemaCity"
"Дигър","2026-10-10T09:20:00","10.10.2026","Saturday","21:20","Зала10","Cinema City - Paradice Center","CinemaCity"
"Одисея","2026-10-10T09:30:00","10.10.2026","Saturday","21:30","Зала13","Cinema City - Paradice Center","CinemaCity"
"Паяци","2026-10-10T09:40:00","10.10.2026","Saturday","21:40","Зала14","Cinema City - Paradice Center","CinemaCity"
"Заразно зло","2026-10-10T09:45:00","10.10.2026","Saturday","21:45","Зала4","Cinema City - Paradice Center","CinemaCity"
"Нина Роза","2026-10-10T09:50:00","10.10.2026","Saturday","21:50","Зала7","Cinema City - Paradice Center","CinemaCity"
"Сърцето на звяра","2026-10-10T10:00:00","10.10.2026","Saturday","22:00","Зала6","Cinema City - Paradice Center","CinemaCity"
"Другата мама","2026-10-10T10:00:00","10.10.2026","Saturday","22:00","Зала8","Cinema City - Paradice Center","CinemaCity"
"Верити","2026-10-10T10:15:00","10.10.2026","Saturday","22:15","Зала3","Cinema City - Paradice Center","CinemaCity"
"Не казвай на мама","2026-10-10T10:20:00","10.10.2026","Saturday","22:20","Зала12","Cinema City - Paradice Center","CinemaCity"
"Другата мама","2026-10-10T10:30:00","10.10.2026","Saturday","22:30","Зала1","Cinema City - Paradice Center","CinemaCity"
"МИНЬОНИ И ЧУДОВИЩА","2026-10-10T10:15:00","10.10.2026","Saturday","10:15","Зала 1","CineGrand - Park Center","CineGrand"
"ЗООЕКСПРЕС","2026-10-10T10:30:00","10.10.2026","Saturday","10:30","Зала 2","CineGrand - Park Center","CineGrand"
"ПЕС ПАТРУЛ: ДИНО ФИЛМЪТ","2026-10-10T11:00:00","10.10.2026","Saturday","11:00","Зала 4","CineGrand - Park Center","CineGrand"
"КОЛИТЕ","2026-10-10T11:10:00","10.10.2026","Saturday","11:10","Зала 5","CineGrand - Park Center","CineGrand"
"ОСТРОВЪТ НА ЗАБРАВАТА","2026-10-10T11:15:00","10.10.2026","Saturday","11:15","Зала 3","CineGrand - Park Center","CineGrand"
"СРЪДЛЬО","2026-10-10T11:30:00","10.10.2026","Saturday","11:30","Зала 6","CineGrand - Park Center","CineGrand"
"ВЕРИТИ","2026-10-10T01:15:00","10.10.2026","Saturday","13:15","Зала 4","CineGrand - Park Center","CineGrand"
"СЪРЦЕТО НА ЗВЯРА","2026-10-10T01:40:00","10.10.2026","Saturday","13:40","Зала 5","CineGrand - Park Center","CineGrand"
"НЕ КАЗВАЙ НА МАМА","2026-10-10T02:15:00","10.10.2026","Saturday","14:15","Зала 1","CineGrand - Park Center","CineGrand"
"ОТМЪСТИТЕЛИТЕ: КРАЯТ – СПЕЦИАЛНО ИЗДАНИЕ","2026-10-10T04:00:00","10.10.2026","Saturday","16:00","Зала 5","CineGrand - Park Center","CineGrand"
"ДРУГАТА МАМА","2026-10-10T04:15:00","10.10.2026","Saturday","16:15","Зала 3","CineGrand - Park Center","CineGrand"
"НИНА РОЗА","2026-10-10T05:00:00","10.10.2026","Saturday","17:00","Зала 2","CineGrand - Park Center","CineGrand"
"ОДИСЕЯ","2026-10-10T09:30:00","10.10.2026","Saturday","21:30","Зала 6","CineGrand - Park Center","CineGrand"
"ДИГЪР","2026-10-10T09:45:00","10.10.2026","Saturday","21:45","Зала 2","CineGrand - Park Center","CineGrand"
"ПЕС ПАТРУЛ: ДИНО ФИЛМЪТ","2026-10-10T10:00:00","10.10.2026","Saturday","10:00","Зала 4","CineGrand - Sofia Ring Mall","CineGrand"
"ОСТРОВЪТ НА ЗАБРАВАТА","2026-10-10T10:10:00","10.10.2026","Saturday","10:10","Зала 3","CineGrand - Sofia Ring Mall","CineGrand"
"СРЪДЛЬО","2026-10-10T10:15:00","10.10.2026","Saturday","10:15","Зала 2","CineGrand - Sofia Ring Mall","CineGrand"
"ЗООЕКСПРЕС","2026-10-10T10:20:00","10.10.2026","Saturday","10:20","Зала 7","CineGrand - Sofia Ring Mall","CineGrand"
"ТАЙНИЯТ СВЯТ НА ФИНИК 2","2026-10-10T10:20:00","10.10.2026","Saturday","10:20","TSAR Зала 6","CineGrand - Sofia Ring Mall","CineGrand"
"КОЛИТЕ","2026-10-10T10:30:00","10.10.2026","Saturday","10:30","Зала 10","CineGrand - Sofia Ring Mall","CineGrand"
"НИНА РОЗА","2026-10-10T11:00:00","10.10.2026","Saturday","11:00","TSAR Зала 5","CineGrand - Sofia Ring Mall","CineGrand"
"МИНЬОНИ И ЧУДОВИЩА","2026-10-10T11:10:00","10.10.2026","Saturday","11:10","Зала 8","CineGrand - Sofia Ring Mall","CineGrand"
"КОЙОТА СРЕЩУ АКМЕ","2026-10-10T11:20:00","10.10.2026","Saturday","11:20","Зала 9","CineGrand - Sofia Ring Mall","CineGrand"
"СЪРЦЕТО НА ЗВЯРА","2026-10-10T01:00:00","10.10.2026","Saturday","13:00","Зала 10","CineGrand - Sofia Ring Mall","CineGrand"
"СПАЙДЪР-МЕН: НОВ ДЕН","2026-10-10T01:20:00","10.10.2026","Saturday","13:20","TSAR Зала 5","CineGrand - Sofia Ring Mall","CineGrand"
"ДРУГАТА МАМА","2026-10-10T01:50:00","10.10.2026","Saturday","13:50","Зала 9","CineGrand - Sofia Ring Mall","CineGrand"
"НЕ КАЗВАЙ НА МАМА","2026-10-10T02:10:00","10.10.2026","Saturday","14:10","Зала 4","CineGrand - Sofia Ring Mall","CineGrand"
"ВЕРИТИ","2026-10-10T03:10:00","10.10.2026","Saturday","15:10","Зала 8","CineGrand - Sofia Ring Mall","CineGrand"
"ЗАРАЗНО ЗЛО ","2026-10-10T05:15:00","10.10.2026","Saturday","17:15","Зала 1","CineGrand - Sofia Ring Mall","CineGrand"
"ОТМЪСТИТЕЛИТЕ: КРАЯТ – СПЕЦИАЛНО ИЗДАНИЕ","2026-10-10T07:45:00","10.10.2026","Saturday","19:45","Зала 3","CineGrand - Sofia Ring Mall","CineGrand"
"ДИГЪР","2026-10-10T08:15:00","10.10.2026","Saturday","20:15","Зала 2","CineGrand - Sofia Ring Mall","CineGrand"
"ОДИСЕЯ","2026-10-10T09:00:00","10.10.2026","Saturday","21:00","TSAR Зала 5","CineGrand - Sofia Ring Mall","CineGrand"
"ПАЯЦИ","2026-10-10T10:20:00","10.10.2026","Saturday","22:20","Зала 1","CineGrand - Sofia Ring Mall","CineGrand"
"КОВАРЕН КАПАН: БЯГСТВО ОТ ОТВЪДНОТО","2026-10-10T11:00:00","10.10.2026","Saturday","23:00","Зала 2","CineGrand - Sofia Ring Mall","CineGrand"
"Играта на играчките 5","2026-10-10T11:45:00","10.10.2026","Saturday","11:45","Digital; Dubbed; LUXE","Kino Arena - The Mall","KinoArena"
"Миньони &amp; чудовища","2026-10-10T11:20:00","10.10.2026","Saturday","11:20","Digital; Dubbed; LUXE","Kino Arena - The Mall","KinoArena"
"Миньони &amp; чудовища","2026-10-10T01:10:00","10.10.2026","Saturday","13:10","Digital; Dubbed; LUXE","Kino Arena - The Mall","KinoArena"
"Одисея","2026-10-10T08:20:00","10.10.2026","Saturday","20:20","BG Subtitles; Digital; LUXE","Kino Arena - The Mall","KinoArena"
"Спайдър-мен: Нов ден","2026-10-10T05:20:00","10.10.2026","Saturday","17:20","3D Digital; BG Subtitles; LUXE","Kino Arena - The Mall","KinoArena"
"Пес Патрул: Дино Филмът","2026-10-10T12:30:00","10.10.2026","Saturday","12:30","Digital; Dubbed; LUXE","Kino Arena - The Mall","KinoArena"
"Пес Патрул: Дино Филмът","2026-10-10T03:50:00","10.10.2026","Saturday","15:50","Digital; Dubbed; LUXE","Kino Arena - The Mall","KinoArena"
"Бунтовникът","2026-10-10T08:45:00","10.10.2026","Saturday","20:45","BG Subtitles; Digital; LUXE","Kino Arena - The Mall","KinoArena"
"Коварен капан: Бягство от отвъдното","2026-10-10T10:30:00","10.10.2026","Saturday","22:30","BG Subtitles; Digital; LUXE","Kino Arena - The Mall","KinoArena"
"Койота срещу Акме","2026-10-10T12:50:00","10.10.2026","Saturday","12:50","Digital; Dubbed; LUXE","Kino Arena - The Mall","KinoArena"
"Падане 2","2026-10-10T07:50:00","10.10.2026","Saturday","19:50","BG Subtitles; Digital; LUXE","Kino Arena - The Mall","KinoArena"
"Падане 2","2026-10-10T09:50:00","10.10.2026","Saturday","21:50","BG Subtitles; Digital; LUXE","Kino Arena - The Mall","KinoArena"
"Приложна магия 2","2026-10-10T05:50:00","10.10.2026","Saturday","17:50","BG Subtitles; Digital; LUXE","Kino Arena - The Mall","KinoArena"
"Наследникът","2026-10-10T03:10:00","10.10.2026","Saturday","15:10","Digital; Dubbed; LUXE","Kino Arena - The Mall","KinoArena"
"Заразно зло","2026-10-10T02:00:00","10.10.2026","Saturday","14:00","BG Subtitles; Digital; LUXE","Kino Arena - The Mall","KinoArena"
"Заразно зло","2026-10-10T08:30:00","10.10.2026","Saturday","20:30","BG Subtitles; Digital; LUXE","Kino Arena - The Mall","KinoArena"
"Заразно зло","2026-10-10T10:40:00","10.10.2026","Saturday","22:40","BG Subtitles; Digital; LUXE","Kino Arena - The Mall","KinoArena"
"Сърцето на звяра","2026-10-10T02:20:00","10.10.2026","Saturday","14:20","BG Subtitles; Digital; LUXE","Kino Arena - The Mall","KinoArena"
"Сърцето на звяра","2026-10-10T05:40:00","10.10.2026","Saturday","17:40","BG Subtitles; Digital; LUXE","Kino Arena - The Mall","KinoArena"
"Сърцето на звяра","2026-10-10T08:10:00","10.10.2026","Saturday","20:10","BG Subtitles; Digital; LUXE","Kino Arena - The Mall","KinoArena"
"Сърцето на звяра","2026-10-10T10:20:00","10.10.2026","Saturday","22:20","BG Subtitles; Digital; LUXE","Kino Arena - The Mall","KinoArena"
"Островът на забравата","2026-10-10T11:15:00","10.10.2026","Saturday","11:15","Digital; Dubbed; LUXE","Kino Arena - The Mall","KinoArena"
"Островът на забравата","2026-10-10T01:30:00","10.10.2026","Saturday","13:30","Digital; Dubbed; LUXE","Kino Arena - The Mall","KinoArena"
"Островът на забравата","2026-10-10T04:20:00","10.10.2026","Saturday","16:20","Digital; Dubbed; LUXE","Kino Arena - The Mall","KinoArena"
"Отмъстителите: Краят – Специално издание","2026-10-10T01:50:00","10.10.2026","Saturday","13:50","3D Digital; BG Subtitles; LUXE","Kino Arena - The Mall","KinoArena"
"Отмъстителите: Краят – Специално издание","2026-10-10T06:30:00","10.10.2026","Saturday","18:30","3D Digital; BG Subtitles; LUXE","Kino Arena - The Mall","KinoArena"
"Верити","2026-10-10T12:20:00","10.10.2026","Saturday","12:20","BG Subtitles; Digital; LUXE","Kino Arena - The Mall","KinoArena"
"Верити","2026-10-10T02:40:00","10.10.2026","Saturday","14:40","BG Subtitles; Digital; LUXE","Kino Arena - The Mall","KinoArena"
"Верити","2026-10-10T05:00:00","10.10.2026","Saturday","17:00","BG Subtitles; Digital; LUXE","Kino Arena - The Mall","KinoArena"
"Верити","2026-10-10T07:15:00","10.10.2026","Saturday","19:15","BG Subtitles; Digital; LUXE","Kino Arena - The Mall","KinoArena"
"Верити","2026-10-10T09:30:00","10.10.2026","Saturday","21:30","BG Subtitles; Digital; LUXE","Kino Arena - The Mall","KinoArena"
"Дигър","2026-10-10T02:10:00","10.10.2026","Saturday","14:10","BG Subtitles; Digital; LUXE","Kino Arena - The Mall","KinoArena"
"Дигър","2026-10-10T06:40:00","10.10.2026","Saturday","18:40","BG Subtitles; Digital; LUXE","Kino Arena - The Mall","KinoArena"
"Дигър","2026-10-10T09:10:00","10.10.2026","Saturday","21:10","BG Subtitles; Digital; LUXE","Kino Arena - The Mall","KinoArena"
"Зооекспрес","2026-10-10T11:00:00","10.10.2026","Saturday","11:00","Digital; Dubbed; LUXE","Kino Arena - The Mall","KinoArena"
"Зооекспрес","2026-10-10T02:30:00","10.10.2026","Saturday","14:30","Digital; Dubbed; LUXE","Kino Arena - The Mall","KinoArena"
"Зооекспрес","2026-10-10T04:30:00","10.10.2026","Saturday","16:30","Digital; Dubbed; LUXE","Kino Arena - The Mall","KinoArena"
"Зооекспрес","2026-10-10T06:20:00","10.10.2026","Saturday","18:20","Digital; Dubbed; LUXE","Kino Arena - The Mall","KinoArena"
"Паяци","2026-10-10T04:40:00","10.10.2026","Saturday","16:40","Digital; LUXE","Kino Arena - The Mall","KinoArena"
"Паяци","2026-10-10T09:40:00","10.10.2026","Saturday","21:40","Digital; LUXE","Kino Arena - The Mall","KinoArena"
"Другата мама","2026-10-10T12:10:00","10.10.2026","Saturday","12:10","BG Subtitles; Digital; LUXE","Kino Arena - The Mall","KinoArena"
"Другата мама","2026-10-10T04:00:00","10.10.2026","Saturday","16:00","BG Subtitles; Digital; LUXE","Kino Arena - The Mall","KinoArena"
"Другата мама","2026-10-10T06:00:00","10.10.2026","Saturday","18:00","BG Subtitles; Digital; LUXE","Kino Arena - The Mall","KinoArena"
"Другата мама","2026-10-10T08:00:00","10.10.2026","Saturday","20:00","BG Subtitles; Digital; LUXE","Kino Arena - The Mall","KinoArena"
"Другата мама","2026-10-10T10:10:00","10.10.2026","Saturday","22:10","BG Subtitles; Digital; LUXE","Kino Arena - The Mall","KinoArena"
"НЕ КАЗВАЙ НА МАМА","2026-10-10T12:00:00","10.10.2026","Saturday","12:00","BG Subtitles; Digital; LUXE","Kino Arena - The Mall","KinoArena"
"НЕ КАЗВАЙ НА МАМА","2026-10-10T02:50:00","10.10.2026","Saturday","14:50","BG Subtitles; Digital; LUXE","Kino Arena - The Mall","KinoArena"
"НЕ КАЗВАЙ НА МАМА","2026-10-10T06:50:00","10.10.2026","Saturday","18:50","BG Subtitles; Digital; LUXE","Kino Arena - The Mall","KinoArena"
"НЕ КАЗВАЙ НА МАМА","2026-10-10T10:00:00","10.10.2026","Saturday","22:00","BG Subtitles; Digital; LUXE","Kino Arena - The Mall","KinoArena"
"Нина Роза","2026-10-10T12:15:00","10.10.2026","Saturday","12:15","BG Subtitles; Digital; LUXE","Kino Arena - The Mall","KinoArena"
"Нина Роза","2026-10-10T04:50:00","10.10.2026","Saturday","16:50","BG Subtitles; Digital; LUXE","Kino Arena - The Mall","KinoArena"
"Нина Роза","2026-10-10T07:30:00","10.10.2026","Saturday","19:30","BG Subtitles; Digital; LUXE","Kino Arena - The Mall","KinoArena"
"СРЪДЛЬО","2026-10-10T11:10:00","10.10.2026","Saturday","11:10","Digital; Dubbed; LUXE","Kino Arena - The Mall","KinoArena"
"СРЪДЛЬО","2026-10-10T01:20:00","10.10.2026","Saturday","13:20","Digital; Dubbed; LUXE","Kino Arena - The Mall","KinoArena"
"СРЪДЛЬО","2026-10-10T03:30:00","10.10.2026","Saturday","15:30","Digital; Dubbed; LUXE","Kino Arena - The Mall","KinoArena"
"СРЪДЛЬО","2026-10-10T05:30:00","10.10.2026","Saturday","17:30","Digital; Dubbed; LUXE","Kino Arena - The Mall","KinoArena"
"Играта на играчките 5","2026-10-10T11:45:00","10.10.2026","Saturday","11:45","Digital; Dubbed; LUXE","Kino Arena - West Mall","KinoArena"
"Миньони &amp; чудовища","2026-10-10T11:20:00","10.10.2026","Saturday","11:20","Digital; Dubbed; LUXE","Kino Arena - West Mall","KinoArena"
"Миньони &amp; чудовища","2026-10-10T01:10:00","10.10.2026","Saturday","13:10","Digital; Dubbed; LUXE","Kino Arena - West Mall","KinoArena"
"Одисея","2026-10-10T08:20:00","10.10.2026","Saturday","20:20","BG Subtitles; Digital; LUXE","Kino Arena - West Mall","KinoArena"
"Спайдър-мен: Нов ден","2026-10-10T05:20:00","10.10.2026","Saturday","17:20","3D Digital; BG Subtitles; LUXE","Kino Arena - West Mall","KinoArena"
"Пес Патрул: Дино Филмът","2026-10-10T12:30:00","10.10.2026","Saturday","12:30","Digital; Dubbed; LUXE","Kino Arena - West Mall","KinoArena"
"Пес Патрул: Дино Филмът","2026-10-10T03:50:00","10.10.2026","Saturday","15:50","Digital; Dubbed; LUXE","Kino Arena - West Mall","KinoArena"
"Бунтовникът","2026-10-10T08:45:00","10.10.2026","Saturday","20:45","BG Subtitles; Digital; LUXE","Kino Arena - West Mall","KinoArena"
"Коварен капан: Бягство от отвъдното","2026-10-10T10:30:00","10.10.2026","Saturday","22:30","BG Subtitles; Digital; LUXE","Kino Arena - West Mall","KinoArena"
"Койота срещу Акме","2026-10-10T12:50:00","10.10.2026","Saturday","12:50","Digital; Dubbed; LUXE","Kino Arena - West Mall","KinoArena"
"Падане 2","2026-10-10T07:50:00","10.10.2026","Saturday","19:50","BG Subtitles; Digital; LUXE","Kino Arena - West Mall","KinoArena"
"Приложна магия 2","2026-10-10T05:50:00","10.10.2026","Saturday","17:50","BG Subtitles; Digital; LUXE","Kino Arena - West Mall","KinoArena"
"Наследникът","2026-10-10T03:10:00","10.10.2026","Saturday","15:10","Digital; Dubbed; LUXE","Kino Arena - West Mall","KinoArena"
"Наследникът","2026-10-10T09:50:00","10.10.2026","Saturday","21:50","Digital; Dubbed; LUXE","Kino Arena - West Mall","KinoArena"
"Заразно зло","2026-10-10T02:00:00","10.10.2026","Saturday","14:00","BG Subtitles; Digital; LUXE","Kino Arena - West Mall","KinoArena"
"Заразно зло","2026-10-10T08:30:00","10.10.2026","Saturday","20:30","BG Subtitles; Digital; LUXE","Kino Arena - West Mall","KinoArena"
"Заразно зло","2026-10-10T10:40:00","10.10.2026","Saturday","22:40","BG Subtitles; Digital; LUXE","Kino Arena - West Mall","KinoArena"
"Сърцето на звяра","2026-10-10T02:20:00","10.10.2026","Saturday","14:20","BG Subtitles; Digital; LUXE","Kino Arena - West Mall","KinoArena"
"Сърцето на звяра","2026-10-10T05:40:00","10.10.2026","Saturday","17:40","BG Subtitles; Digital; LUXE","Kino Arena - West Mall","KinoArena"
"Сърцето на звяра","2026-10-10T08:10:00","10.10.2026","Saturday","20:10","BG Subtitles; Digital; LUXE","Kino Arena - West Mall","KinoArena"
"Сърцето на звяра","2026-10-10T10:20:00","10.10.2026","Saturday","22:20","BG Subtitles; Digital; LUXE","Kino Arena - West Mall","KinoArena"
"Островът на забравата","2026-10-10T11:15:00","10.10.2026","Saturday","11:15","Digital; Dubbed; LUXE","Kino Arena - West Mall","KinoArena"
"Островът на забравата","2026-10-10T01:30:00","10.10.2026","Saturday","13:30","Digital; Dubbed; LUXE","Kino Arena - West Mall","KinoArena"
"Островът на забравата","2026-10-10T04:20:00","10.10.2026","Saturday","16:20","Digital; Dubbed; LUXE","Kino Arena - West Mall","KinoArena"
"Отмъстителите: Краят – Специално издание","2026-10-10T01:50:00","10.10.2026","Saturday","13:50","3D Digital; BG Subtitles; LUXE","Kino Arena - West Mall","KinoArena"
"Отмъстителите: Краят – Специално издание","2026-10-10T06:30:00","10.10.2026","Saturday","18:30","3D Digital; BG Subtitles; LUXE","Kino Arena - West Mall","KinoArena"
"Верити","2026-10-10T12:20:00","10.10.2026","Saturday","12:20","BG Subtitles; Digital; LUXE","Kino Arena - West Mall","KinoArena"
"Верити","2026-10-10T02:40:00","10.10.2026","Saturday","14:40","BG Subtitles; Digital; LUXE","Kino Arena - West Mall","KinoArena"
"Верити","2026-10-10T05:00:00","10.10.2026","Saturday","17:00","BG Subtitles; Digital; LUXE","Kino Arena - West Mall","KinoArena"
"Верити","2026-10-10T07:10:00","10.10.2026","Saturday","19:10","BG Subtitles; Digital; LUXE","Kino Arena - West Mall","KinoArena"
"Верити","2026-10-10T09:30:00","10.10.2026","Saturday","21:30","BG Subtitles; Digital; LUXE","Kino Arena - West Mall","KinoArena"
"Дигър","2026-10-10T02:10:00","10.10.2026","Saturday","14:10","BG Subtitles; Digital; LUXE","Kino Arena - West Mall","KinoArena"
"Дигър","2026-10-10T06:40:00","10.10.2026","Saturday","18:40","BG Subtitles; Digital; LUXE","Kino Arena - West Mall","KinoArena"
"Дигър","2026-10-10T09:10:00","10.10.2026","Saturday","21:10","BG Subtitles; Digital; LUXE","Kino Arena - West Mall","KinoArena"
"Зооекспрес","2026-10-10T11:00:00","10.10.2026","Saturday","11:00","Digital; Dubbed; LUXE","Kino Arena - West Mall","KinoArena"
"Зооекспрес","2026-10-10T02:30:00","10.10.2026","Saturday","14:30","Digital; Dubbed; LUXE","Kino Arena - West Mall","KinoArena"
"Зооекспрес","2026-10-10T04:30:00","10.10.2026","Saturday","16:30","Digital; Dubbed; LUXE","Kino Arena - West Mall","KinoArena"
"Зооекспрес","2026-10-10T06:20:00","10.10.2026","Saturday","18:20","Digital; Dubbed; LUXE","Kino Arena - West Mall","KinoArena"
"Паяци","2026-10-10T04:40:00","10.10.2026","Saturday","16:40","Digital; LUXE","Kino Arena - West Mall","KinoArena"
"Паяци","2026-10-10T09:40:00","10.10.2026","Saturday","21:40","Digital; LUXE","Kino Arena - West Mall","KinoArena"
"Другата мама","2026-10-10T12:10:00","10.10.2026","Saturday","12:10","BG Subtitles; Digital; LUXE","Kino Arena - West Mall","KinoArena"
"Другата мама","2026-10-10T04:00:00","10.10.2026","Saturday","16:00","BG Subtitles; Digital; LUXE","Kino Arena - West Mall","KinoArena"
"Другата мама","2026-10-10T06:00:00","10.10.2026","Saturday","18:00","BG Subtitles; Digital; LUXE","Kino Arena - West Mall","KinoArena"
"Другата мама","2026-10-10T08:00:00","10.10.2026","Saturday","20:00","BG Subtitles; Digital; LUXE","Kino Arena - West Mall","KinoArena"
"Другата мама","2026-10-10T10:10:00","10.10.2026","Saturday","22:10","BG Subtitles; Digital; LUXE","Kino Arena - West Mall","KinoArena"
"НЕ КАЗВАЙ НА МАМА","2026-10-10T12:00:00","10.10.2026","Saturday","12:00","BG Subtitles; Digital; LUXE","Kino Arena - West Mall","KinoArena"
"НЕ КАЗВАЙ НА МАМА","2026-10-10T02:50:00","10.10.2026","Saturday","14:50","BG Subtitles; Digital; LUXE","Kino Arena - West Mall","KinoArena"
"НЕ КАЗВАЙ НА МАМА","2026-10-10T06:50:00","10.10.2026","Saturday","18:50","BG Subtitles; Digital; LUXE","Kino Arena - West Mall","KinoArena"
"НЕ КАЗВАЙ НА МАМА","2026-10-10T10:00:00","10.10.2026","Saturday","22:00","BG Subtitles; Digital; LUXE","Kino Arena - West Mall","KinoArena"
"Нина Роза","2026-10-10T12:15:00","10.10.2026","Saturday","12:15","BG Subtitles; Digital; LUXE","Kino Arena - West Mall","KinoArena"
"Нина Роза","2026-10-10T04:50:00","10.10.2026","Saturday","16:50","BG Subtitles; Digital; LUXE","Kino Arena - West Mall","KinoArena"
"Нина Роза","2026-10-10T07:30:00","10.10.2026","Saturday","19:30","BG Subtitles; Digital; LUXE","Kino Arena - West Mall","KinoArena"
"СРЪДЛЬО","2026-10-10T11:10:00","10.10.2026","Saturday","11:10","Digital; Dubbed; LUXE","Kino Arena - West Mall","KinoArena"
"СРЪДЛЬО","2026-10-10T01:20:00","10.10.2026","Saturday","13:20","Digital; Dubbed; LUXE","Kino Arena - West Mall","KinoArena"
"СРЪДЛЬО","2026-10-10T03:30:00","10.10.2026","Saturday","15:30","Digital; Dubbed; LUXE","Kino Arena - West Mall","KinoArena"
"СРЪДЛЬО","2026-10-10T05:30:00","10.10.2026","Saturday","17:30","Digital; Dubbed; LUXE","Kino Arena - West Mall","KinoArena"
"Сръдльо","2026-10-11T11:00:00","11.10.2026","Sunday","11:00","Зала9","Cinema City - Mall Of Sofia","CinemaCity"
"КОЙОТА срещу АКМЕ","2026-10-11T11:00:00","11.10.2026","Sunday","11:00","Зала11","Cinema City - Mall Of Sofia","CinemaCity"
"Одисея","2026-10-11T11:00:00","11.10.2026","Sunday","11:00","IMAX","Cinema City - Mall Of Sofia","CinemaCity"
"Миньони & чудовища","2026-10-11T11:10:00","11.10.2026","Sunday","11:10","Зала10","Cinema City - Mall Of Sofia","CinemaCity"
"Тайният свят на Финик 2","2026-10-11T11:15:00","11.10.2026","Sunday","11:15","Зала6","Cinema City - Mall Of Sofia","CinemaCity"
"Пес Патрул: Дино филмът","2026-10-11T11:20:00","11.10.2026","Sunday","11:20","Зала1","Cinema City - Mall Of Sofia","CinemaCity"
"Спайдър-мен: Нов ден","2026-10-11T11:45:00","11.10.2026","Sunday","11:45","Зала8","Cinema City - Mall Of Sofia","CinemaCity"
"Островът на забравата","2026-10-11T11:50:00","11.10.2026","Sunday","11:50","Зала4","Cinema City - Mall Of Sofia","CinemaCity"
"Сръдльо","2026-10-11T12:00:00","11.10.2026","Sunday","12:00","Зала2","Cinema City - Mall Of Sofia","CinemaCity"
"Другата мама","2026-10-11T12:10:00","11.10.2026","Sunday","12:10","Зала7","Cinema City - Mall Of Sofia","CinemaCity"
"Зооекспрес","2026-10-11T12:20:00","11.10.2026","Sunday","12:20","Зала5","Cinema City - Mall Of Sofia","CinemaCity"
"Нина Роза","2026-10-11T12:30:00","11.10.2026","Sunday","12:30","Зала3","Cinema City - Mall Of Sofia","CinemaCity"
"Сърцето на звяра","2026-10-11T01:00:00","11.10.2026","Sunday","13:00","Зала12","Cinema City - Mall Of Sofia","CinemaCity"
"Сръдльо","2026-10-11T01:10:00","11.10.2026","Sunday","13:10","Зала9","Cinema City - Mall Of Sofia","CinemaCity"
"Дигър","2026-10-11T01:10:00","11.10.2026","Sunday","13:10","Зала10","Cinema City - Mall Of Sofia","CinemaCity"
"КОЙОТА срещу АКМЕ","2026-10-11T01:20:00","11.10.2026","Sunday","13:20","Зала11","Cinema City - Mall Of Sofia","CinemaCity"
"Пес Патрул: Дино филмът","2026-10-11T01:20:00","11.10.2026","Sunday","13:20","Зала1","Cinema City - Mall Of Sofia","CinemaCity"
"Не казвай на мама","2026-10-11T01:20:00","11.10.2026","Sunday","13:20","Зала6","Cinema City - Mall Of Sofia","CinemaCity"
"Сръдльо","2026-10-11T02:00:00","11.10.2026","Sunday","14:00","Зала2","Cinema City - Mall Of Sofia","CinemaCity"
"Другата мама","2026-10-11T02:10:00","11.10.2026","Sunday","14:10","Зала7","Cinema City - Mall Of Sofia","CinemaCity"
"Островът на забравата","2026-10-11T02:15:00","11.10.2026","Sunday","14:15","Зала4","Cinema City - Mall Of Sofia","CinemaCity"
"Отмъстителите: Краят – Специално издание","2026-10-11T02:20:00","11.10.2026","Sunday","14:20","IMAX","Cinema City - Mall Of Sofia","CinemaCity"
"Зооекспрес","2026-10-11T02:30:00","11.10.2026","Sunday","14:30","Зала5","Cinema City - Mall Of Sofia","CinemaCity"
"Нина Роза","2026-10-11T02:45:00","11.10.2026","Sunday","14:45","Зала3","Cinema City - Mall Of Sofia","CinemaCity"
"Верити","2026-10-11T02:50:00","11.10.2026","Sunday","14:50","Зала8","Cinema City - Mall Of Sofia","CinemaCity"
"Сърцето на звяра","2026-10-11T03:10:00","11.10.2026","Sunday","15:10","Зала12","Cinema City - Mall Of Sofia","CinemaCity"
"Одисея","2026-10-11T03:20:00","11.10.2026","Sunday","15:20","Зала1","Cinema City - Mall Of Sofia","CinemaCity"
"Сръдльо","2026-10-11T03:30:00","11.10.2026","Sunday","15:30","Зала9","Cinema City - Mall Of Sofia","CinemaCity"
"Заразно зло","2026-10-11T03:30:00","11.10.2026","Sunday","15:30","Зала6","Cinema City - Mall Of Sofia","CinemaCity"
"Отмъстителите: Краят – Специално издание","2026-10-11T03:40:00","11.10.2026","Sunday","15:40","Зала11","Cinema City - Mall Of Sofia","CinemaCity"
"Спайдър-мен: Нов ден","2026-10-11T03:50:00","11.10.2026","Sunday","15:50","Зала10","Cinema City - Mall Of Sofia","CinemaCity"
"Пес Патрул: Дино филмът","2026-10-11T04:00:00","11.10.2026","Sunday","16:00","Зала2","Cinema City - Mall Of Sofia","CinemaCity"
"Другата мама","2026-10-11T04:10:00","11.10.2026","Sunday","16:10","Зала7","Cinema City - Mall Of Sofia","CinemaCity"
"Зооекспрес","2026-10-11T04:30:00","11.10.2026","Sunday","16:30","Зала5","Cinema City - Mall Of Sofia","CinemaCity"
"Островът на забравата","2026-10-11T04:40:00","11.10.2026","Sunday","16:40","Зала4","Cinema City - Mall Of Sofia","CinemaCity"
"Нина Роза","2026-10-11T05:00:00","11.10.2026","Sunday","17:00","Зала3","Cinema City - Mall Of Sofia","CinemaCity"
"Верити","2026-10-11T05:10:00","11.10.2026","Sunday","17:10","Зала8","Cinema City - Mall Of Sofia","CinemaCity"
"Сърцето на звяра","2026-10-11T05:20:00","11.10.2026","Sunday","17:20","Зала12","Cinema City - Mall Of Sofia","CinemaCity"
"Сръдльо","2026-10-11T05:30:00","11.10.2026","Sunday","17:30","Зала9","Cinema City - Mall Of Sofia","CinemaCity"
"Не казвай на мама","2026-10-11T05:40:00","11.10.2026","Sunday","17:40","Зала6","Cinema City - Mall Of Sofia","CinemaCity"
"КОЙОТА срещу АКМЕ","2026-10-11T06:00:00","11.10.2026","Sunday","18:00","Зала2","Cinema City - Mall Of Sofia","CinemaCity"
"Одисея","2026-10-11T06:00:00","11.10.2026","Sunday","18:00","IMAX","Cinema City - Mall Of Sofia","CinemaCity"
"Другата мама","2026-10-11T06:15:00","11.10.2026","Sunday","18:15","Зала7","Cinema City - Mall Of Sofia","CinemaCity"
"Зооекспрес","2026-10-11T06:30:00","11.10.2026","Sunday","18:30","Зала5","Cinema City - Mall Of Sofia","CinemaCity"
"Верити","2026-10-11T06:40:00","11.10.2026","Sunday","18:40","Зала1","Cinema City - Mall Of Sofia","CinemaCity"
"Наследникът","2026-10-11T06:50:00","11.10.2026","Sunday","18:50","Зала10","Cinema City - Mall Of Sofia","CinemaCity"
"Островът на забравата","2026-10-11T07:00:00","11.10.2026","Sunday","19:00","Зала4","Cinema City - Mall Of Sofia","CinemaCity"
"Нина Роза","2026-10-11T07:15:00","11.10.2026","Sunday","19:15","Зала3","Cinema City - Mall Of Sofia","CinemaCity"
"Заразно зло","2026-10-11T07:20:00","11.10.2026","Sunday","19:20","Зала11","Cinema City - Mall Of Sofia","CinemaCity"
"Сръдльо","2026-10-11T07:30:00","11.10.2026","Sunday","19:30","Зала9","Cinema City - Mall Of Sofia","CinemaCity"
"Сърцето на звяра","2026-10-11T07:40:00","11.10.2026","Sunday","19:40","Зала12","Cinema City - Mall Of Sofia","CinemaCity"
"Не казвай на мама","2026-10-11T07:45:00","11.10.2026","Sunday","19:45","Зала6","Cinema City - Mall Of Sofia","CinemaCity"
"Верити","2026-10-11T07:50:00","11.10.2026","Sunday","19:50","Зала8","Cinema City - Mall Of Sofia","CinemaCity"
"Одисея","2026-10-11T08:15:00","11.10.2026","Sunday","20:15","Зала2","Cinema City - Mall Of Sofia","CinemaCity"
"Другата мама","2026-10-11T08:20:00","11.10.2026","Sunday","20:20","Зала7","Cinema City - Mall Of Sofia","CinemaCity"
"Дигър","2026-10-11T08:30:00","11.10.2026","Sunday","20:30","Зала5","Cinema City - Mall Of Sofia","CinemaCity"
"Верити","2026-10-11T09:10:00","11.10.2026","Sunday","21:10","Зала1","Cinema City - Mall Of Sofia","CinemaCity"
"Падане 2: Мъртва точка","2026-10-11T09:15:00","11.10.2026","Sunday","21:15","Зала10","Cinema City - Mall Of Sofia","CinemaCity"
"Паяци","2026-10-11T09:20:00","11.10.2026","Sunday","21:20","Зала4","Cinema City - Mall Of Sofia","CinemaCity"
"Заразно зло","2026-10-11T09:30:00","11.10.2026","Sunday","21:30","Зала11","Cinema City - Mall Of Sofia","CinemaCity"
"Отмъстителите: Краят – Специално издание","2026-10-11T09:30:00","11.10.2026","Sunday","21:30","IMAX","Cinema City - Mall Of Sofia","CinemaCity"
"Куриерът","2026-10-11T09:40:00","11.10.2026","Sunday","21:40","Зала9","Cinema City - Mall Of Sofia","CinemaCity"
"Нина Роза","2026-10-11T09:40:00","11.10.2026","Sunday","21:40","Зала3","Cinema City - Mall Of Sofia","CinemaCity"
"Сърцето на звяра","2026-10-11T09:50:00","11.10.2026","Sunday","21:50","Зала12","Cinema City - Mall Of Sofia","CinemaCity"
"Не казвай на мама","2026-10-11T10:00:00","11.10.2026","Sunday","22:00","Зала6","Cinema City - Mall Of Sofia","CinemaCity"
"Верити","2026-10-11T10:20:00","11.10.2026","Sunday","22:20","Зала8","Cinema City - Mall Of Sofia","CinemaCity"
"Другата мама","2026-10-11T10:30:00","11.10.2026","Sunday","22:30","Зала7","Cinema City - Mall Of Sofia","CinemaCity"
"Сръдльо","2026-10-11T11:00:00","11.10.2026","Sunday","11:00","Зала5","Cinema City - Paradice Center","CinemaCity"
"Отмъстителите: Краят – Специално издание","2026-10-11T11:00:00","11.10.2026","Sunday","11:00","Зала8","Cinema City - Paradice Center","CinemaCity"
"Тайният свят на Финик 2","2026-10-11T11:15:00","11.10.2026","Sunday","11:15","Зала6","Cinema City - Paradice Center","CinemaCity"
"Играта на играчките 5","2026-10-11T11:20:00","11.10.2026","Sunday","11:20","Зала4","Cinema City - Paradice Center","CinemaCity"
"Пес Патрул: Дино филмът","2026-10-11T11:30:00","11.10.2026","Sunday","11:30","Зала12","Cinema City - Paradice Center","CinemaCity"
"Зооекспрес","2026-10-11T11:40:00","11.10.2026","Sunday","11:40","Зала9","Cinema City - Paradice Center","CinemaCity"
"Миньони & чудовища","2026-10-11T11:50:00","11.10.2026","Sunday","11:50","Зала7","Cinema City - Paradice Center","CinemaCity"
"Другата мама","2026-10-11T12:00:00","11.10.2026","Sunday","12:00","Зала2","Cinema City - Paradice Center","CinemaCity"
"Наследникът","2026-10-11T12:00:00","11.10.2026","Sunday","12:00","Зала14","Cinema City - Paradice Center","CinemaCity"
"Островът на забравата","2026-10-11T12:00:00","11.10.2026","Sunday","12:00","Зала10","Cinema City - Paradice Center","CinemaCity"
"Сръдльо","2026-10-11T12:10:00","11.10.2026","Sunday","12:10","Зала11","Cinema City - Paradice Center","CinemaCity"
"Верити","2026-10-11T12:20:00","11.10.2026","Sunday","12:20","Зала3","Cinema City - Paradice Center","CinemaCity"
"Нина Роза","2026-10-11T12:30:00","11.10.2026","Sunday","12:30","Зала1","Cinema City - Paradice Center","CinemaCity"
"КОЙОТА срещу АКМЕ","2026-10-11T12:30:00","11.10.2026","Sunday","12:30","Зала13","Cinema City - Paradice Center","CinemaCity"
"Сръдльо","2026-10-11T01:10:00","11.10.2026","Sunday","13:10","Зала5","Cinema City - Paradice Center","CinemaCity"
"Сърцето на звяра","2026-10-11T01:10:00","11.10.2026","Sunday","13:10","Зала6","Cinema City - Paradice Center","CinemaCity"
"Заразно зло","2026-10-11T01:30:00","11.10.2026","Sunday","13:30","Зала4","Cinema City - Paradice Center","CinemaCity"
"Зооекспрес","2026-10-11T01:40:00","11.10.2026","Sunday","13:40","Зала9","Cinema City - Paradice Center","CinemaCity"
"Не казвай на мама","2026-10-11T01:50:00","11.10.2026","Sunday","13:50","Зала12","Cinema City - Paradice Center","CinemaCity"
"Другата мама","2026-10-11T02:00:00","11.10.2026","Sunday","14:00","Зала2","Cinema City - Paradice Center","CinemaCity"
"Отмъстителите: Краят – Специално издание","2026-10-11T02:00:00","11.10.2026","Sunday","14:00","Зала7","Cinema City - Paradice Center","CinemaCity"
"Сръдльо","2026-10-11T02:10:00","11.10.2026","Sunday","14:10","Зала11","Cinema City - Paradice Center","CinemaCity"
"Островът на забравата","2026-10-11T02:20:00","11.10.2026","Sunday","14:20","Зала10","Cinema City - Paradice Center","CinemaCity"
"Дигър","2026-10-11T02:30:00","11.10.2026","Sunday","14:30","Зала14","Cinema City - Paradice Center","CinemaCity"
"Другата мама","2026-10-11T02:30:00","11.10.2026","Sunday","14:30","Зала8","Cinema City - Paradice Center","CinemaCity"
"Нина Роза","2026-10-11T02:40:00","11.10.2026","Sunday","14:40","Зала1","Cinema City - Paradice Center","CinemaCity"
"Одисея","2026-10-11T02:45:00","11.10.2026","Sunday","14:45","Зала13","Cinema City - Paradice Center","CinemaCity"
"Верити","2026-10-11T02:50:00","11.10.2026","Sunday","14:50","Зала3","Cinema City - Paradice Center","CinemaCity"
"Сръдльо","2026-10-11T03:10:00","11.10.2026","Sunday","15:10","Зала5","Cinema City - Paradice Center","CinemaCity"
"Сърцето на звяра","2026-10-11T03:20:00","11.10.2026","Sunday","15:20","Зала6","Cinema City - Paradice Center","CinemaCity"
"Заразно зло","2026-10-11T03:30:00","11.10.2026","Sunday","15:30","Зала4","Cinema City - Paradice Center","CinemaCity"
"Спайдър-мен: Нов ден","2026-10-11T03:50:00","11.10.2026","Sunday","15:50","Зала9","Cinema City - Paradice Center","CinemaCity"
"Миньони & чудовища","2026-10-11T04:00:00","11.10.2026","Sunday","16:00","Зала12","Cinema City - Paradice Center","CinemaCity"
"Другата мама","2026-10-11T04:10:00","11.10.2026","Sunday","16:10","Зала2","Cinema City - Paradice Center","CinemaCity"
"КОЙОТА срещу АКМЕ","2026-10-11T04:30:00","11.10.2026","Sunday","16:30","Зала11","Cinema City - Paradice Center","CinemaCity"
"Отмъстителите: Краят – Специално издание","2026-10-11T04:30:00","11.10.2026","Sunday","16:30","Зала8","Cinema City - Paradice Center","CinemaCity"
"Островът на забравата","2026-10-11T04:40:00","11.10.2026","Sunday","16:40","Зала10","Cinema City - Paradice Center","CinemaCity"
"Нина Роза","2026-10-11T05:00:00","11.10.2026","Sunday","17:00","Зала1","Cinema City - Paradice Center","CinemaCity"
"Зооекспрес","2026-10-11T05:10:00","11.10.2026","Sunday","17:10","Зала14","Cinema City - Paradice Center","CinemaCity"
"Сръдльо","2026-10-11T05:15:00","11.10.2026","Sunday","17:15","Зала5","Cinema City - Paradice Center","CinemaCity"
"Верити","2026-10-11T05:20:00","11.10.2026","Sunday","17:20","Зала3","Cinema City - Paradice Center","CinemaCity"
"Заразно зло","2026-10-11T05:30:00","11.10.2026","Sunday","17:30","Зала4","Cinema City - Paradice Center","CinemaCity"
"Сърцето на звяра","2026-10-11T05:30:00","11.10.2026","Sunday","17:30","Зала6","Cinema City - Paradice Center","CinemaCity"
"Отмъстителите: Краят – Специално издание","2026-10-11T05:40:00","11.10.2026","Sunday","17:40","Зала7","Cinema City - Paradice Center","CinemaCity"
"Не казвай на мама","2026-10-11T06:00:00","11.10.2026","Sunday","18:00","Зала12","Cinema City - Paradice Center","CinemaCity"
"Одисея","2026-10-11T06:10:00","11.10.2026","Sunday","18:10","Зала13","Cinema City - Paradice Center","CinemaCity"
"Другата мама","2026-10-11T06:15:00","11.10.2026","Sunday","18:15","Зала2","Cinema City - Paradice Center","CinemaCity"
"Верити","2026-10-11T06:45:00","11.10.2026","Sunday","18:45","Зала11","Cinema City - Paradice Center","CinemaCity"
"Сърцето на звяра","2026-10-11T06:50:00","11.10.2026","Sunday","18:50","Зала9","Cinema City - Paradice Center","CinemaCity"
"Островът на забравата","2026-10-11T07:00:00","11.10.2026","Sunday","19:00","Зала10","Cinema City - Paradice Center","CinemaCity"
"Наследникът","2026-10-11T07:10:00","11.10.2026","Sunday","19:10","Зала14","Cinema City - Paradice Center","CinemaCity"
"Сръдльо","2026-10-11T07:20:00","11.10.2026","Sunday","19:20","Зала5","Cinema City - Paradice Center","CinemaCity"
"Нина Роза","2026-10-11T07:30:00","11.10.2026","Sunday","19:30","Зала1","Cinema City - Paradice Center","CinemaCity"
"Заразно зло","2026-10-11T07:40:00","11.10.2026","Sunday","19:40","Зала4","Cinema City - Paradice Center","CinemaCity"
"Сърцето на звяра","2026-10-11T07:45:00","11.10.2026","Sunday","19:45","Зала6","Cinema City - Paradice Center","CinemaCity"
"Верити","2026-10-11T07:50:00","11.10.2026","Sunday","19:50","Зала3","Cinema City - Paradice Center","CinemaCity"
"Другата мама","2026-10-11T08:00:00","11.10.2026","Sunday","20:00","Зала8","Cinema City - Paradice Center","CinemaCity"
"Не казвай на мама","2026-10-11T08:10:00","11.10.2026","Sunday","20:10","Зала12","Cinema City - Paradice Center","CinemaCity"
"Другата мама","2026-10-11T08:20:00","11.10.2026","Sunday","20:20","Зала2","Cinema City - Paradice Center","CinemaCity"
"Сърцето на звяра","2026-10-11T09:00:00","11.10.2026","Sunday","21:00","Зала9","Cinema City - Paradice Center","CinemaCity"
"Верити","2026-10-11T09:10:00","11.10.2026","Sunday","21:10","Зала11","Cinema City - Paradice Center","CinemaCity"
"Отмъстителите: Краят – Специално издание","2026-10-11T09:15:00","11.10.2026","Sunday","21:15","Зала7","Cinema City - Paradice Center","CinemaCity"
"Спайдър-мен: Нов ден","2026-10-11T09:20:00","11.10.2026","Sunday","21:20","Зала5","Cinema City - Paradice Center","CinemaCity"
"Дигър","2026-10-11T09:20:00","11.10.2026","Sunday","21:20","Зала10","Cinema City - Paradice Center","CinemaCity"
"Одисея","2026-10-11T09:30:00","11.10.2026","Sunday","21:30","Зала13","Cinema City - Paradice Center","CinemaCity"
"Паяци","2026-10-11T09:40:00","11.10.2026","Sunday","21:40","Зала14","Cinema City - Paradice Center","CinemaCity"
"Заразно зло","2026-10-11T09:45:00","11.10.2026","Sunday","21:45","Зала4","Cinema City - Paradice Center","CinemaCity"
"Нина Роза","2026-10-11T09:50:00","11.10.2026","Sunday","21:50","Зала1","Cinema City - Paradice Center","CinemaCity"
"Сърцето на звяра","2026-10-11T10:00:00","11.10.2026","Sunday","22:00","Зала6","Cinema City - Paradice Center","CinemaCity"
"Другата мама","2026-10-11T10:00:00","11.10.2026","Sunday","22:00","Зала8","Cinema City - Paradice Center","CinemaCity"
"Верити","2026-10-11T10:15:00","11.10.2026","Sunday","22:15","Зала3","Cinema City - Paradice Center","CinemaCity"
"Не казвай на мама","2026-10-11T10:20:00","11.10.2026","Sunday","22:20","Зала12","Cinema City - Paradice Center","CinemaCity"
"Другата мама","2026-10-11T10:30:00","11.10.2026","Sunday","22:30","Зала2","Cinema City - Paradice Center","CinemaCity"
"СРЪДЛЬО","2026-10-09T11:30:00","9.10.2026","Friday","11:30","Зала 6","CineGrand - Park Center","CineGrand"
"МИНЬОНИ И ЧУДОВИЩА","2026-10-09T12:15:00","9.10.2026","Friday","12:15","Зала 1","CineGrand - Park Center","CineGrand"
"ЗООЕКСПРЕС","2026-10-09T12:30:00","9.10.2026","Friday","12:30","Зала 2","CineGrand - Park Center","CineGrand"
"ВЕРИТИ","2026-10-09T01:15:00","9.10.2026","Friday","13:15","Зала 4","CineGrand - Park Center","CineGrand"
"СЪРЦЕТО НА ЗВЯРА","2026-10-09T01:40:00","9.10.2026","Friday","13:40","Зала 5","CineGrand - Park Center","CineGrand"
"ОСТРОВЪТ НА ЗАБРАВАТА","2026-10-09T01:45:00","9.10.2026","Friday","13:45","Зала 3","CineGrand - Park Center","CineGrand"
"НЕ КАЗВАЙ НА МАМА","2026-10-09T02:15:00","9.10.2026","Friday","14:15","Зала 1","CineGrand - Park Center","CineGrand"
"ОТМЪСТИТЕЛИТЕ: КРАЯТ – СПЕЦИАЛНО ИЗДАНИЕ","2026-10-09T04:00:00","9.10.2026","Friday","16:00","Зала 5","CineGrand - Park Center","CineGrand"
"ДРУГАТА МАМА","2026-10-09T04:15:00","9.10.2026","Friday","16:15","Зала 3","CineGrand - Park Center","CineGrand"
"НИНА РОЗА","2026-10-09T05:00:00","9.10.2026","Friday","17:00","Зала 2","CineGrand - Park Center","CineGrand"
"ОДИСЕЯ","2026-10-09T09:30:00","9.10.2026","Friday","21:30","Зала 6","CineGrand - Park Center","CineGrand"
"ДИГЪР","2026-10-09T09:45:00","9.10.2026","Friday","21:45","Зала 2","CineGrand - Park Center","CineGrand"
"ПЕС ПАТРУЛ: ДИНО ФИЛМЪТ","2026-10-09T12:10:00","9.10.2026","Friday","12:10","Зала 4","CineGrand - Sofia Ring Mall","CineGrand"
"СРЪДЛЬО","2026-10-09T12:15:00","9.10.2026","Friday","12:15","Зала 2","CineGrand - Sofia Ring Mall","CineGrand"
"ТАЙНИЯТ СВЯТ НА ФИНИК 2","2026-10-09T12:20:00","9.10.2026","Friday","12:20","TSAR Зала 6","CineGrand - Sofia Ring Mall","CineGrand"
"ОСТРОВЪТ НА ЗАБРАВАТА","2026-10-09T12:30:00","9.10.2026","Friday","12:30","Зала 3","CineGrand - Sofia Ring Mall","CineGrand"
"ЗООЕКСПРЕС","2026-10-09T12:40:00","9.10.2026","Friday","12:40","Зала 7","CineGrand - Sofia Ring Mall","CineGrand"
"СЪРЦЕТО НА ЗВЯРА","2026-10-09T01:00:00","9.10.2026","Friday","13:00","Зала 10","CineGrand - Sofia Ring Mall","CineGrand"
"МИНЬОНИ И ЧУДОВИЩА","2026-10-09T01:10:00","9.10.2026","Friday","13:10","Зала 8","CineGrand - Sofia Ring Mall","CineGrand"
"СПАЙДЪР-МЕН: НОВ ДЕН","2026-10-09T01:20:00","9.10.2026","Friday","13:20","TSAR Зала 5","CineGrand - Sofia Ring Mall","CineGrand"
"ДРУГАТА МАМА","2026-10-09T01:50:00","9.10.2026","Friday","13:50","Зала 9","CineGrand - Sofia Ring Mall","CineGrand"
"НЕ КАЗВАЙ НА МАМА","2026-10-09T02:10:00","9.10.2026","Friday","14:10","Зала 4","CineGrand - Sofia Ring Mall","CineGrand"
"ВЕРИТИ","2026-10-09T03:10:00","9.10.2026","Friday","15:10","Зала 8","CineGrand - Sofia Ring Mall","CineGrand"
"НИНА РОЗА","2026-10-09T04:30:00","9.10.2026","Friday","16:30","TSAR Зала 5","CineGrand - Sofia Ring Mall","CineGrand"
"ЗАРАЗНО ЗЛО ","2026-10-09T05:15:00","9.10.2026","Friday","17:15","Зала 1","CineGrand - Sofia Ring Mall","CineGrand"
"ОТМЪСТИТЕЛИТЕ: КРАЯТ – СПЕЦИАЛНО ИЗДАНИЕ","2026-10-09T07:45:00","9.10.2026","Friday","19:45","Зала 3","CineGrand - Sofia Ring Mall","CineGrand"
"ДИГЪР","2026-10-09T08:15:00","9.10.2026","Friday","20:15","Зала 2","CineGrand - Sofia Ring Mall","CineGrand"
"ОДИСЕЯ","2026-10-09T09:00:00","9.10.2026","Friday","21:00","TSAR Зала 5","CineGrand - Sofia Ring Mall","CineGrand"
"ПАЯЦИ","2026-10-09T10:20:00","9.10.2026","Friday","22:20","Зала 1","CineGrand - Sofia Ring Mall","CineGrand"
"КОВАРЕН КАПАН: БЯГСТВО ОТ ОТВЪДНОТО","2026-10-09T11:00:00","9.10.2026","Friday","23:00","Зала 2","CineGrand - Sofia Ring Mall","CineGrand"
"Играта на играчките 5","2026-10-11T11:45:00","11.10.2026","Sunday","11:45","Digital; Dubbed; LUXE","Kino Arena - The Mall","KinoArena"
"Миньони &amp; чудовища","2026-10-11T11:20:00","11.10.2026","Sunday","11:20","Digital; Dubbed; LUXE","Kino Arena - The Mall","KinoArena"
"Миньони &amp; чудовища","2026-10-11T01:10:00","11.10.2026","Sunday","13:10","Digital; Dubbed; LUXE","Kino Arena - The Mall","KinoArena"
"Одисея","2026-10-11T08:20:00","11.10.2026","Sunday","20:20","BG Subtitles; Digital; LUXE","Kino Arena - The Mall","KinoArena"
"Спайдър-мен: Нов ден","2026-10-11T05:20:00","11.10.2026","Sunday","17:20","3D Digital; BG Subtitles; LUXE","Kino Arena - The Mall","KinoArena"
"Пес Патрул: Дино Филмът","2026-10-11T12:30:00","11.10.2026","Sunday","12:30","Digital; Dubbed; LUXE","Kino Arena - The Mall","KinoArena"
"Пес Патрул: Дино Филмът","2026-10-11T03:50:00","11.10.2026","Sunday","15:50","Digital; Dubbed; LUXE","Kino Arena - The Mall","KinoArena"
"Коварен капан: Бягство от отвъдното","2026-10-11T10:30:00","11.10.2026","Sunday","22:30","BG Subtitles; Digital; LUXE","Kino Arena - The Mall","KinoArena"
"Койота срещу Акме","2026-10-11T12:50:00","11.10.2026","Sunday","12:50","Digital; Dubbed; LUXE","Kino Arena - The Mall","KinoArena"
"Падане 2","2026-10-11T07:50:00","11.10.2026","Sunday","19:50","BG Subtitles; Digital; LUXE","Kino Arena - The Mall","KinoArena"
"Приложна магия 2","2026-10-11T05:50:00","11.10.2026","Sunday","17:50","BG Subtitles; Digital; LUXE","Kino Arena - The Mall","KinoArena"
"Куриерът","2026-10-11T08:45:00","11.10.2026","Sunday","20:45","BG Subtitles; Digital; LUXE","Kino Arena - The Mall","KinoArena"
"Наследникът","2026-10-11T03:10:00","11.10.2026","Sunday","15:10","Digital; Dubbed; LUXE","Kino Arena - The Mall","KinoArena"
"Наследникът","2026-10-11T09:50:00","11.10.2026","Sunday","21:50","Digital; Dubbed; LUXE","Kino Arena - The Mall","KinoArena"
"Заразно зло","2026-10-11T02:00:00","11.10.2026","Sunday","14:00","BG Subtitles; Digital; LUXE","Kino Arena - The Mall","KinoArena"
"Заразно зло","2026-10-11T08:30:00","11.10.2026","Sunday","20:30","BG Subtitles; Digital; LUXE","Kino Arena - The Mall","KinoArena"
"Заразно зло","2026-10-11T10:40:00","11.10.2026","Sunday","22:40","BG Subtitles; Digital; LUXE","Kino Arena - The Mall","KinoArena"
"Сърцето на звяра","2026-10-11T02:20:00","11.10.2026","Sunday","14:20","BG Subtitles; Digital; LUXE","Kino Arena - The Mall","KinoArena"
"Сърцето на звяра","2026-10-11T05:40:00","11.10.2026","Sunday","17:40","BG Subtitles; Digital; LUXE","Kino Arena - The Mall","KinoArena"
"Сърцето на звяра","2026-10-11T08:10:00","11.10.2026","Sunday","20:10","BG Subtitles; Digital; LUXE","Kino Arena - The Mall","KinoArena"
"Сърцето на звяра","2026-10-11T10:20:00","11.10.2026","Sunday","22:20","BG Subtitles; Digital; LUXE","Kino Arena - The Mall","KinoArena"
"Островът на забравата","2026-10-11T11:15:00","11.10.2026","Sunday","11:15","Digital; Dubbed; LUXE","Kino Arena - The Mall","KinoArena"
"Островът на забравата","2026-10-11T01:30:00","11.10.2026","Sunday","13:30","Digital; Dubbed; LUXE","Kino Arena - The Mall","KinoArena"
"Островът на забравата","2026-10-11T04:20:00","11.10.2026","Sunday","16:20","Digital; Dubbed; LUXE","Kino Arena - The Mall","KinoArena"
"Отмъстителите: Краят – Специално издание","2026-10-11T01:50:00","11.10.2026","Sunday","13:50","3D Digital; BG Subtitles; LUXE","Kino Arena - The Mall","KinoArena"
"Отмъстителите: Краят – Специално издание","2026-10-11T06:30:00","11.10.2026","Sunday","18:30","3D Digital; BG Subtitles; LUXE","Kino Arena - The Mall","KinoArena"
"Верити","2026-10-11T12:20:00","11.10.2026","Sunday","12:20","BG Subtitles; Digital; LUXE","Kino Arena - The Mall","KinoArena"
"Верити","2026-10-11T02:40:00","11.10.2026","Sunday","14:40","BG Subtitles; Digital; LUXE","Kino Arena - The Mall","KinoArena"
"Верити","2026-10-11T05:00:00","11.10.2026","Sunday","17:00","BG Subtitles; Digital; LUXE","Kino Arena - The Mall","KinoArena"
"Верити","2026-10-11T07:15:00","11.10.2026","Sunday","19:15","BG Subtitles; Digital; LUXE","Kino Arena - The Mall","KinoArena"
"Верити","2026-10-11T09:30:00","11.10.2026","Sunday","21:30","BG Subtitles; Digital; LUXE","Kino Arena - The Mall","KinoArena"
"Дигър","2026-10-11T02:10:00","11.10.2026","Sunday","14:10","BG Subtitles; Digital; LUXE","Kino Arena - The Mall","KinoArena"
"Дигър","2026-10-11T06:40:00","11.10.2026","Sunday","18:40","BG Subtitles; Digital; LUXE","Kino Arena - The Mall","KinoArena"
"Дигър","2026-10-11T09:10:00","11.10.2026","Sunday","21:10","BG Subtitles; Digital; LUXE","Kino Arena - The Mall","KinoArena"
"Зооекспрес","2026-10-11T11:00:00","11.10.2026","Sunday","11:00","Digital; Dubbed; LUXE","Kino Arena - The Mall","KinoArena"
"Зооекспрес","2026-10-11T02:30:00","11.10.2026","Sunday","14:30","Digital; Dubbed; LUXE","Kino Arena - The Mall","KinoArena"
"Зооекспрес","2026-10-11T04:30:00","11.10.2026","Sunday","16:30","Digital; Dubbed; LUXE","Kino Arena - The Mall","KinoArena"
"Зооекспрес","2026-10-11T06:20:00","11.10.2026","Sunday","18:20","Digital; Dubbed; LUXE","Kino Arena - The Mall","KinoArena"
"Паяци","2026-10-11T04:40:00","11.10.2026","Sunday","16:40","Digital; LUXE","Kino Arena - The Mall","KinoArena"
"Паяци","2026-10-11T09:40:00","11.10.2026","Sunday","21:40","Digital; LUXE","Kino Arena - The Mall","KinoArena"
"Другата мама","2026-10-11T12:10:00","11.10.2026","Sunday","12:10","BG Subtitles; Digital; LUXE","Kino Arena - The Mall","KinoArena"
"Другата мама","2026-10-11T04:00:00","11.10.2026","Sunday","16:00","BG Subtitles; Digital; LUXE","Kino Arena - The Mall","KinoArena"
"Другата мама","2026-10-11T06:00:00","11.10.2026","Sunday","18:00","BG Subtitles; Digital; LUXE","Kino Arena - The Mall","KinoArena"
"Другата мама","2026-10-11T08:00:00","11.10.2026","Sunday","20:00","BG Subtitles; Digital; LUXE","Kino Arena - The Mall","KinoArena"
"Другата мама","2026-10-11T10:10:00","11.10.2026","Sunday","22:10","BG Subtitles; Digital; LUXE","Kino Arena - The Mall","KinoArena"
"НЕ КАЗВАЙ НА МАМА","2026-10-11T12:00:00","11.10.2026","Sunday","12:00","BG Subtitles; Digital; LUXE","Kino Arena - The Mall","KinoArena"
"НЕ КАЗВАЙ НА МАМА","2026-10-11T02:50:00","11.10.2026","Sunday","14:50","BG Subtitles; Digital; LUXE","Kino Arena - The Mall","KinoArena"
"НЕ КАЗВАЙ НА МАМА","2026-10-11T06:50:00","11.10.2026","Sunday","18:50","BG Subtitles; Digital; LUXE","Kino Arena - The Mall","KinoArena"
"НЕ КАЗВАЙ НА МАМА","2026-10-11T10:00:00","11.10.2026","Sunday","22:00","BG Subtitles; Digital; LUXE","Kino Arena - The Mall","KinoArena"
"Нина Роза","2026-10-11T12:15:00","11.10.2026","Sunday","12:15","BG Subtitles; Digital; LUXE","Kino Arena - The Mall","KinoArena"
"Нина Роза","2026-10-11T04:50:00","11.10.2026","Sunday","16:50","BG Subtitles; Digital; LUXE","Kino Arena - The Mall","KinoArena"
"Нина Роза","2026-10-11T07:30:00","11.10.2026","Sunday","19:30","BG Subtitles; Digital; LUXE","Kino Arena - The Mall","KinoArena"
"СРЪДЛЬО","2026-10-11T11:10:00","11.10.2026","Sunday","11:10","Digital; Dubbed; LUXE","Kino Arena - The Mall","KinoArena"
"СРЪДЛЬО","2026-10-11T01:20:00","11.10.2026","Sunday","13:20","Digital; Dubbed; LUXE","Kino Arena - The Mall","KinoArena"
"СРЪДЛЬО","2026-10-11T03:30:00","11.10.2026","Sunday","15:30","Digital; Dubbed; LUXE","Kino Arena - The Mall","KinoArena"
"СРЪДЛЬО","2026-10-11T05:30:00","11.10.2026","Sunday","17:30","Digital; Dubbed; LUXE","Kino Arena - The Mall","KinoArena"
"Играта на играчките 5","2026-10-11T11:45:00","11.10.2026","Sunday","11:45","Digital; Dubbed; LUXE","Kino Arena - West Mall","KinoArena"
"Миньони &amp; чудовища","2026-10-11T11:20:00","11.10.2026","Sunday","11:20","Digital; Dubbed; LUXE","Kino Arena - West Mall","KinoArena"
"Миньони &amp; чудовища","2026-10-11T01:10:00","11.10.2026","Sunday","13:10","Digital; Dubbed; LUXE","Kino Arena - West Mall","KinoArena"
"Одисея","2026-10-11T08:20:00","11.10.2026","Sunday","20:20","BG Subtitles; Digital; LUXE","Kino Arena - West Mall","KinoArena"
"Спайдър-мен: Нов ден","2026-10-11T05:20:00","11.10.2026","Sunday","17:20","3D Digital; BG Subtitles; LUXE","Kino Arena - West Mall","KinoArena"
"Пес Патрул: Дино Филмът","2026-10-11T12:30:00","11.10.2026","Sunday","12:30","Digital; Dubbed; LUXE","Kino Arena - West Mall","KinoArena"
"Пес Патрул: Дино Филмът","2026-10-11T03:50:00","11.10.2026","Sunday","15:50","Digital; Dubbed; LUXE","Kino Arena - West Mall","KinoArena"
"Коварен капан: Бягство от отвъдното","2026-10-11T10:30:00","11.10.2026","Sunday","22:30","BG Subtitles; Digital; LUXE","Kino Arena - West Mall","KinoArena"
"Койота срещу Акме","2026-10-11T12:50:00","11.10.2026","Sunday","12:50","Digital; Dubbed; LUXE","Kino Arena - West Mall","KinoArena"
"Падане 2","2026-10-11T07:50:00","11.10.2026","Sunday","19:50","BG Subtitles; Digital; LUXE","Kino Arena - West Mall","KinoArena"
"Приложна магия 2","2026-10-11T05:50:00","11.10.2026","Sunday","17:50","BG Subtitles; Digital; LUXE","Kino Arena - West Mall","KinoArena"
"Куриерът","2026-10-11T08:45:00","11.10.2026","Sunday","20:45","BG Subtitles; Digital; LUXE","Kino Arena - West Mall","KinoArena"
"Наследникът","2026-10-11T03:10:00","11.10.2026","Sunday","15:10","Digital; Dubbed; LUXE","Kino Arena - West Mall","KinoArena"
"Наследникът","2026-10-11T09:50:00","11.10.2026","Sunday","21:50","Digital; Dubbed; LUXE","Kino Arena - West Mall","KinoArena"
"Заразно зло","2026-10-11T02:00:00","11.10.2026","Sunday","14:00","BG Subtitles; Digital; LUXE","Kino Arena - West Mall","KinoArena"
"Заразно зло","2026-10-11T08:30:00","11.10.2026","Sunday","20:30","BG Subtitles; Digital; LUXE","Kino Arena - West Mall","KinoArena"
"Заразно зло","2026-10-11T10:40:00","11.10.2026","Sunday","22:40","BG Subtitles; Digital; LUXE","Kino Arena - West Mall","KinoArena"
"Сърцето на звяра","2026-10-11T02:20:00","11.10.2026","Sunday","14:20","BG Subtitles; Digital; LUXE","Kino Arena - West Mall","KinoArena"
"Сърцето на звяра","2026-10-11T05:40:00","11.10.2026","Sunday","17:40","BG Subtitles; Digital; LUXE","Kino Arena - West Mall","KinoArena"
"Сърцето на звяра","2026-10-11T08:10:00","11.10.2026","Sunday","20:10","BG Subtitles; Digital; LUXE","Kino Arena - West Mall","KinoArena"
"Сърцето на звяра","2026-10-11T10:20:00","11.10.2026","Sunday","22:20","BG Subtitles; Digital; LUXE","Kino Arena - West Mall","KinoArena"
"Островът на забравата","2026-10-11T11:15:00","11.10.2026","Sunday","11:15","Digital; Dubbed; LUXE","Kino Arena - West Mall","KinoArena"
"Островът на забравата","2026-10-11T01:30:00","11.10.2026","Sunday","13:30","Digital; Dubbed; LUXE","Kino Arena - West Mall","KinoArena"
"Островът на забравата","2026-10-11T04:20:00","11.10.2026","Sunday","16:20","Digital; Dubbed; LUXE","Kino Arena - West Mall","KinoArena"
"Отмъстителите: Краят – Специално издание","2026-10-11T01:50:00","11.10.2026","Sunday","13:50","3D Digital; BG Subtitles; LUXE","Kino Arena - West Mall","KinoArena"
"Отмъстителите: Краят – Специално издание","2026-10-11T06:30:00","11.10.2026","Sunday","18:30","3D Digital; BG Subtitles; LUXE","Kino Arena - West Mall","KinoArena"
"Верити","2026-10-11T12:20:00","11.10.2026","Sunday","12:20","BG Subtitles; Digital; LUXE","Kino Arena - West Mall","KinoArena"
"Верити","2026-10-11T02:40:00","11.10.2026","Sunday","14:40","BG Subtitles; Digital; LUXE","Kino Arena - West Mall","KinoArena"
"Верити","2026-10-11T05:00:00","11.10.2026","Sunday","17:00","BG Subtitles; Digital; LUXE","Kino Arena - West Mall","KinoArena"
"Верити","2026-10-11T07:10:00","11.10.2026","Sunday","19:10","BG Subtitles; Digital; LUXE","Kino Arena - West Mall","KinoArena"
"Верити","2026-10-11T09:30:00","11.10.2026","Sunday","21:30","BG Subtitles; Digital; LUXE","Kino Arena - West Mall","KinoArena"
"Дигър","2026-10-11T02:10:00","11.10.2026","Sunday","14:10","BG Subtitles; Digital; LUXE","Kino Arena - West Mall","KinoArena"
"Дигър","2026-10-11T06:40:00","11.10.2026","Sunday","18:40","BG Subtitles; Digital; LUXE","Kino Arena - West Mall","KinoArena"
"Дигър","2026-10-11T09:10:00","11.10.2026","Sunday","21:10","BG Subtitles; Digital; LUXE","Kino Arena - West Mall","KinoArena"
"Зооекспрес","2026-10-11T11:00:00","11.10.2026","Sunday","11:00","Digital; Dubbed; LUXE","Kino Arena - West Mall","KinoArena"
"Зооекспрес","2026-10-11T02:30:00","11.10.2026","Sunday","14:30","Digital; Dubbed; LUXE","Kino Arena - West Mall","KinoArena"
"Зооекспрес","2026-10-11T04:30:00","11.10.2026","Sunday","16:30","Digital; Dubbed; LUXE","Kino Arena - West Mall","KinoArena"
"Зооекспрес","2026-10-11T06:20:00","11.10.2026","Sunday","18:20","Digital; Dubbed; LUXE","Kino Arena - West Mall","KinoArena"
"Паяци","2026-10-11T04:40:00","11.10.2026","Sunday","16:40","Digital; LUXE","Kino Arena - West Mall","KinoArena"
"Паяци","2026-10-11T09:40:00","11.10.2026","Sunday","21:40","Digital; LUXE","Kino Arena - West Mall","KinoArena"
"Другата мама","2026-10-11T12:10:00","11.10.2026","Sunday","12:10","BG Subtitles; Digital; LUXE","Kino Arena - West Mall","KinoArena"
"Другата мама","2026-10-11T04:00:00","11.10.2026","Sunday","16:00","BG Subtitles; Digital; LUXE","Kino Arena - West Mall","KinoArena"
"Другата мама","2026-10-11T06:00:00","11.10.2026","Sunday","18:00","BG Subtitles; Digital; LUXE","Kino Arena - West Mall","KinoArena"
"Другата мама","2026-10-11T08:00:00","11.10.2026","Sunday","20:00","BG Subtitles; Digital; LUXE","Kino Arena - West Mall","KinoArena"
"Другата мама","2026-10-11T10:10:00","11.10.2026","Sunday","22:10","BG Subtitles; Digital; LUXE","Kino Arena - West Mall","KinoArena"
"НЕ КАЗВАЙ НА МАМА","2026-10-11T12:00:00","11.10.2026","Sunday","12:00","BG Subtitles; Digital; LUXE","Kino Arena - West Mall","KinoArena"
"НЕ КАЗВАЙ НА МАМА","2026-10-11T02:50:00","11.10.2026","Sunday","14:50","BG Subtitles; Digital; LUXE","Kino Arena - West Mall","KinoArena"
"НЕ КАЗВАЙ НА МАМА","2026-10-11T06:50:00","11.10.2026","Sunday","18:50","BG Subtitles; Digital; LUXE","Kino Arena - West Mall","KinoArena"
"НЕ КАЗВАЙ НА МАМА","2026-10-11T10:00:00","11.10.2026","Sunday","22:00","BG Subtitles; Digital; LUXE","Kino Arena - West Mall","KinoArena"
"Нина Роза","2026-10-11T12:15:00","11.10.2026","Sunday","12:15","BG Subtitles; Digital; LUXE","Kino Arena - West Mall","KinoArena"
"Нина Роза","2026-10-11T04:50:00","11.10.2026","Sunday","16:50","BG Subtitles; Digital; LUXE","Kino Arena - West Mall","KinoArena"
"Нина Роза","2026-10-11T07:30:00","11.10.2026","Sunday","19:30","BG Subtitles; Digital; LUXE","Kino Arena - West Mall","KinoArena"
"СРЪДЛЬО","2026-10-11T11:10:00","11.10.2026","Sunday","11:10","Digital; Dubbed; LUXE","Kino Arena - West Mall","KinoArena"
"СРЪДЛЬО","2026-10-11T01:20:00","11.10.2026","Sunday","13:20","Digital; Dubbed; LUXE","Kino Arena - West Mall","KinoArena"
"СРЪДЛЬО","2026-10-11T03:30:00","11.10.2026","Sunday","15:30","Digital; Dubbed; LUXE","Kino Arena - West Mall","KinoArena"
"СРЪДЛЬО","2026-10-11T05:30:00","11.10.2026","Sunday","17:30","Digital; Dubbed; LUXE","Kino Arena - West Mall","KinoArena"
"Сръдльо","2026-10-12T01:00:00","12.10.2026","Monday","13:00","Зала6","Cinema City - Mall Of Sofia","CinemaCity"
"Пес Патрул: Дино филмът","2026-10-12T01:20:00","12.10.2026","Monday","13:20","Зала1","Cinema City - Mall Of Sofia","CinemaCity"
"Сръдльо","2026-10-12T02:00:00","12.10.2026","Monday","14:00","Зала2","Cinema City - Mall Of Sofia","CinemaCity"
"Другата мама","2026-10-12T02:10:00","12.10.2026","Monday","14:10","Зала7","Cinema City - Mall Of Sofia","CinemaCity"
"Островът на забравата","2026-10-12T02:15:00","12.10.2026","Monday","14:15","Зала4","Cinema City - Mall Of Sofia","CinemaCity"
"Зооекспрес","2026-10-12T02:30:00","12.10.2026","Monday","14:30","Зала5","Cinema City - Mall Of Sofia","CinemaCity"
"Нина Роза","2026-10-12T02:45:00","12.10.2026","Monday","14:45","Зала3","Cinema City - Mall Of Sofia","CinemaCity"
"Отмъстителите: Краят – Специално издание","2026-10-12T03:20:00","12.10.2026","Monday","15:20","IMAX","Cinema City - Mall Of Sofia","CinemaCity"
"Одисея","2026-10-12T03:20:00","12.10.2026","Monday","15:20","Зала1","Cinema City - Mall Of Sofia","CinemaCity"
"Сръдльо","2026-10-12T03:20:00","12.10.2026","Monday","15:20","Зала6","Cinema City - Mall Of Sofia","CinemaCity"
"Пес Патрул: Дино филмът","2026-10-12T04:00:00","12.10.2026","Monday","16:00","Зала2","Cinema City - Mall Of Sofia","CinemaCity"
"Другата мама","2026-10-12T04:10:00","12.10.2026","Monday","16:10","Зала7","Cinema City - Mall Of Sofia","CinemaCity"
"Спайдър-мен: Нов ден","2026-10-12T04:15:00","12.10.2026","Monday","16:15","Зала11","Cinema City - Mall Of Sofia","CinemaCity"
"Заразно зло","2026-10-12T04:20:00","12.10.2026","Monday","16:20","Зала10","Cinema City - Mall Of Sofia","CinemaCity"
"Зооекспрес","2026-10-12T04:30:00","12.10.2026","Monday","16:30","Зала5","Cinema City - Mall Of Sofia","CinemaCity"
"Островът на забравата","2026-10-12T04:40:00","12.10.2026","Monday","16:40","Зала4","Cinema City - Mall Of Sofia","CinemaCity"
"Нина Роза","2026-10-12T05:00:00","12.10.2026","Monday","17:00","Зала3","Cinema City - Mall Of Sofia","CinemaCity"
"Верити","2026-10-12T05:10:00","12.10.2026","Monday","17:10","Зала8","Cinema City - Mall Of Sofia","CinemaCity"
"Сърцето на звяра","2026-10-12T05:20:00","12.10.2026","Monday","17:20","Зала12","Cinema City - Mall Of Sofia","CinemaCity"
"Сръдльо","2026-10-12T05:30:00","12.10.2026","Monday","17:30","Зала9","Cinema City - Mall Of Sofia","CinemaCity"
"Не казвай на мама","2026-10-12T05:40:00","12.10.2026","Monday","17:40","Зала6","Cinema City - Mall Of Sofia","CinemaCity"
"КОЙОТА срещу АКМЕ","2026-10-12T06:00:00","12.10.2026","Monday","18:00","Зала2","Cinema City - Mall Of Sofia","CinemaCity"
"Другата мама","2026-10-12T06:15:00","12.10.2026","Monday","18:15","Зала7","Cinema City - Mall Of Sofia","CinemaCity"
"Зооекспрес","2026-10-12T06:30:00","12.10.2026","Monday","18:30","Зала5","Cinema City - Mall Of Sofia","CinemaCity"
"Верити","2026-10-12T06:40:00","12.10.2026","Monday","18:40","Зала1","Cinema City - Mall Of Sofia","CinemaCity"
"Одисея","2026-10-12T06:50:00","12.10.2026","Monday","18:50","Зала10","Cinema City - Mall Of Sofia","CinemaCity"
"ALWAYS LALISA","2026-10-12T07:00:00","12.10.2026","Monday","19:00","IMAX","Cinema City - Mall Of Sofia","CinemaCity"
"Островът на забравата","2026-10-12T07:00:00","12.10.2026","Monday","19:00","Зала4","Cinema City - Mall Of Sofia","CinemaCity"
"Нина Роза","2026-10-12T07:15:00","12.10.2026","Monday","19:15","Зала3","Cinema City - Mall Of Sofia","CinemaCity"
"Заразно зло","2026-10-12T07:20:00","12.10.2026","Monday","19:20","Зала11","Cinema City - Mall Of Sofia","CinemaCity"
"Сръдльо","2026-10-12T07:30:00","12.10.2026","Monday","19:30","Зала9","Cinema City - Mall Of Sofia","CinemaCity"
"Сърцето на звяра","2026-10-12T07:40:00","12.10.2026","Monday","19:40","Зала12","Cinema City - Mall Of Sofia","CinemaCity"
"Не казвай на мама","2026-10-12T07:45:00","12.10.2026","Monday","19:45","Зала6","Cinema City - Mall Of Sofia","CinemaCity"
"Верити","2026-10-12T07:50:00","12.10.2026","Monday","19:50","Зала8","Cinema City - Mall Of Sofia","CinemaCity"
"Наследникът","2026-10-12T08:15:00","12.10.2026","Monday","20:15","Зала2","Cinema City - Mall Of Sofia","CinemaCity"
"Другата мама","2026-10-12T08:20:00","12.10.2026","Monday","20:20","Зала7","Cinema City - Mall Of Sofia","CinemaCity"
"Дигър","2026-10-12T08:30:00","12.10.2026","Monday","20:30","Зала5","Cinema City - Mall Of Sofia","CinemaCity"
"Одисея","2026-10-12T09:10:00","12.10.2026","Monday","21:10","IMAX","Cinema City - Mall Of Sofia","CinemaCity"
"Верити","2026-10-12T09:10:00","12.10.2026","Monday","21:10","Зала1","Cinema City - Mall Of Sofia","CinemaCity"
"Паяци","2026-10-12T09:20:00","12.10.2026","Monday","21:20","Зала4","Cinema City - Mall Of Sofia","CinemaCity"
"Заразно зло","2026-10-12T09:30:00","12.10.2026","Monday","21:30","Зала11","Cinema City - Mall Of Sofia","CinemaCity"
"Нина Роза","2026-10-12T09:40:00","12.10.2026","Monday","21:40","Зала3","Cinema City - Mall Of Sofia","CinemaCity"
"Куриерът","2026-10-12T09:40:00","12.10.2026","Monday","21:40","Зала9","Cinema City - Mall Of Sofia","CinemaCity"
"Сърцето на звяра","2026-10-12T09:50:00","12.10.2026","Monday","21:50","Зала12","Cinema City - Mall Of Sofia","CinemaCity"
"Не казвай на мама","2026-10-12T10:00:00","12.10.2026","Monday","22:00","Зала6","Cinema City - Mall Of Sofia","CinemaCity"
"Падане 2: Мъртва точка","2026-10-12T10:15:00","12.10.2026","Monday","22:15","Зала10","Cinema City - Mall Of Sofia","CinemaCity"
"Верити","2026-10-12T10:20:00","12.10.2026","Monday","22:20","Зала8","Cinema City - Mall Of Sofia","CinemaCity"
"Другата мама","2026-10-12T10:30:00","12.10.2026","Monday","22:30","Зала7","Cinema City - Mall Of Sofia","CinemaCity"
"Сръдльо","2026-10-12T01:10:00","12.10.2026","Monday","13:10","Зала5","Cinema City - Paradice Center","CinemaCity"
"Сърцето на звяра","2026-10-12T01:10:00","12.10.2026","Monday","13:10","Зала6","Cinema City - Paradice Center","CinemaCity"
"Заразно зло","2026-10-12T01:30:00","12.10.2026","Monday","13:30","Зала4","Cinema City - Paradice Center","CinemaCity"
"Зооекспрес","2026-10-12T01:40:00","12.10.2026","Monday","13:40","Зала9","Cinema City - Paradice Center","CinemaCity"
"Не казвай на мама","2026-10-12T01:50:00","12.10.2026","Monday","13:50","Зала12","Cinema City - Paradice Center","CinemaCity"
"Другата мама","2026-10-12T02:00:00","12.10.2026","Monday","14:00","Зала1","Cinema City - Paradice Center","CinemaCity"
"Отмъстителите: Краят – Специално издание","2026-10-12T02:00:00","12.10.2026","Monday","14:00","Зала7","Cinema City - Paradice Center","CinemaCity"
"Сръдльо","2026-10-12T02:10:00","12.10.2026","Monday","14:10","Зала11","Cinema City - Paradice Center","CinemaCity"
"Островът на забравата","2026-10-12T02:20:00","12.10.2026","Monday","14:20","Зала10","Cinema City - Paradice Center","CinemaCity"
"Дигър","2026-10-12T02:30:00","12.10.2026","Monday","14:30","Зала14","Cinema City - Paradice Center","CinemaCity"
"Другата мама","2026-10-12T02:30:00","12.10.2026","Monday","14:30","Зала8","Cinema City - Paradice Center","CinemaCity"
"Нина Роза","2026-10-12T02:40:00","12.10.2026","Monday","14:40","Зала2","Cinema City - Paradice Center","CinemaCity"
"Одисея","2026-10-12T02:45:00","12.10.2026","Monday","14:45","Зала13","Cinema City - Paradice Center","CinemaCity"
"Верити","2026-10-12T02:50:00","12.10.2026","Monday","14:50","Зала3","Cinema City - Paradice Center","CinemaCity"
"Сръдльо","2026-10-12T03:10:00","12.10.2026","Monday","15:10","Зала5","Cinema City - Paradice Center","CinemaCity"
"Сърцето на звяра","2026-10-12T03:20:00","12.10.2026","Monday","15:20","Зала6","Cinema City - Paradice Center","CinemaCity"
"Заразно зло","2026-10-12T03:30:00","12.10.2026","Monday","15:30","Зала4","Cinema City - Paradice Center","CinemaCity"
"Спайдър-мен: Нов ден","2026-10-12T03:40:00","12.10.2026","Monday","15:40","Зала9","Cinema City - Paradice Center","CinemaCity"
"Миньони & чудовища","2026-10-12T04:00:00","12.10.2026","Monday","16:00","Зала12","Cinema City - Paradice Center","CinemaCity"
"Другата мама","2026-10-12T04:10:00","12.10.2026","Monday","16:10","Зала1","Cinema City - Paradice Center","CinemaCity"
"КОЙОТА срещу АКМЕ","2026-10-12T04:30:00","12.10.2026","Monday","16:30","Зала11","Cinema City - Paradice Center","CinemaCity"
"Отмъстителите: Краят – Специално издание","2026-10-12T04:30:00","12.10.2026","Monday","16:30","Зала8","Cinema City - Paradice Center","CinemaCity"
"Островът на забравата","2026-10-12T04:40:00","12.10.2026","Monday","16:40","Зала10","Cinema City - Paradice Center","CinemaCity"
"Нина Роза","2026-10-12T05:00:00","12.10.2026","Monday","17:00","Зала2","Cinema City - Paradice Center","CinemaCity"
"Зооекспрес","2026-10-12T05:10:00","12.10.2026","Monday","17:10","Зала14","Cinema City - Paradice Center","CinemaCity"
"Сръдльо","2026-10-12T05:15:00","12.10.2026","Monday","17:15","Зала5","Cinema City - Paradice Center","CinemaCity"
"Верити","2026-10-12T05:20:00","12.10.2026","Monday","17:20","Зала3","Cinema City - Paradice Center","CinemaCity"
"Заразно зло","2026-10-12T05:30:00","12.10.2026","Monday","17:30","Зала4","Cinema City - Paradice Center","CinemaCity"
"Сърцето на звяра","2026-10-12T05:30:00","12.10.2026","Monday","17:30","Зала6","Cinema City - Paradice Center","CinemaCity"
"Отмъстителите: Краят – Специално издание","2026-10-12T05:40:00","12.10.2026","Monday","17:40","Зала7","Cinema City - Paradice Center","CinemaCity"
"Не казвай на мама","2026-10-12T06:00:00","12.10.2026","Monday","18:00","Зала12","Cinema City - Paradice Center","CinemaCity"
"Одисея","2026-10-12T06:10:00","12.10.2026","Monday","18:10","Зала13","Cinema City - Paradice Center","CinemaCity"
"Другата мама","2026-10-12T06:15:00","12.10.2026","Monday","18:15","Зала1","Cinema City - Paradice Center","CinemaCity"
"Наследникът","2026-10-12T06:40:00","12.10.2026","Monday","18:40","Зала9","Cinema City - Paradice Center","CinemaCity"
"Верити","2026-10-12T06:45:00","12.10.2026","Monday","18:45","Зала11","Cinema City - Paradice Center","CinemaCity"
"Островът на забравата","2026-10-12T07:00:00","12.10.2026","Monday","19:00","Зала10","Cinema City - Paradice Center","CinemaCity"
"Сръдльо","2026-10-12T07:20:00","12.10.2026","Monday","19:20","Зала5","Cinema City - Paradice Center","CinemaCity"
"Нина Роза","2026-10-12T07:20:00","12.10.2026","Monday","19:20","Зала14","Cinema City - Paradice Center","CinemaCity"
"ALWAYS LALISA","2026-10-12T07:30:00","12.10.2026","Monday","19:30","Зала2","Cinema City - Paradice Center","CinemaCity"
"Заразно зло","2026-10-12T07:40:00","12.10.2026","Monday","19:40","Зала4","Cinema City - Paradice Center","CinemaCity"
"Сърцето на звяра","2026-10-12T07:45:00","12.10.2026","Monday","19:45","Зала6","Cinema City - Paradice Center","CinemaCity"
"Верити","2026-10-12T07:50:00","12.10.2026","Monday","19:50","Зала3","Cinema City - Paradice Center","CinemaCity"
"Другата мама","2026-10-12T08:00:00","12.10.2026","Monday","20:00","Зала8","Cinema City - Paradice Center","CinemaCity"
"Не казвай на мама","2026-10-12T08:10:00","12.10.2026","Monday","20:10","Зала12","Cinema City - Paradice Center","CinemaCity"
"Другата мама","2026-10-12T08:20:00","12.10.2026","Monday","20:20","Зала1","Cinema City - Paradice Center","CinemaCity"
"Сърцето на звяра","2026-10-12T09:00:00","12.10.2026","Monday","21:00","Зала9","Cinema City - Paradice Center","CinemaCity"
"Верити","2026-10-12T09:10:00","12.10.2026","Monday","21:10","Зала11","Cinema City - Paradice Center","CinemaCity"
"Отмъстителите: Краят – Специално издание","2026-10-12T09:15:00","12.10.2026","Monday","21:15","Зала7","Cinema City - Paradice Center","CinemaCity"
"Спайдър-мен: Нов ден","2026-10-12T09:20:00","12.10.2026","Monday","21:20","Зала5","Cinema City - Paradice Center","CinemaCity"
"Дигър","2026-10-12T09:20:00","12.10.2026","Monday","21:20","Зала10","Cinema City - Paradice Center","CinemaCity"
"Одисея","2026-10-12T09:30:00","12.10.2026","Monday","21:30","Зала13","Cinema City - Paradice Center","CinemaCity"
"Паяци","2026-10-12T09:40:00","12.10.2026","Monday","21:40","Зала14","Cinema City - Paradice Center","CinemaCity"
"Заразно зло","2026-10-12T09:45:00","12.10.2026","Monday","21:45","Зала4","Cinema City - Paradice Center","CinemaCity"
"Нина Роза","2026-10-12T09:50:00","12.10.2026","Monday","21:50","Зала2","Cinema City - Paradice Center","CinemaCity"
"Сърцето на звяра","2026-10-12T10:00:00","12.10.2026","Monday","22:00","Зала6","Cinema City - Paradice Center","CinemaCity"
"Другата мама","2026-10-12T10:00:00","12.10.2026","Monday","22:00","Зала8","Cinema City - Paradice Center","CinemaCity"
"Верити","2026-10-12T10:15:00","12.10.2026","Monday","22:15","Зала3","Cinema City - Paradice Center","CinemaCity"
"Не казвай на мама","2026-10-12T10:20:00","12.10.2026","Monday","22:20","Зала12","Cinema City - Paradice Center","CinemaCity"
"Другата мама","2026-10-12T10:30:00","12.10.2026","Monday","22:30","Зала1","Cinema City - Paradice Center","CinemaCity"
"СРЪДЛЬО","2026-10-12T11:30:00","12.10.2026","Monday","11:30","Зала 6","CineGrand - Park Center","CineGrand"
"МИНЬОНИ И ЧУДОВИЩА","2026-10-12T12:15:00","12.10.2026","Monday","12:15","Зала 1","CineGrand - Park Center","CineGrand"
"ЗООЕКСПРЕС","2026-10-12T12:30:00","12.10.2026","Monday","12:30","Зала 2","CineGrand - Park Center","CineGrand"
"ВЕРИТИ","2026-10-12T01:15:00","12.10.2026","Monday","13:15","Зала 4","CineGrand - Park Center","CineGrand"
"СЪРЦЕТО НА ЗВЯРА","2026-10-12T01:40:00","12.10.2026","Monday","13:40","Зала 5","CineGrand - Park Center","CineGrand"
"ОСТРОВЪТ НА ЗАБРАВАТА","2026-10-12T01:45:00","12.10.2026","Monday","13:45","Зала 3","CineGrand - Park Center","CineGrand"
"НЕ КАЗВАЙ НА МАМА","2026-10-12T02:15:00","12.10.2026","Monday","14:15","Зала 1","CineGrand - Park Center","CineGrand"
"ОТМЪСТИТЕЛИТЕ: КРАЯТ – СПЕЦИАЛНО ИЗДАНИЕ","2026-10-12T04:00:00","12.10.2026","Monday","16:00","Зала 5","CineGrand - Park Center","CineGrand"
"ДРУГАТА МАМА","2026-10-12T04:15:00","12.10.2026","Monday","16:15","Зала 3","CineGrand - Park Center","CineGrand"
"НИНА РОЗА","2026-10-12T05:00:00","12.10.2026","Monday","17:00","Зала 2","CineGrand - Park Center","CineGrand"
"ОДИСЕЯ","2026-10-12T09:30:00","12.10.2026","Monday","21:30","Зала 6","CineGrand - Park Center","CineGrand"
"ДИГЪР","2026-10-12T09:45:00","12.10.2026","Monday","21:45","Зала 2","CineGrand - Park Center","CineGrand"
"ПЕС ПАТРУЛ: ДИНО ФИЛМЪТ","2026-10-12T12:10:00","12.10.2026","Monday","12:10","Зала 4","CineGrand - Sofia Ring Mall","CineGrand"
"СРЪДЛЬО","2026-10-12T12:15:00","12.10.2026","Monday","12:15","Зала 2","CineGrand - Sofia Ring Mall","CineGrand"
"ТАЙНИЯТ СВЯТ НА ФИНИК 2","2026-10-12T12:20:00","12.10.2026","Monday","12:20","TSAR Зала 6","CineGrand - Sofia Ring Mall","CineGrand"
"ОСТРОВЪТ НА ЗАБРАВАТА","2026-10-12T12:30:00","12.10.2026","Monday","12:30","Зала 3","CineGrand - Sofia Ring Mall","CineGrand"
"ЗООЕКСПРЕС","2026-10-12T12:40:00","12.10.2026","Monday","12:40","Зала 7","CineGrand - Sofia Ring Mall","CineGrand"
"СЪРЦЕТО НА ЗВЯРА","2026-10-12T01:00:00","12.10.2026","Monday","13:00","Зала 10","CineGrand - Sofia Ring Mall","CineGrand"
"МИНЬОНИ И ЧУДОВИЩА","2026-10-12T01:10:00","12.10.2026","Monday","13:10","Зала 8","CineGrand - Sofia Ring Mall","CineGrand"
"СПАЙДЪР-МЕН: НОВ ДЕН","2026-10-12T01:20:00","12.10.2026","Monday","13:20","TSAR Зала 5","CineGrand - Sofia Ring Mall","CineGrand"
"ДРУГАТА МАМА","2026-10-12T01:50:00","12.10.2026","Monday","13:50","Зала 9","CineGrand - Sofia Ring Mall","CineGrand"
"НЕ КАЗВАЙ НА МАМА","2026-10-12T02:10:00","12.10.2026","Monday","14:10","Зала 4","CineGrand - Sofia Ring Mall","CineGrand"
"ВЕРИТИ","2026-10-12T03:10:00","12.10.2026","Monday","15:10","Зала 8","CineGrand - Sofia Ring Mall","CineGrand"
"НИНА РОЗА","2026-10-12T04:30:00","12.10.2026","Monday","16:30","TSAR Зала 5","CineGrand - Sofia Ring Mall","CineGrand"
"ЗАРАЗНО ЗЛО ","2026-10-12T05:15:00","12.10.2026","Monday","17:15","Зала 1","CineGrand - Sofia Ring Mall","CineGrand"
"ОТМЪСТИТЕЛИТЕ: КРАЯТ – СПЕЦИАЛНО ИЗДАНИЕ","2026-10-12T07:45:00","12.10.2026","Monday","19:45","Зала 3","CineGrand - Sofia Ring Mall","CineGrand"
"ДИГЪР","2026-10-12T08:15:00","12.10.2026","Monday","20:15","Зала 2","CineGrand - Sofia Ring Mall","CineGrand"
"ОДИСЕЯ","2026-10-12T09:00:00","12.10.2026","Monday","21:00","TSAR Зала 5","CineGrand - Sofia Ring Mall","CineGrand"
"ПАЯЦИ","2026-10-12T10:20:00","12.10.2026","Monday","22:20","Зала 1","CineGrand - Sofia Ring Mall","CineGrand"
"КОВАРЕН КАПАН: БЯГСТВО ОТ ОТВЪДНОТО","2026-10-12T11:00:00","12.10.2026","Monday","23:00","Зала 2","CineGrand - Sofia Ring Mall","CineGrand"
"Миньони &amp; чудовища","2026-10-12T01:10:00","12.10.2026","Monday","13:10","Digital; Dubbed; LUXE","Kino Arena - The Mall","KinoArena"
"Одисея","2026-10-12T08:20:00","12.10.2026","Monday","20:20","BG Subtitles; Digital; LUXE","Kino Arena - The Mall","KinoArena"
"Спайдър-мен: Нов ден","2026-10-12T05:20:00","12.10.2026","Monday","17:20","3D Digital; BG Subtitles; LUXE","Kino Arena - The Mall","KinoArena"
"Пес Патрул: Дино Филмът","2026-10-12T03:50:00","12.10.2026","Monday","15:50","Digital; Dubbed; LUXE","Kino Arena - The Mall","KinoArena"
"Бунтовникът","2026-10-12T08:45:00","12.10.2026","Monday","20:45","BG Subtitles; Digital; LUXE","Kino Arena - The Mall","KinoArena"
"Коварен капан: Бягство от отвъдното","2026-10-12T10:30:00","12.10.2026","Monday","22:30","BG Subtitles; Digital; LUXE","Kino Arena - The Mall","KinoArena"
"Койота срещу Акме","2026-10-12T01:15:00","12.10.2026","Monday","13:15","Digital; Dubbed; LUXE","Kino Arena - The Mall","KinoArena"
"Падане 2","2026-10-12T07:50:00","12.10.2026","Monday","19:50","BG Subtitles; Digital; LUXE","Kino Arena - The Mall","KinoArena"
"Приложна магия 2","2026-10-12T05:50:00","12.10.2026","Monday","17:50","BG Subtitles; Digital; LUXE","Kino Arena - The Mall","KinoArena"
"Наследникът","2026-10-12T03:10:00","12.10.2026","Monday","15:10","Digital; Dubbed; LUXE","Kino Arena - The Mall","KinoArena"
"Заразно зло","2026-10-12T02:00:00","12.10.2026","Monday","14:00","BG Subtitles; Digital; LUXE","Kino Arena - The Mall","KinoArena"
"Заразно зло","2026-10-12T08:30:00","12.10.2026","Monday","20:30","BG Subtitles; Digital; LUXE","Kino Arena - The Mall","KinoArena"
"Заразно зло","2026-10-12T10:40:00","12.10.2026","Monday","22:40","BG Subtitles; Digital; LUXE","Kino Arena - The Mall","KinoArena"
"Сърцето на звяра","2026-10-12T02:20:00","12.10.2026","Monday","14:20","BG Subtitles; Digital; LUXE","Kino Arena - The Mall","KinoArena"
"Сърцето на звяра","2026-10-12T05:40:00","12.10.2026","Monday","17:40","BG Subtitles; Digital; LUXE","Kino Arena - The Mall","KinoArena"
"Сърцето на звяра","2026-10-12T08:10:00","12.10.2026","Monday","20:10","BG Subtitles; Digital; LUXE","Kino Arena - The Mall","KinoArena"
"Сърцето на звяра","2026-10-12T10:20:00","12.10.2026","Monday","22:20","BG Subtitles; Digital; LUXE","Kino Arena - The Mall","KinoArena"
"Островът на забравата","2026-10-12T01:30:00","12.10.2026","Monday","13:30","Digital; Dubbed; LUXE","Kino Arena - The Mall","KinoArena"
"Островът на забравата","2026-10-12T04:20:00","12.10.2026","Monday","16:20","Digital; Dubbed; LUXE","Kino Arena - The Mall","KinoArena"
"Отмъстителите: Краят – Специално издание","2026-10-12T06:30:00","12.10.2026","Monday","18:30","3D Digital; BG Subtitles; LUXE","Kino Arena - The Mall","KinoArena"
"Отмъстителите: Краят – Специално издание","2026-10-12T09:10:00","12.10.2026","Monday","21:10","3D Digital; BG Subtitles; LUXE","Kino Arena - The Mall","KinoArena"
"Верити","2026-10-12T02:40:00","12.10.2026","Monday","14:40","BG Subtitles; Digital; LUXE","Kino Arena - The Mall","KinoArena"
"Верити","2026-10-12T05:00:00","12.10.2026","Monday","17:00","BG Subtitles; Digital; LUXE","Kino Arena - The Mall","KinoArena"
"Верити","2026-10-12T07:15:00","12.10.2026","Monday","19:15","BG Subtitles; Digital; LUXE","Kino Arena - The Mall","KinoArena"
"Верити","2026-10-12T09:30:00","12.10.2026","Monday","21:30","BG Subtitles; Digital; LUXE","Kino Arena - The Mall","KinoArena"
"Дигър","2026-10-12T01:40:00","12.10.2026","Monday","13:40","BG Subtitles; Digital; LUXE","Kino Arena - The Mall","KinoArena"
"Дигър","2026-10-12T04:10:00","12.10.2026","Monday","16:10","BG Subtitles; Digital; LUXE","Kino Arena - The Mall","KinoArena"
"Дигър","2026-10-12T06:40:00","12.10.2026","Monday","18:40","BG Subtitles; Digital; LUXE","Kino Arena - The Mall","KinoArena"
"Дигър","2026-10-12T09:50:00","12.10.2026","Monday","21:50","BG Subtitles; Digital; LUXE","Kino Arena - The Mall","KinoArena"
"Зооекспрес","2026-10-12T02:30:00","12.10.2026","Monday","14:30","Digital; Dubbed; LUXE","Kino Arena - The Mall","KinoArena"
"Зооекспрес","2026-10-12T04:30:00","12.10.2026","Monday","16:30","Digital; Dubbed; LUXE","Kino Arena - The Mall","KinoArena"
"Зооекспрес","2026-10-12T06:20:00","12.10.2026","Monday","18:20","Digital; Dubbed; LUXE","Kino Arena - The Mall","KinoArena"
"Паяци","2026-10-12T03:30:00","12.10.2026","Monday","15:30","Digital; LUXE","Kino Arena - The Mall","KinoArena"
"Паяци","2026-10-12T09:40:00","12.10.2026","Monday","21:40","Digital; LUXE","Kino Arena - The Mall","KinoArena"
"Другата мама","2026-10-12T01:20:00","12.10.2026","Monday","13:20","BG Subtitles; Digital; LUXE","Kino Arena - The Mall","KinoArena"
"Другата мама","2026-10-12T04:00:00","12.10.2026","Monday","16:00","BG Subtitles; Digital; LUXE","Kino Arena - The Mall","KinoArena"
"Другата мама","2026-10-12T06:00:00","12.10.2026","Monday","18:00","BG Subtitles; Digital; LUXE","Kino Arena - The Mall","KinoArena"
"Другата мама","2026-10-12T08:00:00","12.10.2026","Monday","20:00","BG Subtitles; Digital; LUXE","Kino Arena - The Mall","KinoArena"
"Другата мама","2026-10-12T10:10:00","12.10.2026","Monday","22:10","BG Subtitles; Digital; LUXE","Kino Arena - The Mall","KinoArena"
"НЕ КАЗВАЙ НА МАМА","2026-10-12T02:50:00","12.10.2026","Monday","14:50","BG Subtitles; Digital; LUXE","Kino Arena - The Mall","KinoArena"
"НЕ КАЗВАЙ НА МАМА","2026-10-12T06:50:00","12.10.2026","Monday","18:50","BG Subtitles; Digital; LUXE","Kino Arena - The Mall","KinoArena"
"НЕ КАЗВАЙ НА МАМА","2026-10-12T10:00:00","12.10.2026","Monday","22:00","BG Subtitles; Digital; LUXE","Kino Arena - The Mall","KinoArena"
"Нина Роза","2026-10-12T04:50:00","12.10.2026","Monday","16:50","BG Subtitles; Digital; LUXE","Kino Arena - The Mall","KinoArena"
"Нина Роза","2026-10-12T07:30:00","12.10.2026","Monday","19:30","BG Subtitles; Digital; LUXE","Kino Arena - The Mall","KinoArena"
"СРЪДЛЬО","2026-10-12T01:00:00","12.10.2026","Monday","13:00","Digital; Dubbed; LUXE","Kino Arena - The Mall","KinoArena"
"СРЪДЛЬО","2026-10-12T03:20:00","12.10.2026","Monday","15:20","Digital; Dubbed; LUXE","Kino Arena - The Mall","KinoArena"
"СРЪДЛЬО","2026-10-12T05:30:00","12.10.2026","Monday","17:30","Digital; Dubbed; LUXE","Kino Arena - The Mall","KinoArena"
"Миньони &amp; чудовища","2026-10-12T01:10:00","12.10.2026","Monday","13:10","Digital; Dubbed; LUXE","Kino Arena - West Mall","KinoArena"
"Одисея","2026-10-12T08:20:00","12.10.2026","Monday","20:20","BG Subtitles; Digital; LUXE","Kino Arena - West Mall","KinoArena"
"Спайдър-мен: Нов ден","2026-10-12T05:20:00","12.10.2026","Monday","17:20","3D Digital; BG Subtitles; LUXE","Kino Arena - West Mall","KinoArena"
"Пес Патрул: Дино Филмът","2026-10-12T03:50:00","12.10.2026","Monday","15:50","Digital; Dubbed; LUXE","Kino Arena - West Mall","KinoArena"
"Бунтовникът","2026-10-12T08:45:00","12.10.2026","Monday","20:45","BG Subtitles; Digital; LUXE","Kino Arena - West Mall","KinoArena"
"Коварен капан: Бягство от отвъдното","2026-10-12T10:30:00","12.10.2026","Monday","22:30","BG Subtitles; Digital; LUXE","Kino Arena - West Mall","KinoArena"
"Койота срещу Акме","2026-10-12T01:15:00","12.10.2026","Monday","13:15","Digital; Dubbed; LUXE","Kino Arena - West Mall","KinoArena"
"Падане 2","2026-10-12T07:50:00","12.10.2026","Monday","19:50","BG Subtitles; Digital; LUXE","Kino Arena - West Mall","KinoArena"
"Приложна магия 2","2026-10-12T05:50:00","12.10.2026","Monday","17:50","BG Subtitles; Digital; LUXE","Kino Arena - West Mall","KinoArena"
"Наследникът","2026-10-12T03:10:00","12.10.2026","Monday","15:10","Digital; Dubbed; LUXE","Kino Arena - West Mall","KinoArena"
"Заразно зло","2026-10-12T02:00:00","12.10.2026","Monday","14:00","BG Subtitles; Digital; LUXE","Kino Arena - West Mall","KinoArena"
"Заразно зло","2026-10-12T08:30:00","12.10.2026","Monday","20:30","BG Subtitles; Digital; LUXE","Kino Arena - West Mall","KinoArena"
"Заразно зло","2026-10-12T10:40:00","12.10.2026","Monday","22:40","BG Subtitles; Digital; LUXE","Kino Arena - West Mall","KinoArena"
"Сърцето на звяра","2026-10-12T02:20:00","12.10.2026","Monday","14:20","BG Subtitles; Digital; LUXE","Kino Arena - West Mall","KinoArena"
"Сърцето на звяра","2026-10-12T05:40:00","12.10.2026","Monday","17:40","BG Subtitles; Digital; LUXE","Kino Arena - West Mall","KinoArena"
"Сърцето на звяра","2026-10-12T08:10:00","12.10.2026","Monday","20:10","BG Subtitles; Digital; LUXE","Kino Arena - West Mall","KinoArena"
"Сърцето на звяра","2026-10-12T10:20:00","12.10.2026","Monday","22:20","BG Subtitles; Digital; LUXE","Kino Arena - West Mall","KinoArena"
"Островът на забравата","2026-10-12T01:30:00","12.10.2026","Monday","13:30","Digital; Dubbed; LUXE","Kino Arena - West Mall","KinoArena"
"Островът на забравата","2026-10-12T04:20:00","12.10.2026","Monday","16:20","Digital; Dubbed; LUXE","Kino Arena - West Mall","KinoArena"
"Отмъстителите: Краят – Специално издание","2026-10-12T06:30:00","12.10.2026","Monday","18:30","3D Digital; BG Subtitles; LUXE","Kino Arena - West Mall","KinoArena"
"Отмъстителите: Краят – Специално издание","2026-10-12T09:10:00","12.10.2026","Monday","21:10","3D Digital; BG Subtitles; LUXE","Kino Arena - West Mall","KinoArena"
"Верити","2026-10-12T02:40:00","12.10.2026","Monday","14:40","BG Subtitles; Digital; LUXE","Kino Arena - West Mall","KinoArena"
"Верити","2026-10-12T05:00:00","12.10.2026","Monday","17:00","BG Subtitles; Digital; LUXE","Kino Arena - West Mall","KinoArena"
"Верити","2026-10-12T07:10:00","12.10.2026","Monday","19:10","BG Subtitles; Digital; LUXE","Kino Arena - West Mall","KinoArena"
"Верити","2026-10-12T09:30:00","12.10.2026","Monday","21:30","BG Subtitles; Digital; LUXE","Kino Arena - West Mall","KinoArena"
"Дигър","2026-10-12T01:40:00","12.10.2026","Monday","13:40","BG Subtitles; Digital; LUXE","Kino Arena - West Mall","KinoArena"
"Дигър","2026-10-12T04:10:00","12.10.2026","Monday","16:10","BG Subtitles; Digital; LUXE","Kino Arena - West Mall","KinoArena"
"Дигър","2026-10-12T06:40:00","12.10.2026","Monday","18:40","BG Subtitles; Digital; LUXE","Kino Arena - West Mall","KinoArena"
"Дигър","2026-10-12T09:50:00","12.10.2026","Monday","21:50","BG Subtitles; Digital; LUXE","Kino Arena - West Mall","KinoArena"
"Зооекспрес","2026-10-12T02:30:00","12.10.2026","Monday","14:30","Digital; Dubbed; LUXE","Kino Arena - West Mall","KinoArena"
"Зооекспрес","2026-10-12T04:30:00","12.10.2026","Monday","16:30","Digital; Dubbed; LUXE","Kino Arena - West Mall","KinoArena"
"Зооекспрес","2026-10-12T06:20:00","12.10.2026","Monday","18:20","Digital; Dubbed; LUXE","Kino Arena - West Mall","KinoArena"
"Паяци","2026-10-12T03:30:00","12.10.2026","Monday","15:30","Digital; LUXE","Kino Arena - West Mall","KinoArena"
"Паяци","2026-10-12T09:40:00","12.10.2026","Monday","21:40","Digital; LUXE","Kino Arena - West Mall","KinoArena"
"Другата мама","2026-10-12T01:20:00","12.10.2026","Monday","13:20","BG Subtitles; Digital; LUXE","Kino Arena - West Mall","KinoArena"
"Другата мама","2026-10-12T04:00:00","12.10.2026","Monday","16:00","BG Subtitles; Digital; LUXE","Kino Arena - West Mall","KinoArena"
"Другата мама","2026-10-12T06:00:00","12.10.2026","Monday","18:00","BG Subtitles; Digital; LUXE","Kino Arena - West Mall","KinoArena"
"Другата мама","2026-10-12T08:00:00","12.10.2026","Monday","20:00","BG Subtitles; Digital; LUXE","Kino Arena - West Mall","KinoArena"
"Другата мама","2026-10-12T10:10:00","12.10.2026","Monday","22:10","BG Subtitles; Digital; LUXE","Kino Arena - West Mall","KinoArena"
"НЕ КАЗВАЙ НА МАМА","2026-10-12T02:50:00","12.10.2026","Monday","14:50","BG Subtitles; Digital; LUXE","Kino Arena - West Mall","KinoArena"
"НЕ КАЗВАЙ НА МАМА","2026-10-12T06:50:00","12.10.2026","Monday","18:50","BG Subtitles; Digital; LUXE","Kino Arena - West Mall","KinoArena"
"НЕ КАЗВАЙ НА МАМА","2026-10-12T10:00:00","12.10.2026","Monday","22:00","BG Subtitles; Digital; LUXE","Kino Arena - West Mall","KinoArena"
"Нина Роза","2026-10-12T04:50:00","12.10.2026","Monday","16:50","BG Subtitles; Digital; LUXE","Kino Arena - West Mall","KinoArena"
"Нина Роза","2026-10-12T07:30:00","12.10.2026","Monday","19:30","BG Subtitles; Digital; LUXE","Kino Arena - West Mall","KinoArena"
"СРЪДЛЬО","2026-10-12T01:00:00","12.10.2026","Monday","13:00","Digital; Dubbed; LUXE","Kino Arena - West Mall","KinoArena"
"СРЪДЛЬО","2026-10-12T03:20:00","12.10.2026","Monday","15:20","Digital; Dubbed; LUXE","Kino Arena - West Mall","KinoArena"
"СРЪДЛЬО","2026-10-12T05:30:00","12.10.2026","Monday","17:30","Digital; Dubbed; LUXE","Kino Arena - West Mall","KinoArena"
"Островът на забравата","2026-10-13T01:00:00","13.10.2026","Tuesday","13:00","Зала1","Cinema City - Mall Of Sofia","CinemaCity"
"Сръдльо","2026-10-13T01:10:00","13.10.2026","Tuesday","13:10","Зала6","Cinema City - Mall Of Sofia","CinemaCity"
"Сръдльо","2026-10-13T02:00:00","13.10.2026","Tuesday","14:00","Зала2","Cinema City - Mall Of Sofia","CinemaCity"
"Другата мама","2026-10-13T02:10:00","13.10.2026","Tuesday","14:10","Зала7","Cinema City - Mall Of Sofia","CinemaCity"
"Отмъстителите: Краят – Специално издание","2026-10-13T02:20:00","13.10.2026","Tuesday","14:20","IMAX","Cinema City - Mall Of Sofia","CinemaCity"
"Зооекспрес","2026-10-13T02:30:00","13.10.2026","Tuesday","14:30","Зала5","Cinema City - Mall Of Sofia","CinemaCity"
"Нина Роза","2026-10-13T02:45:00","13.10.2026","Tuesday","14:45","Зала3","Cinema City - Mall Of Sofia","CinemaCity"
"Одисея","2026-10-13T03:20:00","13.10.2026","Tuesday","15:20","Зала1","Cinema City - Mall Of Sofia","CinemaCity"
"Сръдльо","2026-10-13T03:20:00","13.10.2026","Tuesday","15:20","Зала6","Cinema City - Mall Of Sofia","CinemaCity"
"Пес Патрул: Дино филмът","2026-10-13T04:00:00","13.10.2026","Tuesday","16:00","Зала2","Cinema City - Mall Of Sofia","CinemaCity"
"Другата мама","2026-10-13T04:10:00","13.10.2026","Tuesday","16:10","Зала7","Cinema City - Mall Of Sofia","CinemaCity"
"Спайдър-мен: Нов ден","2026-10-13T04:15:00","13.10.2026","Tuesday","16:15","Зала11","Cinema City - Mall Of Sofia","CinemaCity"
"Заразно зло","2026-10-13T04:20:00","13.10.2026","Tuesday","16:20","Зала10","Cinema City - Mall Of Sofia","CinemaCity"
"Зооекспрес","2026-10-13T04:30:00","13.10.2026","Tuesday","16:30","Зала5","Cinema City - Mall Of Sofia","CinemaCity"
"Островът на забравата","2026-10-13T04:40:00","13.10.2026","Tuesday","16:40","Зала4","Cinema City - Mall Of Sofia","CinemaCity"
"Нина Роза","2026-10-13T05:00:00","13.10.2026","Tuesday","17:00","Зала3","Cinema City - Mall Of Sofia","CinemaCity"
"Верити","2026-10-13T05:10:00","13.10.2026","Tuesday","17:10","Зала8","Cinema City - Mall Of Sofia","CinemaCity"
"Сърцето на звяра","2026-10-13T05:20:00","13.10.2026","Tuesday","17:20","Зала12","Cinema City - Mall Of Sofia","CinemaCity"
"Сръдльо","2026-10-13T05:30:00","13.10.2026","Tuesday","17:30","Зала9","Cinema City - Mall Of Sofia","CinemaCity"
"Не казвай на мама","2026-10-13T05:40:00","13.10.2026","Tuesday","17:40","Зала6","Cinema City - Mall Of Sofia","CinemaCity"
"Одисея","2026-10-13T06:00:00","13.10.2026","Tuesday","18:00","IMAX","Cinema City - Mall Of Sofia","CinemaCity"
"КОЙОТА срещу АКМЕ","2026-10-13T06:00:00","13.10.2026","Tuesday","18:00","Зала2","Cinema City - Mall Of Sofia","CinemaCity"
"Другата мама","2026-10-13T06:15:00","13.10.2026","Tuesday","18:15","Зала7","Cinema City - Mall Of Sofia","CinemaCity"
"Зооекспрес","2026-10-13T06:30:00","13.10.2026","Tuesday","18:30","Зала5","Cinema City - Mall Of Sofia","CinemaCity"
"Верити","2026-10-13T06:40:00","13.10.2026","Tuesday","18:40","Зала1","Cinema City - Mall Of Sofia","CinemaCity"
"Наследникът","2026-10-13T06:50:00","13.10.2026","Tuesday","18:50","Зала10","Cinema City - Mall Of Sofia","CinemaCity"
"Островът на забравата","2026-10-13T07:00:00","13.10.2026","Tuesday","19:00","Зала4","Cinema City - Mall Of Sofia","CinemaCity"
"Нина Роза","2026-10-13T07:15:00","13.10.2026","Tuesday","19:15","Зала3","Cinema City - Mall Of Sofia","CinemaCity"
"Заразно зло","2026-10-13T07:20:00","13.10.2026","Tuesday","19:20","Зала11","Cinema City - Mall Of Sofia","CinemaCity"
"Сръдльо","2026-10-13T07:30:00","13.10.2026","Tuesday","19:30","Зала9","Cinema City - Mall Of Sofia","CinemaCity"
"Сърцето на звяра","2026-10-13T07:40:00","13.10.2026","Tuesday","19:40","Зала12","Cinema City - Mall Of Sofia","CinemaCity"
"Не казвай на мама","2026-10-13T07:45:00","13.10.2026","Tuesday","19:45","Зала6","Cinema City - Mall Of Sofia","CinemaCity"
"Верити","2026-10-13T07:50:00","13.10.2026","Tuesday","19:50","Зала8","Cinema City - Mall Of Sofia","CinemaCity"
"Одисея","2026-10-13T08:15:00","13.10.2026","Tuesday","20:15","Зала2","Cinema City - Mall Of Sofia","CinemaCity"
"Другата мама","2026-10-13T08:20:00","13.10.2026","Tuesday","20:20","Зала7","Cinema City - Mall Of Sofia","CinemaCity"
"Дигър","2026-10-13T08:30:00","13.10.2026","Tuesday","20:30","Зала5","Cinema City - Mall Of Sofia","CinemaCity"
"Верити","2026-10-13T09:10:00","13.10.2026","Tuesday","21:10","Зала1","Cinema City - Mall Of Sofia","CinemaCity"
"Падане 2: Мъртва точка","2026-10-13T09:15:00","13.10.2026","Tuesday","21:15","Зала10","Cinema City - Mall Of Sofia","CinemaCity"
"Паяци","2026-10-13T09:20:00","13.10.2026","Tuesday","21:20","Зала4","Cinema City - Mall Of Sofia","CinemaCity"
"Отмъстителите: Краят – Специално издание","2026-10-13T09:30:00","13.10.2026","Tuesday","21:30","IMAX","Cinema City - Mall Of Sofia","CinemaCity"
"Заразно зло","2026-10-13T09:30:00","13.10.2026","Tuesday","21:30","Зала11","Cinema City - Mall Of Sofia","CinemaCity"
"Нина Роза","2026-10-13T09:40:00","13.10.2026","Tuesday","21:40","Зала3","Cinema City - Mall Of Sofia","CinemaCity"
"Куриерът","2026-10-13T09:40:00","13.10.2026","Tuesday","21:40","Зала9","Cinema City - Mall Of Sofia","CinemaCity"
"Сърцето на звяра","2026-10-13T09:50:00","13.10.2026","Tuesday","21:50","Зала12","Cinema City - Mall Of Sofia","CinemaCity"
"Не казвай на мама","2026-10-13T10:00:00","13.10.2026","Tuesday","22:00","Зала6","Cinema City - Mall Of Sofia","CinemaCity"
"Верити","2026-10-13T10:20:00","13.10.2026","Tuesday","22:20","Зала8","Cinema City - Mall Of Sofia","CinemaCity"
"Другата мама","2026-10-13T10:30:00","13.10.2026","Tuesday","22:30","Зала7","Cinema City - Mall Of Sofia","CinemaCity"
"Сръдльо","2026-10-13T01:10:00","13.10.2026","Tuesday","13:10","Зала5","Cinema City - Paradice Center","CinemaCity"
"Сърцето на звяра","2026-10-13T01:10:00","13.10.2026","Tuesday","13:10","Зала6","Cinema City - Paradice Center","CinemaCity"
"Заразно зло","2026-10-13T01:30:00","13.10.2026","Tuesday","13:30","Зала4","Cinema City - Paradice Center","CinemaCity"
"Зооекспрес","2026-10-13T01:40:00","13.10.2026","Tuesday","13:40","Зала9","Cinema City - Paradice Center","CinemaCity"
"Не казвай на мама","2026-10-13T01:50:00","13.10.2026","Tuesday","13:50","Зала12","Cinema City - Paradice Center","CinemaCity"
"Другата мама","2026-10-13T02:00:00","13.10.2026","Tuesday","14:00","Зала2","Cinema City - Paradice Center","CinemaCity"
"Отмъстителите: Краят – Специално издание","2026-10-13T02:00:00","13.10.2026","Tuesday","14:00","Зала7","Cinema City - Paradice Center","CinemaCity"
"Островът на забравата","2026-10-13T02:20:00","13.10.2026","Tuesday","14:20","Зала10","Cinema City - Paradice Center","CinemaCity"
"Дигър","2026-10-13T02:30:00","13.10.2026","Tuesday","14:30","Зала14","Cinema City - Paradice Center","CinemaCity"
"Другата мама","2026-10-13T02:30:00","13.10.2026","Tuesday","14:30","Зала8","Cinema City - Paradice Center","CinemaCity"
"Нина Роза","2026-10-13T02:40:00","13.10.2026","Tuesday","14:40","Зала1","Cinema City - Paradice Center","CinemaCity"
"Верити","2026-10-13T02:50:00","13.10.2026","Tuesday","14:50","Зала3","Cinema City - Paradice Center","CinemaCity"
"Сръдльо","2026-10-13T03:10:00","13.10.2026","Tuesday","15:10","Зала5","Cinema City - Paradice Center","CinemaCity"
"Сърцето на звяра","2026-10-13T03:20:00","13.10.2026","Tuesday","15:20","Зала6","Cinema City - Paradice Center","CinemaCity"
"Заразно зло","2026-10-13T03:30:00","13.10.2026","Tuesday","15:30","Зала4","Cinema City - Paradice Center","CinemaCity"
"КОЙОТА срещу АКМЕ","2026-10-13T03:50:00","13.10.2026","Tuesday","15:50","Зала13","Cinema City - Paradice Center","CinemaCity"
"Спайдър-мен: Нов ден","2026-10-13T03:50:00","13.10.2026","Tuesday","15:50","Зала9","Cinema City - Paradice Center","CinemaCity"
"Миньони & чудовища","2026-10-13T04:00:00","13.10.2026","Tuesday","16:00","Зала12","Cinema City - Paradice Center","CinemaCity"
"Другата мама","2026-10-13T04:10:00","13.10.2026","Tuesday","16:10","Зала2","Cinema City - Paradice Center","CinemaCity"
"Отмъстителите: Краят – Специално издание","2026-10-13T04:30:00","13.10.2026","Tuesday","16:30","Зала8","Cinema City - Paradice Center","CinemaCity"
"Островът на забравата","2026-10-13T04:40:00","13.10.2026","Tuesday","16:40","Зала10","Cinema City - Paradice Center","CinemaCity"
"Нина Роза","2026-10-13T05:00:00","13.10.2026","Tuesday","17:00","Зала1","Cinema City - Paradice Center","CinemaCity"
"Зооекспрес","2026-10-13T05:10:00","13.10.2026","Tuesday","17:10","Зала14","Cinema City - Paradice Center","CinemaCity"
"Сръдльо","2026-10-13T05:15:00","13.10.2026","Tuesday","17:15","Зала5","Cinema City - Paradice Center","CinemaCity"
"Верити","2026-10-13T05:20:00","13.10.2026","Tuesday","17:20","Зала3","Cinema City - Paradice Center","CinemaCity"
"Заразно зло","2026-10-13T05:30:00","13.10.2026","Tuesday","17:30","Зала4","Cinema City - Paradice Center","CinemaCity"
"Сърцето на звяра","2026-10-13T05:30:00","13.10.2026","Tuesday","17:30","Зала6","Cinema City - Paradice Center","CinemaCity"
"Отмъстителите: Краят – Специално издание","2026-10-13T05:40:00","13.10.2026","Tuesday","17:40","Зала7","Cinema City - Paradice Center","CinemaCity"
"Не казвай на мама","2026-10-13T06:00:00","13.10.2026","Tuesday","18:00","Зала12","Cinema City - Paradice Center","CinemaCity"
"Одисея","2026-10-13T06:10:00","13.10.2026","Tuesday","18:10","Зала13","Cinema City - Paradice Center","CinemaCity"
"Другата мама","2026-10-13T06:15:00","13.10.2026","Tuesday","18:15","Зала2","Cinema City - Paradice Center","CinemaCity"
"Верити","2026-10-13T06:45:00","13.10.2026","Tuesday","18:45","Зала11","Cinema City - Paradice Center","CinemaCity"
"Сърцето на звяра","2026-10-13T06:50:00","13.10.2026","Tuesday","18:50","Зала9","Cinema City - Paradice Center","CinemaCity"
"Островът на забравата","2026-10-13T07:00:00","13.10.2026","Tuesday","19:00","Зала10","Cinema City - Paradice Center","CinemaCity"
"Наследникът","2026-10-13T07:10:00","13.10.2026","Tuesday","19:10","Зала14","Cinema City - Paradice Center","CinemaCity"
"Сръдльо","2026-10-13T07:20:00","13.10.2026","Tuesday","19:20","Зала5","Cinema City - Paradice Center","CinemaCity"
"Нина Роза","2026-10-13T07:30:00","13.10.2026","Tuesday","19:30","Зала1","Cinema City - Paradice Center","CinemaCity"
"Заразно зло","2026-10-13T07:40:00","13.10.2026","Tuesday","19:40","Зала4","Cinema City - Paradice Center","CinemaCity"
"Сърцето на звяра","2026-10-13T07:45:00","13.10.2026","Tuesday","19:45","Зала6","Cinema City - Paradice Center","CinemaCity"
"Верити","2026-10-13T07:50:00","13.10.2026","Tuesday","19:50","Зала3","Cinema City - Paradice Center","CinemaCity"
"Другата мама","2026-10-13T08:00:00","13.10.2026","Tuesday","20:00","Зала8","Cinema City - Paradice Center","CinemaCity"
"Не казвай на мама","2026-10-13T08:10:00","13.10.2026","Tuesday","20:10","Зала12","Cinema City - Paradice Center","CinemaCity"
"Другата мама","2026-10-13T08:20:00","13.10.2026","Tuesday","20:20","Зала2","Cinema City - Paradice Center","CinemaCity"
"Сърцето на звяра","2026-10-13T09:00:00","13.10.2026","Tuesday","21:00","Зала9","Cinema City - Paradice Center","CinemaCity"
"Верити","2026-10-13T09:10:00","13.10.2026","Tuesday","21:10","Зала11","Cinema City - Paradice Center","CinemaCity"
"Отмъстителите: Краят – Специално издание","2026-10-13T09:15:00","13.10.2026","Tuesday","21:15","Зала7","Cinema City - Paradice Center","CinemaCity"
"Спайдър-мен: Нов ден","2026-10-13T09:20:00","13.10.2026","Tuesday","21:20","Зала5","Cinema City - Paradice Center","CinemaCity"
"Дигър","2026-10-13T09:20:00","13.10.2026","Tuesday","21:20","Зала10","Cinema City - Paradice Center","CinemaCity"
"Одисея","2026-10-13T09:30:00","13.10.2026","Tuesday","21:30","Зала13","Cinema City - Paradice Center","CinemaCity"
"Паяци","2026-10-13T09:40:00","13.10.2026","Tuesday","21:40","Зала14","Cinema City - Paradice Center","CinemaCity"
"Заразно зло","2026-10-13T09:45:00","13.10.2026","Tuesday","21:45","Зала4","Cinema City - Paradice Center","CinemaCity"
"Нина Роза","2026-10-13T09:50:00","13.10.2026","Tuesday","21:50","Зала1","Cinema City - Paradice Center","CinemaCity"
"Сърцето на звяра","2026-10-13T10:00:00","13.10.2026","Tuesday","22:00","Зала6","Cinema City - Paradice Center","CinemaCity"
"Другата мама","2026-10-13T10:00:00","13.10.2026","Tuesday","22:00","Зала8","Cinema City - Paradice Center","CinemaCity"
"Верити","2026-10-13T10:15:00","13.10.2026","Tuesday","22:15","Зала3","Cinema City - Paradice Center","CinemaCity"
"Не казвай на мама","2026-10-13T10:20:00","13.10.2026","Tuesday","22:20","Зала12","Cinema City - Paradice Center","CinemaCity"
"Другата мама","2026-10-13T10:30:00","13.10.2026","Tuesday","22:30","Зала2","Cinema City - Paradice Center","CinemaCity"
"СРЪДЛЬО","2026-10-13T11:30:00","13.10.2026","Tuesday","11:30","Зала 6","CineGrand - Park Center","CineGrand"
"МИНЬОНИ И ЧУДОВИЩА","2026-10-13T12:15:00","13.10.2026","Tuesday","12:15","Зала 1","CineGrand - Park Center","CineGrand"
"ЗООЕКСПРЕС","2026-10-13T12:30:00","13.10.2026","Tuesday","12:30","Зала 2","CineGrand - Park Center","CineGrand"
"ВЕРИТИ","2026-10-13T01:15:00","13.10.2026","Tuesday","13:15","Зала 4","CineGrand - Park Center","CineGrand"
"СЪРЦЕТО НА ЗВЯРА","2026-10-13T01:40:00","13.10.2026","Tuesday","13:40","Зала 5","CineGrand - Park Center","CineGrand"
"ОСТРОВЪТ НА ЗАБРАВАТА","2026-10-13T01:45:00","13.10.2026","Tuesday","13:45","Зала 3","CineGrand - Park Center","CineGrand"
"НЕ КАЗВАЙ НА МАМА","2026-10-13T02:15:00","13.10.2026","Tuesday","14:15","Зала 1","CineGrand - Park Center","CineGrand"
"ОТМЪСТИТЕЛИТЕ: КРАЯТ – СПЕЦИАЛНО ИЗДАНИЕ","2026-10-13T04:00:00","13.10.2026","Tuesday","16:00","Зала 5","CineGrand - Park Center","CineGrand"
"ДРУГАТА МАМА","2026-10-13T04:15:00","13.10.2026","Tuesday","16:15","Зала 3","CineGrand - Park Center","CineGrand"
"НИНА РОЗА","2026-10-13T05:00:00","13.10.2026","Tuesday","17:00","Зала 2","CineGrand - Park Center","CineGrand"
"ОДИСЕЯ","2026-10-13T09:30:00","13.10.2026","Tuesday","21:30","Зала 6","CineGrand - Park Center","CineGrand"
"ДИГЪР","2026-10-13T09:45:00","13.10.2026","Tuesday","21:45","Зала 2","CineGrand - Park Center","CineGrand"
"ПЕС ПАТРУЛ: ДИНО ФИЛМЪТ","2026-10-13T12:10:00","13.10.2026","Tuesday","12:10","Зала 4","CineGrand - Sofia Ring Mall","CineGrand"
"СРЪДЛЬО","2026-10-13T12:15:00","13.10.2026","Tuesday","12:15","Зала 2","CineGrand - Sofia Ring Mall","CineGrand"
"ТАЙНИЯТ СВЯТ НА ФИНИК 2","2026-10-13T12:20:00","13.10.2026","Tuesday","12:20","TSAR Зала 6","CineGrand - Sofia Ring Mall","CineGrand"
"ОСТРОВЪТ НА ЗАБРАВАТА","2026-10-13T12:30:00","13.10.2026","Tuesday","12:30","Зала 3","CineGrand - Sofia Ring Mall","CineGrand"
"ЗООЕКСПРЕС","2026-10-13T12:40:00","13.10.2026","Tuesday","12:40","Зала 7","CineGrand - Sofia Ring Mall","CineGrand"
"СЪРЦЕТО НА ЗВЯРА","2026-10-13T01:00:00","13.10.2026","Tuesday","13:00","Зала 10","CineGrand - Sofia Ring Mall","CineGrand"
"МИНЬОНИ И ЧУДОВИЩА","2026-10-13T01:10:00","13.10.2026","Tuesday","13:10","Зала 8","CineGrand - Sofia Ring Mall","CineGrand"
"СПАЙДЪР-МЕН: НОВ ДЕН","2026-10-13T01:20:00","13.10.2026","Tuesday","13:20","TSAR Зала 5","CineGrand - Sofia Ring Mall","CineGrand"
"ДРУГАТА МАМА","2026-10-13T01:50:00","13.10.2026","Tuesday","13:50","Зала 9","CineGrand - Sofia Ring Mall","CineGrand"
"НЕ КАЗВАЙ НА МАМА","2026-10-13T02:10:00","13.10.2026","Tuesday","14:10","Зала 4","CineGrand - Sofia Ring Mall","CineGrand"
"ВЕРИТИ","2026-10-13T03:10:00","13.10.2026","Tuesday","15:10","Зала 8","CineGrand - Sofia Ring Mall","CineGrand"
"НИНА РОЗА","2026-10-13T04:30:00","13.10.2026","Tuesday","16:30","TSAR Зала 5","CineGrand - Sofia Ring Mall","CineGrand"
"ЗАРАЗНО ЗЛО ","2026-10-13T05:15:00","13.10.2026","Tuesday","17:15","Зала 1","CineGrand - Sofia Ring Mall","CineGrand"
"ОТМЪСТИТЕЛИТЕ: КРАЯТ – СПЕЦИАЛНО ИЗДАНИЕ","2026-10-13T07:45:00","13.10.2026","Tuesday","19:45","Зала 3","CineGrand - Sofia Ring Mall","CineGrand"
"ДИГЪР","2026-10-13T08:15:00","13.10.2026","Tuesday","20:15","Зала 2","CineGrand - Sofia Ring Mall","CineGrand"
"ОДИСЕЯ","2026-10-13T09:00:00","13.10.2026","Tuesday","21:00","TSAR Зала 5","CineGrand - Sofia Ring Mall","CineGrand"
"ПАЯЦИ","2026-10-13T10:20:00","13.10.2026","Tuesday","22:20","Зала 1","CineGrand - Sofia Ring Mall","CineGrand"
"КОВАРЕН КАПАН: БЯГСТВО ОТ ОТВЪДНОТО","2026-10-13T11:00:00","13.10.2026","Tuesday","23:00","Зала 2","CineGrand - Sofia Ring Mall","CineGrand"
"Миньони &amp; чудовища","2026-10-13T01:10:00","13.10.2026","Tuesday","13:10","Digital; Dubbed; LUXE","Kino Arena - The Mall","KinoArena"
"Одисея","2026-10-13T08:20:00","13.10.2026","Tuesday","20:20","BG Subtitles; Digital; LUXE","Kino Arena - The Mall","KinoArena"
"Спайдър-мен: Нов ден","2026-10-13T05:20:00","13.10.2026","Tuesday","17:20","3D Digital; BG Subtitles; LUXE","Kino Arena - The Mall","KinoArena"
"Пес Патрул: Дино Филмът","2026-10-13T03:50:00","13.10.2026","Tuesday","15:50","Digital; Dubbed; LUXE","Kino Arena - The Mall","KinoArena"
"Коварен капан: Бягство от отвъдното","2026-10-13T10:30:00","13.10.2026","Tuesday","22:30","BG Subtitles; Digital; LUXE","Kino Arena - The Mall","KinoArena"
"Койота срещу Акме","2026-10-13T01:15:00","13.10.2026","Tuesday","13:15","Digital; Dubbed; LUXE","Kino Arena - The Mall","KinoArena"
"Падане 2","2026-10-13T07:50:00","13.10.2026","Tuesday","19:50","BG Subtitles; Digital; LUXE","Kino Arena - The Mall","KinoArena"
"Приложна магия 2","2026-10-13T05:50:00","13.10.2026","Tuesday","17:50","BG Subtitles; Digital; LUXE","Kino Arena - The Mall","KinoArena"
"Куриерът","2026-10-13T08:45:00","13.10.2026","Tuesday","20:45","BG Subtitles; Digital; LUXE","Kino Arena - The Mall","KinoArena"
"Наследникът","2026-10-13T03:10:00","13.10.2026","Tuesday","15:10","Digital; Dubbed; LUXE","Kino Arena - The Mall","KinoArena"
"Заразно зло","2026-10-13T02:00:00","13.10.2026","Tuesday","14:00","BG Subtitles; Digital; LUXE","Kino Arena - The Mall","KinoArena"
"Заразно зло","2026-10-13T08:30:00","13.10.2026","Tuesday","20:30","BG Subtitles; Digital; LUXE","Kino Arena - The Mall","KinoArena"
"Заразно зло","2026-10-13T10:40:00","13.10.2026","Tuesday","22:40","BG Subtitles; Digital; LUXE","Kino Arena - The Mall","KinoArena"
"Сърцето на звяра","2026-10-13T02:20:00","13.10.2026","Tuesday","14:20","BG Subtitles; Digital; LUXE","Kino Arena - The Mall","KinoArena"
"Сърцето на звяра","2026-10-13T05:40:00","13.10.2026","Tuesday","17:40","BG Subtitles; Digital; LUXE","Kino Arena - The Mall","KinoArena"
"Сърцето на звяра","2026-10-13T08:10:00","13.10.2026","Tuesday","20:10","BG Subtitles; Digital; LUXE","Kino Arena - The Mall","KinoArena"
"Сърцето на звяра","2026-10-13T10:20:00","13.10.2026","Tuesday","22:20","BG Subtitles; Digital; LUXE","Kino Arena - The Mall","KinoArena"
"Островът на забравата","2026-10-13T01:40:00","13.10.2026","Tuesday","13:40","Digital; Dubbed; LUXE","Kino Arena - The Mall","KinoArena"
"Островът на забравата","2026-10-13T04:20:00","13.10.2026","Tuesday","16:20","Digital; Dubbed; LUXE","Kino Arena - The Mall","KinoArena"
"Отмъстителите: Краят – Специално издание","2026-10-13T06:30:00","13.10.2026","Tuesday","18:30","3D Digital; BG Subtitles; LUXE","Kino Arena - The Mall","KinoArena"
"Отмъстителите: Краят – Специално издание","2026-10-13T09:10:00","13.10.2026","Tuesday","21:10","3D Digital; BG Subtitles; LUXE","Kino Arena - The Mall","KinoArena"
"Верити","2026-10-13T02:40:00","13.10.2026","Tuesday","14:40","BG Subtitles; Digital; LUXE","Kino Arena - The Mall","KinoArena"
"Верити","2026-10-13T05:00:00","13.10.2026","Tuesday","17:00","BG Subtitles; Digital; LUXE","Kino Arena - The Mall","KinoArena"
"Верити","2026-10-13T07:15:00","13.10.2026","Tuesday","19:15","BG Subtitles; Digital; LUXE","Kino Arena - The Mall","KinoArena"
"Верити","2026-10-13T09:30:00","13.10.2026","Tuesday","21:30","BG Subtitles; Digital; LUXE","Kino Arena - The Mall","KinoArena"
"Дигър","2026-10-13T01:40:00","13.10.2026","Tuesday","13:40","BG Subtitles; Digital; LUXE","Kino Arena - The Mall","KinoArena"
"Дигър","2026-10-13T04:10:00","13.10.2026","Tuesday","16:10","BG Subtitles; Digital; LUXE","Kino Arena - The Mall","KinoArena"
"Дигър","2026-10-13T06:40:00","13.10.2026","Tuesday","18:40","BG Subtitles; Digital; LUXE","Kino Arena - The Mall","KinoArena"
"Дигър","2026-10-13T09:50:00","13.10.2026","Tuesday","21:50","BG Subtitles; Digital; LUXE","Kino Arena - The Mall","KinoArena"
"Зооекспрес","2026-10-13T02:30:00","13.10.2026","Tuesday","14:30","Digital; Dubbed; LUXE","Kino Arena - The Mall","KinoArena"
"Зооекспрес","2026-10-13T04:30:00","13.10.2026","Tuesday","16:30","Digital; Dubbed; LUXE","Kino Arena - The Mall","KinoArena"
"Зооекспрес","2026-10-13T06:20:00","13.10.2026","Tuesday","18:20","Digital; Dubbed; LUXE","Kino Arena - The Mall","KinoArena"
"Паяци","2026-10-13T03:30:00","13.10.2026","Tuesday","15:30","Digital; LUXE","Kino Arena - The Mall","KinoArena"
"Паяци","2026-10-13T09:40:00","13.10.2026","Tuesday","21:40","Digital; LUXE","Kino Arena - The Mall","KinoArena"
"Другата мама","2026-10-13T01:20:00","13.10.2026","Tuesday","13:20","BG Subtitles; Digital; LUXE","Kino Arena - The Mall","KinoArena"
"Другата мама","2026-10-13T04:00:00","13.10.2026","Tuesday","16:00","BG Subtitles; Digital; LUXE","Kino Arena - The Mall","KinoArena"
"Другата мама","2026-10-13T06:00:00","13.10.2026","Tuesday","18:00","BG Subtitles; Digital; LUXE","Kino Arena - The Mall","KinoArena"
"Другата мама","2026-10-13T08:00:00","13.10.2026","Tuesday","20:00","BG Subtitles; Digital; LUXE","Kino Arena - The Mall","KinoArena"
"Другата мама","2026-10-13T10:10:00","13.10.2026","Tuesday","22:10","BG Subtitles; Digital; LUXE","Kino Arena - The Mall","KinoArena"
"НЕ КАЗВАЙ НА МАМА","2026-10-13T02:50:00","13.10.2026","Tuesday","14:50","BG Subtitles; Digital; LUXE","Kino Arena - The Mall","KinoArena"
"НЕ КАЗВАЙ НА МАМА","2026-10-13T06:50:00","13.10.2026","Tuesday","18:50","BG Subtitles; Digital; LUXE","Kino Arena - The Mall","KinoArena"
"НЕ КАЗВАЙ НА МАМА","2026-10-13T10:00:00","13.10.2026","Tuesday","22:00","BG Subtitles; Digital; LUXE","Kino Arena - The Mall","KinoArena"
"Нина Роза","2026-10-13T04:50:00","13.10.2026","Tuesday","16:50","BG Subtitles; Digital; LUXE","Kino Arena - The Mall","KinoArena"
"Нина Роза","2026-10-13T07:30:00","13.10.2026","Tuesday","19:30","BG Subtitles; Digital; LUXE","Kino Arena - The Mall","KinoArena"
"СРЪДЛЬО","2026-10-13T01:00:00","13.10.2026","Tuesday","13:00","Digital; Dubbed; LUXE","Kino Arena - The Mall","KinoArena"
"СРЪДЛЬО","2026-10-13T03:20:00","13.10.2026","Tuesday","15:20","Digital; Dubbed; LUXE","Kino Arena - The Mall","KinoArena"
"СРЪДЛЬО","2026-10-13T05:30:00","13.10.2026","Tuesday","17:30","Digital; Dubbed; LUXE","Kino Arena - The Mall","KinoArena"
"Миньони &amp; чудовища","2026-10-13T01:10:00","13.10.2026","Tuesday","13:10","Digital; Dubbed; LUXE","Kino Arena - West Mall","KinoArena"
"Одисея","2026-10-13T08:20:00","13.10.2026","Tuesday","20:20","BG Subtitles; Digital; LUXE","Kino Arena - West Mall","KinoArena"
"Спайдър-мен: Нов ден","2026-10-13T05:20:00","13.10.2026","Tuesday","17:20","3D Digital; BG Subtitles; LUXE","Kino Arena - West Mall","KinoArena"
"Пес Патрул: Дино Филмът","2026-10-13T03:50:00","13.10.2026","Tuesday","15:50","Digital; Dubbed; LUXE","Kino Arena - West Mall","KinoArena"
"Коварен капан: Бягство от отвъдното","2026-10-13T10:30:00","13.10.2026","Tuesday","22:30","BG Subtitles; Digital; LUXE","Kino Arena - West Mall","KinoArena"
"Койота срещу Акме","2026-10-13T01:15:00","13.10.2026","Tuesday","13:15","Digital; Dubbed; LUXE","Kino Arena - West Mall","KinoArena"
"Падане 2","2026-10-13T07:50:00","13.10.2026","Tuesday","19:50","BG Subtitles; Digital; LUXE","Kino Arena - West Mall","KinoArena"
"Приложна магия 2","2026-10-13T05:50:00","13.10.2026","Tuesday","17:50","BG Subtitles; Digital; LUXE","Kino Arena - West Mall","KinoArena"
"Куриерът","2026-10-13T08:45:00","13.10.2026","Tuesday","20:45","BG Subtitles; Digital; LUXE","Kino Arena - West Mall","KinoArena"
"Наследникът","2026-10-13T03:10:00","13.10.2026","Tuesday","15:10","Digital; Dubbed; LUXE","Kino Arena - West Mall","KinoArena"
"Заразно зло","2026-10-13T02:00:00","13.10.2026","Tuesday","14:00","BG Subtitles; Digital; LUXE","Kino Arena - West Mall","KinoArena"
"Заразно зло","2026-10-13T08:30:00","13.10.2026","Tuesday","20:30","BG Subtitles; Digital; LUXE","Kino Arena - West Mall","KinoArena"
"Заразно зло","2026-10-13T10:40:00","13.10.2026","Tuesday","22:40","BG Subtitles; Digital; LUXE","Kino Arena - West Mall","KinoArena"
"Сърцето на звяра","2026-10-13T02:20:00","13.10.2026","Tuesday","14:20","BG Subtitles; Digital; LUXE","Kino Arena - West Mall","KinoArena"
"Сърцето на звяра","2026-10-13T05:40:00","13.10.2026","Tuesday","17:40","BG Subtitles; Digital; LUXE","Kino Arena - West Mall","KinoArena"
"Сърцето на звяра","2026-10-13T08:10:00","13.10.2026","Tuesday","20:10","BG Subtitles; Digital; LUXE","Kino Arena - West Mall","KinoArena"
"Сърцето на звяра","2026-10-13T10:20:00","13.10.2026","Tuesday","22:20","BG Subtitles; Digital; LUXE","Kino Arena - West Mall","KinoArena"
"Островът на забравата","2026-10-13T01:30:00","13.10.2026","Tuesday","13:30","Digital; Dubbed; LUXE","Kino Arena - West Mall","KinoArena"
"Островът на забравата","2026-10-13T04:20:00","13.10.2026","Tuesday","16:20","Digital; Dubbed; LUXE","Kino Arena - West Mall","KinoArena"
"Отмъстителите: Краят – Специално издание","2026-10-13T06:30:00","13.10.2026","Tuesday","18:30","3D Digital; BG Subtitles; LUXE","Kino Arena - West Mall","KinoArena"
"Отмъстителите: Краят – Специално издание","2026-10-13T09:10:00","13.10.2026","Tuesday","21:10","3D Digital; BG Subtitles; LUXE","Kino Arena - West Mall","KinoArena"
"Верити","2026-10-13T02:40:00","13.10.2026","Tuesday","14:40","BG Subtitles; Digital; LUXE","Kino Arena - West Mall","KinoArena"
"Верити","2026-10-13T05:00:00","13.10.2026","Tuesday","17:00","BG Subtitles; Digital; LUXE","Kino Arena - West Mall","KinoArena"
"Верити","2026-10-13T07:10:00","13.10.2026","Tuesday","19:10","BG Subtitles; Digital; LUXE","Kino Arena - West Mall","KinoArena"
"Верити","2026-10-13T09:30:00","13.10.2026","Tuesday","21:30","BG Subtitles; Digital; LUXE","Kino Arena - West Mall","KinoArena"
"Дигър","2026-10-13T01:40:00","13.10.2026","Tuesday","13:40","BG Subtitles; Digital; LUXE","Kino Arena - West Mall","KinoArena"
"Дигър","2026-10-13T04:10:00","13.10.2026","Tuesday","16:10","BG Subtitles; Digital; LUXE","Kino Arena - West Mall","KinoArena"
"Дигър","2026-10-13T06:40:00","13.10.2026","Tuesday","18:40","BG Subtitles; Digital; LUXE","Kino Arena - West Mall","KinoArena"
"Дигър","2026-10-13T09:50:00","13.10.2026","Tuesday","21:50","BG Subtitles; Digital; LUXE","Kino Arena - West Mall","KinoArena"
"Зооекспрес","2026-10-13T02:30:00","13.10.2026","Tuesday","14:30","Digital; Dubbed; LUXE","Kino Arena - West Mall","KinoArena"
"Зооекспрес","2026-10-13T04:30:00","13.10.2026","Tuesday","16:30","Digital; Dubbed; LUXE","Kino Arena - West Mall","KinoArena"
"Зооекспрес","2026-10-13T06:20:00","13.10.2026","Tuesday","18:20","Digital; Dubbed; LUXE","Kino Arena - West Mall","KinoArena"
"Паяци","2026-10-13T03:30:00","13.10.2026","Tuesday","15:30","Digital; LUXE","Kino Arena - West Mall","KinoArena"
"Паяци","2026-10-13T09:40:00","13.10.2026","Tuesday","21:40","Digital; LUXE","Kino Arena - West Mall","KinoArena"
"Другата мама","2026-10-13T01:20:00","13.10.2026","Tuesday","13:20","BG Subtitles; Digital; LUXE","Kino Arena - West Mall","KinoArena"
"Другата мама","2026-10-13T04:00:00","13.10.2026","Tuesday","16:00","BG Subtitles; Digital; LUXE","Kino Arena - West Mall","KinoArena"
"Другата мама","2026-10-13T06:00:00","13.10.2026","Tuesday","18:00","BG Subtitles; Digital; LUXE","Kino Arena - West Mall","KinoArena"
"Другата мама","2026-10-13T08:00:00","13.10.2026","Tuesday","20:00","BG Subtitles; Digital; LUXE","Kino Arena - West Mall","KinoArena"
"Другата мама","2026-10-13T10:10:00","13.10.2026","Tuesday","22:10","BG Subtitles; Digital; LUXE","Kino Arena - West Mall","KinoArena"
"НЕ КАЗВАЙ НА МАМА","2026-10-13T02:50:00","13.10.2026","Tuesday","14:50","BG Subtitles; Digital; LUXE","Kino Arena - West Mall","KinoArena"
"НЕ КАЗВАЙ НА МАМА","2026-10-13T06:50:00","13.10.2026","Tuesday","18:50","BG Subtitles; Digital; LUXE","Kino Arena - West Mall","KinoArena"
"НЕ КАЗВАЙ НА МАМА","2026-10-13T10:00:00","13.10.2026","Tuesday","22:00","BG Subtitles; Digital; LUXE","Kino Arena - West Mall","KinoArena"
"Нина Роза","2026-10-13T04:50:00","13.10.2026","Tuesday","16:50","BG Subtitles; Digital; LUXE","Kino Arena - West Mall","KinoArena"
"Нина Роза","2026-10-13T07:30:00","13.10.2026","Tuesday","19:30","BG Subtitles; Digital; LUXE","Kino Arena - West Mall","KinoArena"
"СРЪДЛЬО","2026-10-13T01:00:00","13.10.2026","Tuesday","13:00","Digital; Dubbed; LUXE","Kino Arena - West Mall","KinoArena"
"СРЪДЛЬО","2026-10-13T03:20:00","13.10.2026","Tuesday","15:20","Digital; Dubbed; LUXE","Kino Arena - West Mall","KinoArena"
"СРЪДЛЬО","2026-10-13T05:30:00","13.10.2026","Tuesday","17:30","Digital; Dubbed; LUXE","Kino Arena - West Mall","KinoArena"
"Сръдльо","2026-10-14T01:00:00","14.10.2026","Wednesday","13:00","Зала6","Cinema City - Mall Of Sofia","CinemaCity"
"Пес Патрул: Дино филмът","2026-10-14T01:20:00","14.10.2026","Wednesday","13:20","Зала1","Cinema City - Mall Of Sofia","CinemaCity"
"Сръдльо","2026-10-14T02:00:00","14.10.2026","Wednesday","14:00","Зала2","Cinema City - Mall Of Sofia","CinemaCity"
"Другата мама","2026-10-14T02:10:00","14.10.2026","Wednesday","14:10","Зала7","Cinema City - Mall Of Sofia","CinemaCity"
"Островът на забравата","2026-10-14T02:15:00","14.10.2026","Wednesday","14:15","Зала4","Cinema City - Mall Of Sofia","CinemaCity"
"Зооекспрес","2026-10-14T02:30:00","14.10.2026","Wednesday","14:30","Зала5","Cinema City - Mall Of Sofia","CinemaCity"
"Нина Роза","2026-10-14T02:45:00","14.10.2026","Wednesday","14:45","Зала3","Cinema City - Mall Of Sofia","CinemaCity"
"Отмъстителите: Краят – Специално издание","2026-10-14T03:20:00","14.10.2026","Wednesday","15:20","IMAX","Cinema City - Mall Of Sofia","CinemaCity"
"Одисея","2026-10-14T03:20:00","14.10.2026","Wednesday","15:20","Зала1","Cinema City - Mall Of Sofia","CinemaCity"
"Сръдльо","2026-10-14T03:20:00","14.10.2026","Wednesday","15:20","Зала6","Cinema City - Mall Of Sofia","CinemaCity"
"Пес Патрул: Дино филмът","2026-10-14T04:00:00","14.10.2026","Wednesday","16:00","Зала2","Cinema City - Mall Of Sofia","CinemaCity"
"Другата мама","2026-10-14T04:10:00","14.10.2026","Wednesday","16:10","Зала7","Cinema City - Mall Of Sofia","CinemaCity"
"Спайдър-мен: Нов ден","2026-10-14T04:15:00","14.10.2026","Wednesday","16:15","Зала11","Cinema City - Mall Of Sofia","CinemaCity"
"Заразно зло","2026-10-14T04:20:00","14.10.2026","Wednesday","16:20","Зала10","Cinema City - Mall Of Sofia","CinemaCity"
"Зооекспрес","2026-10-14T04:30:00","14.10.2026","Wednesday","16:30","Зала5","Cinema City - Mall Of Sofia","CinemaCity"
"Островът на забравата","2026-10-14T04:40:00","14.10.2026","Wednesday","16:40","Зала4","Cinema City - Mall Of Sofia","CinemaCity"
"Нина Роза","2026-10-14T05:00:00","14.10.2026","Wednesday","17:00","Зала3","Cinema City - Mall Of Sofia","CinemaCity"
"Верити","2026-10-14T05:10:00","14.10.2026","Wednesday","17:10","Зала8","Cinema City - Mall Of Sofia","CinemaCity"
"Сърцето на звяра","2026-10-14T05:20:00","14.10.2026","Wednesday","17:20","Зала12","Cinema City - Mall Of Sofia","CinemaCity"
"Сръдльо","2026-10-14T05:30:00","14.10.2026","Wednesday","17:30","Зала9","Cinema City - Mall Of Sofia","CinemaCity"
"Не казвай на мама","2026-10-14T05:40:00","14.10.2026","Wednesday","17:40","Зала6","Cinema City - Mall Of Sofia","CinemaCity"
"КОЙОТА срещу АКМЕ","2026-10-14T06:00:00","14.10.2026","Wednesday","18:00","Зала2","Cinema City - Mall Of Sofia","CinemaCity"
"Другата мама","2026-10-14T06:15:00","14.10.2026","Wednesday","18:15","Зала7","Cinema City - Mall Of Sofia","CinemaCity"
"Зооекспрес","2026-10-14T06:30:00","14.10.2026","Wednesday","18:30","Зала5","Cinema City - Mall Of Sofia","CinemaCity"
"Верити","2026-10-14T06:40:00","14.10.2026","Wednesday","18:40","Зала1","Cinema City - Mall Of Sofia","CinemaCity"
"Одисея","2026-10-14T06:50:00","14.10.2026","Wednesday","18:50","Зала10","Cinema City - Mall Of Sofia","CinemaCity"
"ALWAYS LALISA","2026-10-14T07:00:00","14.10.2026","Wednesday","19:00","IMAX","Cinema City - Mall Of Sofia","CinemaCity"
"Островът на забравата","2026-10-14T07:00:00","14.10.2026","Wednesday","19:00","Зала4","Cinema City - Mall Of Sofia","CinemaCity"
"Нина Роза","2026-10-14T07:15:00","14.10.2026","Wednesday","19:15","Зала3","Cinema City - Mall Of Sofia","CinemaCity"
"Заразно зло","2026-10-14T07:20:00","14.10.2026","Wednesday","19:20","Зала11","Cinema City - Mall Of Sofia","CinemaCity"
"Сръдльо","2026-10-14T07:30:00","14.10.2026","Wednesday","19:30","Зала9","Cinema City - Mall Of Sofia","CinemaCity"
"Сърцето на звяра","2026-10-14T07:40:00","14.10.2026","Wednesday","19:40","Зала12","Cinema City - Mall Of Sofia","CinemaCity"
"Не казвай на мама","2026-10-14T07:45:00","14.10.2026","Wednesday","19:45","Зала6","Cinema City - Mall Of Sofia","CinemaCity"
"Верити","2026-10-14T07:50:00","14.10.2026","Wednesday","19:50","Зала8","Cinema City - Mall Of Sofia","CinemaCity"
"Наследникът","2026-10-14T08:15:00","14.10.2026","Wednesday","20:15","Зала2","Cinema City - Mall Of Sofia","CinemaCity"
"Другата мама","2026-10-14T08:20:00","14.10.2026","Wednesday","20:20","Зала7","Cinema City - Mall Of Sofia","CinemaCity"
"Дигър","2026-10-14T08:30:00","14.10.2026","Wednesday","20:30","Зала5","Cinema City - Mall Of Sofia","CinemaCity"
"Одисея","2026-10-14T09:10:00","14.10.2026","Wednesday","21:10","IMAX","Cinema City - Mall Of Sofia","CinemaCity"
"Верити","2026-10-14T09:10:00","14.10.2026","Wednesday","21:10","Зала1","Cinema City - Mall Of Sofia","CinemaCity"
"Паяци","2026-10-14T09:20:00","14.10.2026","Wednesday","21:20","Зала4","Cinema City - Mall Of Sofia","CinemaCity"
"Заразно зло","2026-10-14T09:30:00","14.10.2026","Wednesday","21:30","Зала11","Cinema City - Mall Of Sofia","CinemaCity"
"Куриерът","2026-10-14T09:40:00","14.10.2026","Wednesday","21:40","Зала9","Cinema City - Mall Of Sofia","CinemaCity"
"Нина Роза","2026-10-14T09:40:00","14.10.2026","Wednesday","21:40","Зала3","Cinema City - Mall Of Sofia","CinemaCity"
"Сърцето на звяра","2026-10-14T09:50:00","14.10.2026","Wednesday","21:50","Зала12","Cinema City - Mall Of Sofia","CinemaCity"
"Не казвай на мама","2026-10-14T10:00:00","14.10.2026","Wednesday","22:00","Зала6","Cinema City - Mall Of Sofia","CinemaCity"
"Падане 2: Мъртва точка","2026-10-14T10:15:00","14.10.2026","Wednesday","22:15","Зала10","Cinema City - Mall Of Sofia","CinemaCity"
"Верити","2026-10-14T10:20:00","14.10.2026","Wednesday","22:20","Зала8","Cinema City - Mall Of Sofia","CinemaCity"
"Другата мама","2026-10-14T10:30:00","14.10.2026","Wednesday","22:30","Зала7","Cinema City - Mall Of Sofia","CinemaCity"
"Сръдльо","2026-10-14T01:10:00","14.10.2026","Wednesday","13:10","Зала5","Cinema City - Paradice Center","CinemaCity"
"Сърцето на звяра","2026-10-14T01:10:00","14.10.2026","Wednesday","13:10","Зала6","Cinema City - Paradice Center","CinemaCity"
"Заразно зло","2026-10-14T01:30:00","14.10.2026","Wednesday","13:30","Зала4","Cinema City - Paradice Center","CinemaCity"
"Зооекспрес","2026-10-14T01:40:00","14.10.2026","Wednesday","13:40","Зала9","Cinema City - Paradice Center","CinemaCity"
"Не казвай на мама","2026-10-14T01:50:00","14.10.2026","Wednesday","13:50","Зала12","Cinema City - Paradice Center","CinemaCity"
"Другата мама","2026-10-14T02:00:00","14.10.2026","Wednesday","14:00","Зала1","Cinema City - Paradice Center","CinemaCity"
"Отмъстителите: Краят – Специално издание","2026-10-14T02:00:00","14.10.2026","Wednesday","14:00","Зала7","Cinema City - Paradice Center","CinemaCity"
"Сръдльо","2026-10-14T02:10:00","14.10.2026","Wednesday","14:10","Зала11","Cinema City - Paradice Center","CinemaCity"
"Островът на забравата","2026-10-14T02:20:00","14.10.2026","Wednesday","14:20","Зала10","Cinema City - Paradice Center","CinemaCity"
"Дигър","2026-10-14T02:30:00","14.10.2026","Wednesday","14:30","Зала14","Cinema City - Paradice Center","CinemaCity"
"Другата мама","2026-10-14T02:30:00","14.10.2026","Wednesday","14:30","Зала8","Cinema City - Paradice Center","CinemaCity"
"Нина Роза","2026-10-14T02:40:00","14.10.2026","Wednesday","14:40","Зала2","Cinema City - Paradice Center","CinemaCity"
"Одисея","2026-10-14T02:45:00","14.10.2026","Wednesday","14:45","Зала13","Cinema City - Paradice Center","CinemaCity"
"Верити","2026-10-14T02:50:00","14.10.2026","Wednesday","14:50","Зала3","Cinema City - Paradice Center","CinemaCity"
"Сръдльо","2026-10-14T03:10:00","14.10.2026","Wednesday","15:10","Зала5","Cinema City - Paradice Center","CinemaCity"
"Сърцето на звяра","2026-10-14T03:20:00","14.10.2026","Wednesday","15:20","Зала6","Cinema City - Paradice Center","CinemaCity"
"Заразно зло","2026-10-14T03:30:00","14.10.2026","Wednesday","15:30","Зала4","Cinema City - Paradice Center","CinemaCity"
"Спайдър-мен: Нов ден","2026-10-14T03:50:00","14.10.2026","Wednesday","15:50","Зала9","Cinema City - Paradice Center","CinemaCity"
"Миньони & чудовища","2026-10-14T04:00:00","14.10.2026","Wednesday","16:00","Зала12","Cinema City - Paradice Center","CinemaCity"
"Другата мама","2026-10-14T04:10:00","14.10.2026","Wednesday","16:10","Зала1","Cinema City - Paradice Center","CinemaCity"
"КОЙОТА срещу АКМЕ","2026-10-14T04:30:00","14.10.2026","Wednesday","16:30","Зала11","Cinema City - Paradice Center","CinemaCity"
"Отмъстителите: Краят – Специално издание","2026-10-14T04:30:00","14.10.2026","Wednesday","16:30","Зала8","Cinema City - Paradice Center","CinemaCity"
"Островът на забравата","2026-10-14T04:40:00","14.10.2026","Wednesday","16:40","Зала10","Cinema City - Paradice Center","CinemaCity"
"Нина Роза","2026-10-14T05:00:00","14.10.2026","Wednesday","17:00","Зала2","Cinema City - Paradice Center","CinemaCity"
"Зооекспрес","2026-10-14T05:10:00","14.10.2026","Wednesday","17:10","Зала14","Cinema City - Paradice Center","CinemaCity"
"Сръдльо","2026-10-14T05:15:00","14.10.2026","Wednesday","17:15","Зала5","Cinema City - Paradice Center","CinemaCity"
"Верити","2026-10-14T05:20:00","14.10.2026","Wednesday","17:20","Зала3","Cinema City - Paradice Center","CinemaCity"
"Заразно зло","2026-10-14T05:30:00","14.10.2026","Wednesday","17:30","Зала4","Cinema City - Paradice Center","CinemaCity"
"Сърцето на звяра","2026-10-14T05:30:00","14.10.2026","Wednesday","17:30","Зала6","Cinema City - Paradice Center","CinemaCity"
"Отмъстителите: Краят – Специално издание","2026-10-14T05:40:00","14.10.2026","Wednesday","17:40","Зала7","Cinema City - Paradice Center","CinemaCity"
"Не казвай на мама","2026-10-14T06:00:00","14.10.2026","Wednesday","18:00","Зала12","Cinema City - Paradice Center","CinemaCity"
"Одисея","2026-10-14T06:10:00","14.10.2026","Wednesday","18:10","Зала13","Cinema City - Paradice Center","CinemaCity"
"Другата мама","2026-10-14T06:15:00","14.10.2026","Wednesday","18:15","Зала1","Cinema City - Paradice Center","CinemaCity"
"Верити","2026-10-14T06:45:00","14.10.2026","Wednesday","18:45","Зала11","Cinema City - Paradice Center","CinemaCity"
"Сърцето на звяра","2026-10-14T06:50:00","14.10.2026","Wednesday","18:50","Зала9","Cinema City - Paradice Center","CinemaCity"
"Островът на забравата","2026-10-14T07:00:00","14.10.2026","Wednesday","19:00","Зала10","Cinema City - Paradice Center","CinemaCity"
"Сръдльо","2026-10-14T07:20:00","14.10.2026","Wednesday","19:20","Зала5","Cinema City - Paradice Center","CinemaCity"
"Нина Роза","2026-10-14T07:20:00","14.10.2026","Wednesday","19:20","Зала14","Cinema City - Paradice Center","CinemaCity"
"ALWAYS LALISA","2026-10-14T07:30:00","14.10.2026","Wednesday","19:30","Зала2","Cinema City - Paradice Center","CinemaCity"
"Заразно зло","2026-10-14T07:40:00","14.10.2026","Wednesday","19:40","Зала4","Cinema City - Paradice Center","CinemaCity"
"Сърцето на звяра","2026-10-14T07:45:00","14.10.2026","Wednesday","19:45","Зала6","Cinema City - Paradice Center","CinemaCity"
"Верити","2026-10-14T07:50:00","14.10.2026","Wednesday","19:50","Зала3","Cinema City - Paradice Center","CinemaCity"
"Другата мама","2026-10-14T08:00:00","14.10.2026","Wednesday","20:00","Зала8","Cinema City - Paradice Center","CinemaCity"
"Не казвай на мама","2026-10-14T08:10:00","14.10.2026","Wednesday","20:10","Зала12","Cinema City - Paradice Center","CinemaCity"
"Другата мама","2026-10-14T08:20:00","14.10.2026","Wednesday","20:20","Зала1","Cinema City - Paradice Center","CinemaCity"
"Сърцето на звяра","2026-10-14T09:00:00","14.10.2026","Wednesday","21:00","Зала9","Cinema City - Paradice Center","CinemaCity"
"Верити","2026-10-14T09:10:00","14.10.2026","Wednesday","21:10","Зала11","Cinema City - Paradice Center","CinemaCity"
"Отмъстителите: Краят – Специално издание","2026-10-14T09:15:00","14.10.2026","Wednesday","21:15","Зала7","Cinema City - Paradice Center","CinemaCity"
"Спайдър-мен: Нов ден","2026-10-14T09:20:00","14.10.2026","Wednesday","21:20","Зала5","Cinema City - Paradice Center","CinemaCity"
"Дигър","2026-10-14T09:20:00","14.10.2026","Wednesday","21:20","Зала10","Cinema City - Paradice Center","CinemaCity"
"Одисея","2026-10-14T09:30:00","14.10.2026","Wednesday","21:30","Зала13","Cinema City - Paradice Center","CinemaCity"
"Паяци","2026-10-14T09:40:00","14.10.2026","Wednesday","21:40","Зала14","Cinema City - Paradice Center","CinemaCity"
"Заразно зло","2026-10-14T09:45:00","14.10.2026","Wednesday","21:45","Зала4","Cinema City - Paradice Center","CinemaCity"
"Нина Роза","2026-10-14T09:50:00","14.10.2026","Wednesday","21:50","Зала2","Cinema City - Paradice Center","CinemaCity"
"Сърцето на звяра","2026-10-14T10:00:00","14.10.2026","Wednesday","22:00","Зала6","Cinema City - Paradice Center","CinemaCity"
"Другата мама","2026-10-14T10:00:00","14.10.2026","Wednesday","22:00","Зала8","Cinema City - Paradice Center","CinemaCity"
"Верити","2026-10-14T10:15:00","14.10.2026","Wednesday","22:15","Зала3","Cinema City - Paradice Center","CinemaCity"
"Не казвай на мама","2026-10-14T10:20:00","14.10.2026","Wednesday","22:20","Зала12","Cinema City - Paradice Center","CinemaCity"
"Другата мама","2026-10-14T10:30:00","14.10.2026","Wednesday","22:30","Зала1","Cinema City - Paradice Center","CinemaCity"
"СРЪДЛЬО","2026-10-14T11:30:00","14.10.2026","Wednesday","11:30","Зала 6","CineGrand - Park Center","CineGrand"
"МИНЬОНИ И ЧУДОВИЩА","2026-10-14T12:15:00","14.10.2026","Wednesday","12:15","Зала 1","CineGrand - Park Center","CineGrand"
"ЗООЕКСПРЕС","2026-10-14T12:30:00","14.10.2026","Wednesday","12:30","Зала 2","CineGrand - Park Center","CineGrand"
"ВЕРИТИ","2026-10-14T01:15:00","14.10.2026","Wednesday","13:15","Зала 4","CineGrand - Park Center","CineGrand"
"СЪРЦЕТО НА ЗВЯРА","2026-10-14T01:40:00","14.10.2026","Wednesday","13:40","Зала 5","CineGrand - Park Center","CineGrand"
"ОСТРОВЪТ НА ЗАБРАВАТА","2026-10-14T01:45:00","14.10.2026","Wednesday","13:45","Зала 3","CineGrand - Park Center","CineGrand"
"НЕ КАЗВАЙ НА МАМА","2026-10-14T02:15:00","14.10.2026","Wednesday","14:15","Зала 1","CineGrand - Park Center","CineGrand"
"ОТМЪСТИТЕЛИТЕ: КРАЯТ – СПЕЦИАЛНО ИЗДАНИЕ","2026-10-14T04:00:00","14.10.2026","Wednesday","16:00","Зала 5","CineGrand - Park Center","CineGrand"
"ДРУГАТА МАМА","2026-10-14T04:15:00","14.10.2026","Wednesday","16:15","Зала 3","CineGrand - Park Center","CineGrand"
"НИНА РОЗА","2026-10-14T05:00:00","14.10.2026","Wednesday","17:00","Зала 2","CineGrand - Park Center","CineGrand"
"ОДИСЕЯ","2026-10-14T09:30:00","14.10.2026","Wednesday","21:30","Зала 6","CineGrand - Park Center","CineGrand"
"ДИГЪР","2026-10-14T09:45:00","14.10.2026","Wednesday","21:45","Зала 2","CineGrand - Park Center","CineGrand"
"ПЕС ПАТРУЛ: ДИНО ФИЛМЪТ","2026-10-14T12:10:00","14.10.2026","Wednesday","12:10","Зала 4","CineGrand - Sofia Ring Mall","CineGrand"
"СРЪДЛЬО","2026-10-14T12:15:00","14.10.2026","Wednesday","12:15","Зала 2","CineGrand - Sofia Ring Mall","CineGrand"
"ТАЙНИЯТ СВЯТ НА ФИНИК 2","2026-10-14T12:20:00","14.10.2026","Wednesday","12:20","TSAR Зала 6","CineGrand - Sofia Ring Mall","CineGrand"
"ОСТРОВЪТ НА ЗАБРАВАТА","2026-10-14T12:30:00","14.10.2026","Wednesday","12:30","Зала 3","CineGrand - Sofia Ring Mall","CineGrand"
"ЗООЕКСПРЕС","2026-10-14T12:40:00","14.10.2026","Wednesday","12:40","Зала 7","CineGrand - Sofia Ring Mall","CineGrand"
"СЪРЦЕТО НА ЗВЯРА","2026-10-14T01:00:00","14.10.2026","Wednesday","13:00","Зала 10","CineGrand - Sofia Ring Mall","CineGrand"
"МИНЬОНИ И ЧУДОВИЩА","2026-10-14T01:10:00","14.10.2026","Wednesday","13:10","Зала 8","CineGrand - Sofia Ring Mall","CineGrand"
"СПАЙДЪР-МЕН: НОВ ДЕН","2026-10-14T01:20:00","14.10.2026","Wednesday","13:20","TSAR Зала 5","CineGrand - Sofia Ring Mall","CineGrand"
"ДРУГАТА МАМА","2026-10-14T01:50:00","14.10.2026","Wednesday","13:50","Зала 9","CineGrand - Sofia Ring Mall","CineGrand"
"НЕ КАЗВАЙ НА МАМА","2026-10-14T02:10:00","14.10.2026","Wednesday","14:10","Зала 4","CineGrand - Sofia Ring Mall","CineGrand"
"ВЕРИТИ","2026-10-14T03:10:00","14.10.2026","Wednesday","15:10","Зала 8","CineGrand - Sofia Ring Mall","CineGrand"
"НИНА РОЗА","2026-10-14T04:30:00","14.10.2026","Wednesday","16:30","TSAR Зала 5","CineGrand - Sofia Ring Mall","CineGrand"
"ЗАРАЗНО ЗЛО ","2026-10-14T05:15:00","14.10.2026","Wednesday","17:15","Зала 1","CineGrand - Sofia Ring Mall","CineGrand"
"ОТМЪСТИТЕЛИТЕ: КРАЯТ – СПЕЦИАЛНО ИЗДАНИЕ","2026-10-14T07:45:00","14.10.2026","Wednesday","19:45","Зала 3","CineGrand - Sofia Ring Mall","CineGrand"
"ДИГЪР","2026-10-14T08:15:00","14.10.2026","Wednesday","20:15","Зала 2","CineGrand - Sofia Ring Mall","CineGrand"
"ОДИСЕЯ","2026-10-14T09:00:00","14.10.2026","Wednesday","21:00","TSAR Зала 5","CineGrand - Sofia Ring Mall","CineGrand"
"ПАЯЦИ","2026-10-14T10:20:00","14.10.2026","Wednesday","22:20","Зала 1","CineGrand - Sofia Ring Mall","CineGrand"
"КОВАРЕН КАПАН: БЯГСТВО ОТ ОТВЪДНОТО","2026-10-14T11:00:00","14.10.2026","Wednesday","23:00","Зала 2","CineGrand - Sofia Ring Mall","CineGrand"
"Миньони &amp; чудовища","2026-10-14T01:10:00","14.10.2026","Wednesday","13:10","Digital; Dubbed; LUXE","Kino Arena - The Mall","KinoArena"
"Одисея","2026-10-14T08:20:00","14.10.2026","Wednesday","20:20","BG Subtitles; Digital; LUXE","Kino Arena - The Mall","KinoArena"
"Спайдър-мен: Нов ден","2026-10-14T05:20:00","14.10.2026","Wednesday","17:20","3D Digital; BG Subtitles; LUXE","Kino Arena - The Mall","KinoArena"
"Пес Патрул: Дино Филмът","2026-10-14T03:50:00","14.10.2026","Wednesday","15:50","Digital; Dubbed; LUXE","Kino Arena - The Mall","KinoArena"
"Бунтовникът","2026-10-14T08:45:00","14.10.2026","Wednesday","20:45","BG Subtitles; Digital; LUXE","Kino Arena - The Mall","KinoArena"
"Коварен капан: Бягство от отвъдното","2026-10-14T10:30:00","14.10.2026","Wednesday","22:30","BG Subtitles; Digital; LUXE","Kino Arena - The Mall","KinoArena"
"Койота срещу Акме","2026-10-14T01:15:00","14.10.2026","Wednesday","13:15","Digital; Dubbed; LUXE","Kino Arena - The Mall","KinoArena"
"Падане 2","2026-10-14T07:50:00","14.10.2026","Wednesday","19:50","BG Subtitles; Digital; LUXE","Kino Arena - The Mall","KinoArena"
"Приложна магия 2","2026-10-14T05:50:00","14.10.2026","Wednesday","17:50","BG Subtitles; Digital; LUXE","Kino Arena - The Mall","KinoArena"
"Наследникът","2026-10-14T03:10:00","14.10.2026","Wednesday","15:10","Digital; Dubbed; LUXE","Kino Arena - The Mall","KinoArena"
"Заразно зло","2026-10-14T02:00:00","14.10.2026","Wednesday","14:00","BG Subtitles; Digital; LUXE","Kino Arena - The Mall","KinoArena"
"Заразно зло","2026-10-14T08:30:00","14.10.2026","Wednesday","20:30","BG Subtitles; Digital; LUXE","Kino Arena - The Mall","KinoArena"
"Заразно зло","2026-10-14T10:40:00","14.10.2026","Wednesday","22:40","BG Subtitles; Digital; LUXE","Kino Arena - The Mall","KinoArena"
"Сърцето на звяра","2026-10-14T02:20:00","14.10.2026","Wednesday","14:20","BG Subtitles; Digital; LUXE","Kino Arena - The Mall","KinoArena"
"Сърцето на звяра","2026-10-14T05:40:00","14.10.2026","Wednesday","17:40","BG Subtitles; Digital; LUXE","Kino Arena - The Mall","KinoArena"
"Сърцето на звяра","2026-10-14T08:10:00","14.10.2026","Wednesday","20:10","BG Subtitles; Digital; LUXE","Kino Arena - The Mall","KinoArena"
"Сърцето на звяра","2026-10-14T10:20:00","14.10.2026","Wednesday","22:20","BG Subtitles; Digital; LUXE","Kino Arena - The Mall","KinoArena"
"Островът на забравата","2026-10-14T01:40:00","14.10.2026","Wednesday","13:40","Digital; Dubbed; LUXE","Kino Arena - The Mall","KinoArena"
"Островът на забравата","2026-10-14T04:20:00","14.10.2026","Wednesday","16:20","Digital; Dubbed; LUXE","Kino Arena - The Mall","KinoArena"
"Отмъстителите: Краят – Специално издание","2026-10-14T06:30:00","14.10.2026","Wednesday","18:30","3D Digital; BG Subtitles; LUXE","Kino Arena - The Mall","KinoArena"
"Отмъстителите: Краят – Специално издание","2026-10-14T09:10:00","14.10.2026","Wednesday","21:10","3D Digital; BG Subtitles; LUXE","Kino Arena - The Mall","KinoArena"
"Верити","2026-10-14T02:40:00","14.10.2026","Wednesday","14:40","BG Subtitles; Digital; LUXE","Kino Arena - The Mall","KinoArena"
"Верити","2026-10-14T05:00:00","14.10.2026","Wednesday","17:00","BG Subtitles; Digital; LUXE","Kino Arena - The Mall","KinoArena"
"Верити","2026-10-14T07:15:00","14.10.2026","Wednesday","19:15","BG Subtitles; Digital; LUXE","Kino Arena - The Mall","KinoArena"
"Верити","2026-10-14T09:30:00","14.10.2026","Wednesday","21:30","BG Subtitles; Digital; LUXE","Kino Arena - The Mall","KinoArena"
"Дигър","2026-10-14T01:40:00","14.10.2026","Wednesday","13:40","BG Subtitles; Digital; LUXE","Kino Arena - The Mall","KinoArena"
"Дигър","2026-10-14T04:10:00","14.10.2026","Wednesday","16:10","BG Subtitles; Digital; LUXE","Kino Arena - The Mall","KinoArena"
"Дигър","2026-10-14T06:40:00","14.10.2026","Wednesday","18:40","BG Subtitles; Digital; LUXE","Kino Arena - The Mall","KinoArena"
"Дигър","2026-10-14T09:50:00","14.10.2026","Wednesday","21:50","BG Subtitles; Digital; LUXE","Kino Arena - The Mall","KinoArena"
"Зооекспрес","2026-10-14T02:30:00","14.10.2026","Wednesday","14:30","Digital; Dubbed; LUXE","Kino Arena - The Mall","KinoArena"
"Зооекспрес","2026-10-14T04:30:00","14.10.2026","Wednesday","16:30","Digital; Dubbed; LUXE","Kino Arena - The Mall","KinoArena"
"Зооекспрес","2026-10-14T06:20:00","14.10.2026","Wednesday","18:20","Digital; Dubbed; LUXE","Kino Arena - The Mall","KinoArena"
"Паяци","2026-10-14T03:30:00","14.10.2026","Wednesday","15:30","Digital; LUXE","Kino Arena - The Mall","KinoArena"
"Паяци","2026-10-14T09:40:00","14.10.2026","Wednesday","21:40","Digital; LUXE","Kino Arena - The Mall","KinoArena"
"Другата мама","2026-10-14T01:20:00","14.10.2026","Wednesday","13:20","BG Subtitles; Digital; LUXE","Kino Arena - The Mall","KinoArena"
"Другата мама","2026-10-14T04:00:00","14.10.2026","Wednesday","16:00","BG Subtitles; Digital; LUXE","Kino Arena - The Mall","KinoArena"
"Другата мама","2026-10-14T06:00:00","14.10.2026","Wednesday","18:00","BG Subtitles; Digital; LUXE","Kino Arena - The Mall","KinoArena"
"Другата мама","2026-10-14T08:00:00","14.10.2026","Wednesday","20:00","BG Subtitles; Digital; LUXE","Kino Arena - The Mall","KinoArena"
"Другата мама","2026-10-14T10:10:00","14.10.2026","Wednesday","22:10","BG Subtitles; Digital; LUXE","Kino Arena - The Mall","KinoArena"
"НЕ КАЗВАЙ НА МАМА","2026-10-14T02:50:00","14.10.2026","Wednesday","14:50","BG Subtitles; Digital; LUXE","Kino Arena - The Mall","KinoArena"
"НЕ КАЗВАЙ НА МАМА","2026-10-14T06:50:00","14.10.2026","Wednesday","18:50","BG Subtitles; Digital; LUXE","Kino Arena - The Mall","KinoArena"
"НЕ КАЗВАЙ НА МАМА","2026-10-14T10:00:00","14.10.2026","Wednesday","22:00","BG Subtitles; Digital; LUXE","Kino Arena - The Mall","KinoArena"
"Нина Роза","2026-10-14T04:50:00","14.10.2026","Wednesday","16:50","BG Subtitles; Digital; LUXE","Kino Arena - The Mall","KinoArena"
"Нина Роза","2026-10-14T07:30:00","14.10.2026","Wednesday","19:30","BG Subtitles; Digital; LUXE","Kino Arena - The Mall","KinoArena"
"СРЪДЛЬО","2026-10-14T01:00:00","14.10.2026","Wednesday","13:00","Digital; Dubbed; LUXE","Kino Arena - The Mall","KinoArena"
"СРЪДЛЬО","2026-10-14T03:20:00","14.10.2026","Wednesday","15:20","Digital; Dubbed; LUXE","Kino Arena - The Mall","KinoArena"
"СРЪДЛЬО","2026-10-14T05:30:00","14.10.2026","Wednesday","17:30","Digital; Dubbed; LUXE","Kino Arena - The Mall","KinoArena"
"Миньони &amp; чудовища","2026-10-14T01:10:00","14.10.2026","Wednesday","13:10","Digital; Dubbed; LUXE","Kino Arena - West Mall","KinoArena"
"Одисея","2026-10-14T08:20:00","14.10.2026","Wednesday","20:20","BG Subtitles; Digital; LUXE","Kino Arena - West Mall","KinoArena"
"Спайдър-мен: Нов ден","2026-10-14T05:20:00","14.10.2026","Wednesday","17:20","3D Digital; BG Subtitles; LUXE","Kino Arena - West Mall","KinoArena"
"Пес Патрул: Дино Филмът","2026-10-14T03:50:00","14.10.2026","Wednesday","15:50","Digital; Dubbed; LUXE","Kino Arena - West Mall","KinoArena"
"Бунтовникът","2026-10-14T08:45:00","14.10.2026","Wednesday","20:45","BG Subtitles; Digital; LUXE","Kino Arena - West Mall","KinoArena"
"Коварен капан: Бягство от отвъдното","2026-10-14T10:30:00","14.10.2026","Wednesday","22:30","BG Subtitles; Digital; LUXE","Kino Arena - West Mall","KinoArena"
"Койота срещу Акме","2026-10-14T01:15:00","14.10.2026","Wednesday","13:15","Digital; Dubbed; LUXE","Kino Arena - West Mall","KinoArena"
"Падане 2","2026-10-14T07:50:00","14.10.2026","Wednesday","19:50","BG Subtitles; Digital; LUXE","Kino Arena - West Mall","KinoArena"
"Приложна магия 2","2026-10-14T05:50:00","14.10.2026","Wednesday","17:50","BG Subtitles; Digital; LUXE","Kino Arena - West Mall","KinoArena"
"Наследникът","2026-10-14T03:10:00","14.10.2026","Wednesday","15:10","Digital; Dubbed; LUXE","Kino Arena - West Mall","KinoArena"
"Заразно зло","2026-10-14T02:00:00","14.10.2026","Wednesday","14:00","BG Subtitles; Digital; LUXE","Kino Arena - West Mall","KinoArena"
"Заразно зло","2026-10-14T08:30:00","14.10.2026","Wednesday","20:30","BG Subtitles; Digital; LUXE","Kino Arena - West Mall","KinoArena"
"Заразно зло","2026-10-14T10:40:00","14.10.2026","Wednesday","22:40","BG Subtitles; Digital; LUXE","Kino Arena - West Mall","KinoArena"
"Сърцето на звяра","2026-10-14T02:20:00","14.10.2026","Wednesday","14:20","BG Subtitles; Digital; LUXE","Kino Arena - West Mall","KinoArena"
"Сърцето на звяра","2026-10-14T05:40:00","14.10.2026","Wednesday","17:40","BG Subtitles; Digital; LUXE","Kino Arena - West Mall","KinoArena"
"Сърцето на звяра","2026-10-14T08:10:00","14.10.2026","Wednesday","20:10","BG Subtitles; Digital; LUXE","Kino Arena - West Mall","KinoArena"
"Сърцето на звяра","2026-10-14T10:20:00","14.10.2026","Wednesday","22:20","BG Subtitles; Digital; LUXE","Kino Arena - West Mall","KinoArena"
"Островът на забравата","2026-10-14T01:30:00","14.10.2026","Wednesday","13:30","Digital; Dubbed; LUXE","Kino Arena - West Mall","KinoArena"
"Островът на забравата","2026-10-14T04:20:00","14.10.2026","Wednesday","16:20","Digital; Dubbed; LUXE","Kino Arena - West Mall","KinoArena"
"Отмъстителите: Краят – Специално издание","2026-10-14T06:30:00","14.10.2026","Wednesday","18:30","3D Digital; BG Subtitles; LUXE","Kino Arena - West Mall","KinoArena"
"Отмъстителите: Краят – Специално издание","2026-10-14T09:10:00","14.10.2026","Wednesday","21:10","3D Digital; BG Subtitles; LUXE","Kino Arena - West Mall","KinoArena"
"Верити","2026-10-14T02:40:00","14.10.2026","Wednesday","14:40","BG Subtitles; Digital; LUXE","Kino Arena - West Mall","KinoArena"
"Верити","2026-10-14T05:00:00","14.10.2026","Wednesday","17:00","BG Subtitles; Digital; LUXE","Kino Arena - West Mall","KinoArena"
"Верити","2026-10-14T07:10:00","14.10.2026","Wednesday","19:10","BG Subtitles; Digital; LUXE","Kino Arena - West Mall","KinoArena"
"Верити","2026-10-14T09:30:00","14.10.2026","Wednesday","21:30","BG Subtitles; Digital; LUXE","Kino Arena - West Mall","KinoArena"
"Дигър","2026-10-14T01:40:00","14.10.2026","Wednesday","13:40","BG Subtitles; Digital; LUXE","Kino Arena - West Mall","KinoArena"
"Дигър","2026-10-14T04:10:00","14.10.2026","Wednesday","16:10","BG Subtitles; Digital; LUXE","Kino Arena - West Mall","KinoArena"
"Дигър","2026-10-14T06:40:00","14.10.2026","Wednesday","18:40","BG Subtitles; Digital; LUXE","Kino Arena - West Mall","KinoArena"
"Дигър","2026-10-14T09:50:00","14.10.2026","Wednesday","21:50","BG Subtitles; Digital; LUXE","Kino Arena - West Mall","KinoArena"
"Зооекспрес","2026-10-14T02:30:00","14.10.2026","Wednesday","14:30","Digital; Dubbed; LUXE","Kino Arena - West Mall","KinoArena"
"Зооекспрес","2026-10-14T04:30:00","14.10.2026","Wednesday","16:30","Digital; Dubbed; LUXE","Kino Arena - West Mall","KinoArena"
"Зооекспрес","2026-10-14T06:20:00","14.10.2026","Wednesday","18:20","Digital; Dubbed; LUXE","Kino Arena - West Mall","KinoArena"
"Паяци","2026-10-14T03:30:00","14.10.2026","Wednesday","15:30","Digital; LUXE","Kino Arena - West Mall","KinoArena"
"Паяци","2026-10-14T09:40:00","14.10.2026","Wednesday","21:40","Digital; LUXE","Kino Arena - West Mall","KinoArena"
"Другата мама","2026-10-14T01:20:00","14.10.2026","Wednesday","13:20","BG Subtitles; Digital; LUXE","Kino Arena - West Mall","KinoArena"
"Другата мама","2026-10-14T04:00:00","14.10.2026","Wednesday","16:00","BG Subtitles; Digital; LUXE","Kino Arena - West Mall","KinoArena"
"Другата мама","2026-10-14T06:00:00","14.10.2026","Wednesday","18:00","BG Subtitles; Digital; LUXE","Kino Arena - West Mall","KinoArena"
"Другата мама","2026-10-14T08:00:00","14.10.2026","Wednesday","20:00","BG Subtitles; Digital; LUXE","Kino Arena - West Mall","KinoArena"
"Другата мама","2026-10-14T10:10:00","14.10.2026","Wednesday","22:10","BG Subtitles; Digital; LUXE","Kino Arena - West Mall","KinoArena"
"НЕ КАЗВАЙ НА МАМА","2026-10-14T02:50:00","14.10.2026","Wednesday","14:50","BG Subtitles; Digital; LUXE","Kino Arena - West Mall","KinoArena"
"НЕ КАЗВАЙ НА МАМА","2026-10-14T06:50:00","14.10.2026","Wednesday","18:50","BG Subtitles; Digital; LUXE","Kino Arena - West Mall","KinoArena"
"НЕ КАЗВАЙ НА МАМА","2026-10-14T10:00:00","14.10.2026","Wednesday","22:00","BG Subtitles; Digital; LUXE","Kino Arena - West Mall","KinoArena"
"Нина Роза","2026-10-14T04:50:00","14.10.2026","Wednesday","16:50","BG Subtitles; Digital; LUXE","Kino Arena - West Mall","KinoArena"
"Нина Роза","2026-10-14T07:30:00","14.10.2026","Wednesday","19:30","BG Subtitles; Digital; LUXE","Kino Arena - West Mall","KinoArena"
"СРЪДЛЬО","2026-10-14T01:00:00","14.10.2026","Wednesday","13:00","Digital; Dubbed; LUXE","Kino Arena - West Mall","KinoArena"
"СРЪДЛЬО","2026-10-14T03:20:00","14.10.2026","Wednesday","15:20","Digital; Dubbed; LUXE","Kino Arena - West Mall","KinoArena"
"СРЪДЛЬО","2026-10-14T05:30:00","14.10.2026","Wednesday","17:30","Digital; Dubbed; LUXE","Kino Arena - West Mall","KinoArena"
"Сръдльо","2026-10-15T01:00:00","15.10.2026","Thursday","13:00","Зала9","Cinema City - Mall Of Sofia","CinemaCity"
"Сърцето на звяра","2026-10-15T01:00:00","15.10.2026","Thursday","13:00","Зала12","Cinema City - Mall Of Sofia","CinemaCity"
"Дигър","2026-10-15T01:10:00","15.10.2026","Thursday","13:10","Зала10","Cinema City - Mall Of Sofia","CinemaCity"
"Пес Патрул: Дино филмът","2026-10-15T01:20:00","15.10.2026","Thursday","13:20","Зала1","Cinema City - Mall Of Sofia","CinemaCity"
"Не казвай на мама","2026-10-15T01:20:00","15.10.2026","Thursday","13:20","Зала6","Cinema City - Mall Of Sofia","CinemaCity"
"КОЙОТА срещу АКМЕ","2026-10-15T01:20:00","15.10.2026","Thursday","13:20","Зала11","Cinema City - Mall Of Sofia","CinemaCity"
"Сръдльо","2026-10-15T02:00:00","15.10.2026","Thursday","14:00","Зала2","Cinema City - Mall Of Sofia","CinemaCity"
"Другата мама","2026-10-15T02:10:00","15.10.2026","Thursday","14:10","Зала7","Cinema City - Mall Of Sofia","CinemaCity"
"Островът на забравата","2026-10-15T02:15:00","15.10.2026","Thursday","14:15","Зала4","Cinema City - Mall Of Sofia","CinemaCity"
"Отмъстителите: Краят – Специално издание","2026-10-15T02:20:00","15.10.2026","Thursday","14:20","IMAX","Cinema City - Mall Of Sofia","CinemaCity"
"Зооекспрес","2026-10-15T02:30:00","15.10.2026","Thursday","14:30","Зала5","Cinema City - Mall Of Sofia","CinemaCity"
"Нина Роза","2026-10-15T02:45:00","15.10.2026","Thursday","14:45","Зала3","Cinema City - Mall Of Sofia","CinemaCity"
"Верити","2026-10-15T02:50:00","15.10.2026","Thursday","14:50","Зала8","Cinema City - Mall Of Sofia","CinemaCity"
"Сръдльо","2026-10-15T03:10:00","15.10.2026","Thursday","15:10","Зала9","Cinema City - Mall Of Sofia","CinemaCity"
"Сърцето на звяра","2026-10-15T03:10:00","15.10.2026","Thursday","15:10","Зала12","Cinema City - Mall Of Sofia","CinemaCity"
"Одисея","2026-10-15T03:20:00","15.10.2026","Thursday","15:20","Зала1","Cinema City - Mall Of Sofia","CinemaCity"
"Заразно зло","2026-10-15T03:30:00","15.10.2026","Thursday","15:30","Зала6","Cinema City - Mall Of Sofia","CinemaCity"
"Отмъстителите: Краят – Специално издание","2026-10-15T03:40:00","15.10.2026","Thursday","15:40","Зала11","Cinema City - Mall Of Sofia","CinemaCity"
"Спайдър-мен: Нов ден","2026-10-15T03:50:00","15.10.2026","Thursday","15:50","Зала10","Cinema City - Mall Of Sofia","CinemaCity"
"Пес Патрул: Дино филмът","2026-10-15T04:00:00","15.10.2026","Thursday","16:00","Зала2","Cinema City - Mall Of Sofia","CinemaCity"
"Другата мама","2026-10-15T04:10:00","15.10.2026","Thursday","16:10","Зала7","Cinema City - Mall Of Sofia","CinemaCity"
"Зооекспрес","2026-10-15T04:30:00","15.10.2026","Thursday","16:30","Зала5","Cinema City - Mall Of Sofia","CinemaCity"
"Островът на забравата","2026-10-15T04:40:00","15.10.2026","Thursday","16:40","Зала4","Cinema City - Mall Of Sofia","CinemaCity"
"Нина Роза","2026-10-15T05:00:00","15.10.2026","Thursday","17:00","Зала3","Cinema City - Mall Of Sofia","CinemaCity"
"Верити","2026-10-15T05:10:00","15.10.2026","Thursday","17:10","Зала8","Cinema City - Mall Of Sofia","CinemaCity"
"Сърцето на звяра","2026-10-15T05:20:00","15.10.2026","Thursday","17:20","Зала12","Cinema City - Mall Of Sofia","CinemaCity"
"Сръдльо","2026-10-15T05:30:00","15.10.2026","Thursday","17:30","Зала9","Cinema City - Mall Of Sofia","CinemaCity"
"Не казвай на мама","2026-10-15T05:40:00","15.10.2026","Thursday","17:40","Зала6","Cinema City - Mall Of Sofia","CinemaCity"
"Одисея","2026-10-15T06:00:00","15.10.2026","Thursday","18:00","IMAX","Cinema City - Mall Of Sofia","CinemaCity"
"КОЙОТА срещу АКМЕ","2026-10-15T06:00:00","15.10.2026","Thursday","18:00","Зала2","Cinema City - Mall Of Sofia","CinemaCity"
"Другата мама","2026-10-15T06:15:00","15.10.2026","Thursday","18:15","Зала7","Cinema City - Mall Of Sofia","CinemaCity"
"Зооекспрес","2026-10-15T06:30:00","15.10.2026","Thursday","18:30","Зала5","Cinema City - Mall Of Sofia","CinemaCity"
"Верити","2026-10-15T06:40:00","15.10.2026","Thursday","18:40","Зала1","Cinema City - Mall Of Sofia","CinemaCity"
"Наследникът","2026-10-15T06:50:00","15.10.2026","Thursday","18:50","Зала10","Cinema City - Mall Of Sofia","CinemaCity"
"Островът на забравата","2026-10-15T07:00:00","15.10.2026","Thursday","19:00","Зала4","Cinema City - Mall Of Sofia","CinemaCity"
"Нина Роза","2026-10-15T07:15:00","15.10.2026","Thursday","19:15","Зала3","Cinema City - Mall Of Sofia","CinemaCity"
"Заразно зло","2026-10-15T07:20:00","15.10.2026","Thursday","19:20","Зала11","Cinema City - Mall Of Sofia","CinemaCity"
"Сръдльо","2026-10-15T07:30:00","15.10.2026","Thursday","19:30","Зала9","Cinema City - Mall Of Sofia","CinemaCity"
"Сърцето на звяра","2026-10-15T07:40:00","15.10.2026","Thursday","19:40","Зала12","Cinema City - Mall Of Sofia","CinemaCity"
"Не казвай на мама","2026-10-15T07:45:00","15.10.2026","Thursday","19:45","Зала6","Cinema City - Mall Of Sofia","CinemaCity"
"Верити","2026-10-15T07:50:00","15.10.2026","Thursday","19:50","Зала8","Cinema City - Mall Of Sofia","CinemaCity"
"Одисея","2026-10-15T08:15:00","15.10.2026","Thursday","20:15","Зала2","Cinema City - Mall Of Sofia","CinemaCity"
"Другата мама","2026-10-15T08:20:00","15.10.2026","Thursday","20:20","Зала7","Cinema City - Mall Of Sofia","CinemaCity"
"Дигър","2026-10-15T08:30:00","15.10.2026","Thursday","20:30","Зала5","Cinema City - Mall Of Sofia","CinemaCity"
"Верити","2026-10-15T09:10:00","15.10.2026","Thursday","21:10","Зала1","Cinema City - Mall Of Sofia","CinemaCity"
"Падане 2: Мъртва точка","2026-10-15T09:15:00","15.10.2026","Thursday","21:15","Зала10","Cinema City - Mall Of Sofia","CinemaCity"
"Паяци","2026-10-15T09:20:00","15.10.2026","Thursday","21:20","Зала4","Cinema City - Mall Of Sofia","CinemaCity"
"Отмъстителите: Краят – Специално издание","2026-10-15T09:30:00","15.10.2026","Thursday","21:30","IMAX","Cinema City - Mall Of Sofia","CinemaCity"
"Заразно зло","2026-10-15T09:30:00","15.10.2026","Thursday","21:30","Зала11","Cinema City - Mall Of Sofia","CinemaCity"
"Нина Роза","2026-10-15T09:40:00","15.10.2026","Thursday","21:40","Зала3","Cinema City - Mall Of Sofia","CinemaCity"
"Куриерът","2026-10-15T09:40:00","15.10.2026","Thursday","21:40","Зала9","Cinema City - Mall Of Sofia","CinemaCity"
"Сърцето на звяра","2026-10-15T09:50:00","15.10.2026","Thursday","21:50","Зала12","Cinema City - Mall Of Sofia","CinemaCity"
"Не казвай на мама","2026-10-15T10:00:00","15.10.2026","Thursday","22:00","Зала6","Cinema City - Mall Of Sofia","CinemaCity"
"Верити","2026-10-15T10:20:00","15.10.2026","Thursday","22:20","Зала8","Cinema City - Mall Of Sofia","CinemaCity"
"Другата мама","2026-10-15T10:30:00","15.10.2026","Thursday","22:30","Зала7","Cinema City - Mall Of Sofia","CinemaCity"
"Сръдльо","2026-10-15T01:10:00","15.10.2026","Thursday","13:10","Зала5","Cinema City - Paradice Center","CinemaCity"
"Сърцето на звяра","2026-10-15T01:10:00","15.10.2026","Thursday","13:10","Зала6","Cinema City - Paradice Center","CinemaCity"
"Заразно зло","2026-10-15T01:30:00","15.10.2026","Thursday","13:30","Зала4","Cinema City - Paradice Center","CinemaCity"
"Зооекспрес","2026-10-15T01:40:00","15.10.2026","Thursday","13:40","Зала9","Cinema City - Paradice Center","CinemaCity"
"Не казвай на мама","2026-10-15T01:50:00","15.10.2026","Thursday","13:50","Зала12","Cinema City - Paradice Center","CinemaCity"
"Другата мама","2026-10-15T02:00:00","15.10.2026","Thursday","14:00","Зала2","Cinema City - Paradice Center","CinemaCity"
"Отмъстителите: Краят – Специално издание","2026-10-15T02:00:00","15.10.2026","Thursday","14:00","Зала7","Cinema City - Paradice Center","CinemaCity"
"Сръдльо","2026-10-15T02:10:00","15.10.2026","Thursday","14:10","Зала11","Cinema City - Paradice Center","CinemaCity"
"Островът на забравата","2026-10-15T02:20:00","15.10.2026","Thursday","14:20","Зала10","Cinema City - Paradice Center","CinemaCity"
"Дигър","2026-10-15T02:30:00","15.10.2026","Thursday","14:30","Зала14","Cinema City - Paradice Center","CinemaCity"
"Другата мама","2026-10-15T02:30:00","15.10.2026","Thursday","14:30","Зала8","Cinema City - Paradice Center","CinemaCity"
"Нина Роза","2026-10-15T02:40:00","15.10.2026","Thursday","14:40","Зала1","Cinema City - Paradice Center","CinemaCity"
"Одисея","2026-10-15T02:45:00","15.10.2026","Thursday","14:45","Зала13","Cinema City - Paradice Center","CinemaCity"
"Верити","2026-10-15T02:50:00","15.10.2026","Thursday","14:50","Зала3","Cinema City - Paradice Center","CinemaCity"
"Сръдльо","2026-10-15T03:10:00","15.10.2026","Thursday","15:10","Зала5","Cinema City - Paradice Center","CinemaCity"
"Сърцето на звяра","2026-10-15T03:20:00","15.10.2026","Thursday","15:20","Зала6","Cinema City - Paradice Center","CinemaCity"
"Заразно зло","2026-10-15T03:30:00","15.10.2026","Thursday","15:30","Зала4","Cinema City - Paradice Center","CinemaCity"
"Спайдър-мен: Нов ден","2026-10-15T03:50:00","15.10.2026","Thursday","15:50","Зала9","Cinema City - Paradice Center","CinemaCity"
"Миньони & чудовища","2026-10-15T04:00:00","15.10.2026","Thursday","16:00","Зала12","Cinema City - Paradice Center","CinemaCity"
"Другата мама","2026-10-15T04:10:00","15.10.2026","Thursday","16:10","Зала2","Cinema City - Paradice Center","CinemaCity"
"КОЙОТА срещу АКМЕ","2026-10-15T04:30:00","15.10.2026","Thursday","16:30","Зала11","Cinema City - Paradice Center","CinemaCity"
"Отмъстителите: Краят – Специално издание","2026-10-15T04:30:00","15.10.2026","Thursday","16:30","Зала8","Cinema City - Paradice Center","CinemaCity"
"Островът на забравата","2026-10-15T04:40:00","15.10.2026","Thursday","16:40","Зала10","Cinema City - Paradice Center","CinemaCity"
"Нина Роза","2026-10-15T05:00:00","15.10.2026","Thursday","17:00","Зала1","Cinema City - Paradice Center","CinemaCity"
"Зооекспрес","2026-10-15T05:10:00","15.10.2026","Thursday","17:10","Зала14","Cinema City - Paradice Center","CinemaCity"
"Сръдльо","2026-10-15T05:15:00","15.10.2026","Thursday","17:15","Зала5","Cinema City - Paradice Center","CinemaCity"
"Верити","2026-10-15T05:20:00","15.10.2026","Thursday","17:20","Зала3","Cinema City - Paradice Center","CinemaCity"
"Заразно зло","2026-10-15T05:30:00","15.10.2026","Thursday","17:30","Зала4","Cinema City - Paradice Center","CinemaCity"
"Сърцето на звяра","2026-10-15T05:30:00","15.10.2026","Thursday","17:30","Зала6","Cinema City - Paradice Center","CinemaCity"
"Отмъстителите: Краят – Специално издание","2026-10-15T05:40:00","15.10.2026","Thursday","17:40","Зала7","Cinema City - Paradice Center","CinemaCity"
"Не казвай на мама","2026-10-15T06:00:00","15.10.2026","Thursday","18:00","Зала12","Cinema City - Paradice Center","CinemaCity"
"Одисея","2026-10-15T06:10:00","15.10.2026","Thursday","18:10","Зала13","Cinema City - Paradice Center","CinemaCity"
"Другата мама","2026-10-15T06:15:00","15.10.2026","Thursday","18:15","Зала2","Cinema City - Paradice Center","CinemaCity"
"Верити","2026-10-15T06:45:00","15.10.2026","Thursday","18:45","Зала11","Cinema City - Paradice Center","CinemaCity"
"Сърцето на звяра","2026-10-15T06:50:00","15.10.2026","Thursday","18:50","Зала9","Cinema City - Paradice Center","CinemaCity"
"Островът на забравата","2026-10-15T07:00:00","15.10.2026","Thursday","19:00","Зала10","Cinema City - Paradice Center","CinemaCity"
"Наследникът","2026-10-15T07:10:00","15.10.2026","Thursday","19:10","Зала14","Cinema City - Paradice Center","CinemaCity"
"Сръдльо","2026-10-15T07:20:00","15.10.2026","Thursday","19:20","Зала5","Cinema City - Paradice Center","CinemaCity"
"Нина Роза","2026-10-15T07:30:00","15.10.2026","Thursday","19:30","Зала1","Cinema City - Paradice Center","CinemaCity"
"Заразно зло","2026-10-15T07:40:00","15.10.2026","Thursday","19:40","Зала4","Cinema City - Paradice Center","CinemaCity"
"Сърцето на звяра","2026-10-15T07:45:00","15.10.2026","Thursday","19:45","Зала6","Cinema City - Paradice Center","CinemaCity"
"Верити","2026-10-15T07:50:00","15.10.2026","Thursday","19:50","Зала3","Cinema City - Paradice Center","CinemaCity"
"Другата мама","2026-10-15T08:00:00","15.10.2026","Thursday","20:00","Зала8","Cinema City - Paradice Center","CinemaCity"
"Не казвай на мама","2026-10-15T08:10:00","15.10.2026","Thursday","20:10","Зала12","Cinema City - Paradice Center","CinemaCity"
"Другата мама","2026-10-15T08:20:00","15.10.2026","Thursday","20:20","Зала2","Cinema City - Paradice Center","CinemaCity"
"Сърцето на звяра","2026-10-15T09:00:00","15.10.2026","Thursday","21:00","Зала9","Cinema City - Paradice Center","CinemaCity"
"Верити","2026-10-15T09:10:00","15.10.2026","Thursday","21:10","Зала11","Cinema City - Paradice Center","CinemaCity"
"Отмъстителите: Краят – Специално издание","2026-10-15T09:15:00","15.10.2026","Thursday","21:15","Зала7","Cinema City - Paradice Center","CinemaCity"
"Спайдър-мен: Нов ден","2026-10-15T09:20:00","15.10.2026","Thursday","21:20","Зала5","Cinema City - Paradice Center","CinemaCity"
"Дигър","2026-10-15T09:20:00","15.10.2026","Thursday","21:20","Зала10","Cinema City - Paradice Center","CinemaCity"
"Одисея","2026-10-15T09:30:00","15.10.2026","Thursday","21:30","Зала13","Cinema City - Paradice Center","CinemaCity"
"Паяци","2026-10-15T09:40:00","15.10.2026","Thursday","21:40","Зала14","Cinema City - Paradice Center","CinemaCity"
"Заразно зло","2026-10-15T09:45:00","15.10.2026","Thursday","21:45","Зала4","Cinema City - Paradice Center","CinemaCity"
"Нина Роза","2026-10-15T09:50:00","15.10.2026","Thursday","21:50","Зала1","Cinema City - Paradice Center","CinemaCity"
"Сърцето на звяра","2026-10-15T10:00:00","15.10.2026","Thursday","22:00","Зала6","Cinema City - Paradice Center","CinemaCity"
"Другата мама","2026-10-15T10:00:00","15.10.2026","Thursday","22:00","Зала8","Cinema City - Paradice Center","CinemaCity"
"Верити","2026-10-15T10:15:00","15.10.2026","Thursday","22:15","Зала3","Cinema City - Paradice Center","CinemaCity"
"Не казвай на мама","2026-10-15T10:20:00","15.10.2026","Thursday","22:20","Зала12","Cinema City - Paradice Center","CinemaCity"
"Другата мама","2026-10-15T10:30:00","15.10.2026","Thursday","22:30","Зала2","Cinema City - Paradice Center","CinemaCity"
"СРЪДЛЬО","2026-10-15T11:30:00","15.10.2026","Thursday","11:30","Зала 6","CineGrand - Park Center","CineGrand"
"МИНЬОНИ И ЧУДОВИЩА","2026-10-15T12:15:00","15.10.2026","Thursday","12:15","Зала 1","CineGrand - Park Center","CineGrand"
"ЗООЕКСПРЕС","2026-10-15T12:30:00","15.10.2026","Thursday","12:30","Зала 2","CineGrand - Park Center","CineGrand"
"ВЕРИТИ","2026-10-15T01:15:00","15.10.2026","Thursday","13:15","Зала 4","CineGrand - Park Center","CineGrand"
"СЪРЦЕТО НА ЗВЯРА","2026-10-15T01:40:00","15.10.2026","Thursday","13:40","Зала 5","CineGrand - Park Center","CineGrand"
"ОСТРОВЪТ НА ЗАБРАВАТА","2026-10-15T01:45:00","15.10.2026","Thursday","13:45","Зала 3","CineGrand - Park Center","CineGrand"
"НЕ КАЗВАЙ НА МАМА","2026-10-15T02:15:00","15.10.2026","Thursday","14:15","Зала 1","CineGrand - Park Center","CineGrand"
"ОТМЪСТИТЕЛИТЕ: КРАЯТ – СПЕЦИАЛНО ИЗДАНИЕ","2026-10-15T04:00:00","15.10.2026","Thursday","16:00","Зала 5","CineGrand - Park Center","CineGrand"
"ДРУГАТА МАМА","2026-10-15T04:15:00","15.10.2026","Thursday","16:15","Зала 3","CineGrand - Park Center","CineGrand"
"НИНА РОЗА","2026-10-15T05:00:00","15.10.2026","Thursday","17:00","Зала 2","CineGrand - Park Center","CineGrand"
"ОДИСЕЯ","2026-10-15T09:30:00","15.10.2026","Thursday","21:30","Зала 6","CineGrand - Park Center","CineGrand"
"ДИГЪР","2026-10-15T09:45:00","15.10.2026","Thursday","21:45","Зала 2","CineGrand - Park Center","CineGrand"
"ПЕС ПАТРУЛ: ДИНО ФИЛМЪТ","2026-10-15T12:10:00","15.10.2026","Thursday","12:10","Зала 4","CineGrand - Sofia Ring Mall","CineGrand"
"СРЪДЛЬО","2026-10-15T12:15:00","15.10.2026","Thursday","12:15","Зала 2","CineGrand - Sofia Ring Mall","CineGrand"
"ТАЙНИЯТ СВЯТ НА ФИНИК 2","2026-10-15T12:20:00","15.10.2026","Thursday","12:20","TSAR Зала 6","CineGrand - Sofia Ring Mall","CineGrand"
"ОСТРОВЪТ НА ЗАБРАВАТА","2026-10-15T12:30:00","15.10.2026","Thursday","12:30","Зала 3","CineGrand - Sofia Ring Mall","CineGrand"
"ЗООЕКСПРЕС","2026-10-15T12:40:00","15.10.2026","Thursday","12:40","Зала 7","CineGrand - Sofia Ring Mall","CineGrand"
"СЪРЦЕТО НА ЗВЯРА","2026-10-15T01:00:00","15.10.2026","Thursday","13:00","Зала 10","CineGrand - Sofia Ring Mall","CineGrand"
"МИНЬОНИ И ЧУДОВИЩА","2026-10-15T01:10:00","15.10.2026","Thursday","13:10","Зала 8","CineGrand - Sofia Ring Mall","CineGrand"
"СПАЙДЪР-МЕН: НОВ ДЕН","2026-10-15T01:20:00","15.10.2026","Thursday","13:20","TSAR Зала 5","CineGrand - Sofia Ring Mall","CineGrand"
"ДРУГАТА МАМА","2026-10-15T01:50:00","15.10.2026","Thursday","13:50","Зала 9","CineGrand - Sofia Ring Mall","CineGrand"
"НЕ КАЗВАЙ НА МАМА","2026-10-15T02:10:00","15.10.2026","Thursday","14:10","Зала 4","CineGrand - Sofia Ring Mall","CineGrand"
"ВЕРИТИ","2026-10-15T03:10:00","15.10.2026","Thursday","15:10","Зала 8","CineGrand - Sofia Ring Mall","CineGrand"
"НИНА РОЗА","2026-10-15T04:30:00","15.10.2026","Thursday","16:30","TSAR Зала 5","CineGrand - Sofia Ring Mall","CineGrand"
"ЗАРАЗНО ЗЛО ","2026-10-15T05:15:00","15.10.2026","Thursday","17:15","Зала 1","CineGrand - Sofia Ring Mall","CineGrand"
"ОТМЪСТИТЕЛИТЕ: КРАЯТ – СПЕЦИАЛНО ИЗДАНИЕ","2026-10-15T07:45:00","15.10.2026","Thursday","19:45","Зала 3","CineGrand - Sofia Ring Mall","CineGrand"
"ДИГЪР","2026-10-15T08:15:00","15.10.2026","Thursday","20:15","Зала 2","CineGrand - Sofia Ring Mall","CineGrand"
"ОДИСЕЯ","2026-10-15T09:00:00","15.10.2026","Thursday","21:00","TSAR Зала 5","CineGrand - Sofia Ring Mall","CineGrand"
"ПАЯЦИ","2026-10-15T10:20:00","15.10.2026","Thursday","22:20","Зала 1","CineGrand - Sofia Ring Mall","CineGrand"
"КОВАРЕН КАПАН: БЯГСТВО ОТ ОТВЪДНОТО","2026-10-15T11:00:00","15.10.2026","Thursday","23:00","Зала 2","CineGrand - Sofia Ring Mall","CineGrand"
"Миньони &amp; чудовища","2026-10-15T01:10:00","15.10.2026","Thursday","13:10","Digital; Dubbed; LUXE","Kino Arena - The Mall","KinoArena"
"Одисея","2026-10-15T08:20:00","15.10.2026","Thursday","20:20","BG Subtitles; Digital; LUXE","Kino Arena - The Mall","KinoArena"
"Спайдър-мен: Нов ден","2026-10-15T05:20:00","15.10.2026","Thursday","17:20","3D Digital; BG Subtitles; LUXE","Kino Arena - The Mall","KinoArena"
"Пес Патрул: Дино Филмът","2026-10-15T03:50:00","15.10.2026","Thursday","15:50","Digital; Dubbed; LUXE","Kino Arena - The Mall","KinoArena"
"Коварен капан: Бягство от отвъдното","2026-10-15T10:30:00","15.10.2026","Thursday","22:30","BG Subtitles; Digital; LUXE","Kino Arena - The Mall","KinoArena"
"Койота срещу Акме","2026-10-15T01:15:00","15.10.2026","Thursday","13:15","Digital; Dubbed; LUXE","Kino Arena - The Mall","KinoArena"
"Падане 2","2026-10-15T07:50:00","15.10.2026","Thursday","19:50","BG Subtitles; Digital; LUXE","Kino Arena - The Mall","KinoArena"
"Приложна магия 2","2026-10-15T05:50:00","15.10.2026","Thursday","17:50","BG Subtitles; Digital; LUXE","Kino Arena - The Mall","KinoArena"
"Куриерът","2026-10-15T08:45:00","15.10.2026","Thursday","20:45","BG Subtitles; Digital; LUXE","Kino Arena - The Mall","KinoArena"
"Наследникът","2026-10-15T03:10:00","15.10.2026","Thursday","15:10","Digital; Dubbed; LUXE","Kino Arena - The Mall","KinoArena"
"Заразно зло","2026-10-15T02:00:00","15.10.2026","Thursday","14:00","BG Subtitles; Digital; LUXE","Kino Arena - The Mall","KinoArena"
"Заразно зло","2026-10-15T08:30:00","15.10.2026","Thursday","20:30","BG Subtitles; Digital; LUXE","Kino Arena - The Mall","KinoArena"
"Заразно зло","2026-10-15T10:40:00","15.10.2026","Thursday","22:40","BG Subtitles; Digital; LUXE","Kino Arena - The Mall","KinoArena"
"Сърцето на звяра","2026-10-15T02:20:00","15.10.2026","Thursday","14:20","BG Subtitles; Digital; LUXE","Kino Arena - The Mall","KinoArena"
"Сърцето на звяра","2026-10-15T05:40:00","15.10.2026","Thursday","17:40","BG Subtitles; Digital; LUXE","Kino Arena - The Mall","KinoArena"
"Сърцето на звяра","2026-10-15T08:10:00","15.10.2026","Thursday","20:10","BG Subtitles; Digital; LUXE","Kino Arena - The Mall","KinoArena"
"Сърцето на звяра","2026-10-15T10:20:00","15.10.2026","Thursday","22:20","BG Subtitles; Digital; LUXE","Kino Arena - The Mall","KinoArena"
"Островът на забравата","2026-10-15T01:40:00","15.10.2026","Thursday","13:40","Digital; Dubbed; LUXE","Kino Arena - The Mall","KinoArena"
"Островът на забравата","2026-10-15T04:20:00","15.10.2026","Thursday","16:20","Digital; Dubbed; LUXE","Kino Arena - The Mall","KinoArena"
"Отмъстителите: Краят – Специално издание","2026-10-15T06:30:00","15.10.2026","Thursday","18:30","3D Digital; BG Subtitles; LUXE","Kino Arena - The Mall","KinoArena"
"Отмъстителите: Краят – Специално издание","2026-10-15T09:10:00","15.10.2026","Thursday","21:10","3D Digital; BG Subtitles; LUXE","Kino Arena - The Mall","KinoArena"
"Верити","2026-10-15T02:40:00","15.10.2026","Thursday","14:40","BG Subtitles; Digital; LUXE","Kino Arena - The Mall","KinoArena"
"Верити","2026-10-15T05:00:00","15.10.2026","Thursday","17:00","BG Subtitles; Digital; LUXE","Kino Arena - The Mall","KinoArena"
"Верити","2026-10-15T07:15:00","15.10.2026","Thursday","19:15","BG Subtitles; Digital; LUXE","Kino Arena - The Mall","KinoArena"
"Верити","2026-10-15T09:30:00","15.10.2026","Thursday","21:30","BG Subtitles; Digital; LUXE","Kino Arena - The Mall","KinoArena"
"Дигър","2026-10-15T01:40:00","15.10.2026","Thursday","13:40","BG Subtitles; Digital; LUXE","Kino Arena - The Mall","KinoArena"
"Дигър","2026-10-15T04:10:00","15.10.2026","Thursday","16:10","BG Subtitles; Digital; LUXE","Kino Arena - The Mall","KinoArena"
"Дигър","2026-10-15T06:40:00","15.10.2026","Thursday","18:40","BG Subtitles; Digital; LUXE","Kino Arena - The Mall","KinoArena"
"Дигър","2026-10-15T09:50:00","15.10.2026","Thursday","21:50","BG Subtitles; Digital; LUXE","Kino Arena - The Mall","KinoArena"
"Зооекспрес","2026-10-15T02:30:00","15.10.2026","Thursday","14:30","Digital; Dubbed; LUXE","Kino Arena - The Mall","KinoArena"
"Зооекспрес","2026-10-15T04:30:00","15.10.2026","Thursday","16:30","Digital; Dubbed; LUXE","Kino Arena - The Mall","KinoArena"
"Зооекспрес","2026-10-15T06:20:00","15.10.2026","Thursday","18:20","Digital; Dubbed; LUXE","Kino Arena - The Mall","KinoArena"
"Паяци","2026-10-15T03:30:00","15.10.2026","Thursday","15:30","Digital; LUXE","Kino Arena - The Mall","KinoArena"
"Паяци","2026-10-15T09:40:00","15.10.2026","Thursday","21:40","Digital; LUXE","Kino Arena - The Mall","KinoArena"
"Другата мама","2026-10-15T01:20:00","15.10.2026","Thursday","13:20","BG Subtitles; Digital; LUXE","Kino Arena - The Mall","KinoArena"
"Другата мама","2026-10-15T04:00:00","15.10.2026","Thursday","16:00","BG Subtitles; Digital; LUXE","Kino Arena - The Mall","KinoArena"
"Другата мама","2026-10-15T06:00:00","15.10.2026","Thursday","18:00","BG Subtitles; Digital; LUXE","Kino Arena - The Mall","KinoArena"
"Другата мама","2026-10-15T08:00:00","15.10.2026","Thursday","20:00","BG Subtitles; Digital; LUXE","Kino Arena - The Mall","KinoArena"
"Другата мама","2026-10-15T10:10:00","15.10.2026","Thursday","22:10","BG Subtitles; Digital; LUXE","Kino Arena - The Mall","KinoArena"
"НЕ КАЗВАЙ НА МАМА","2026-10-15T02:50:00","15.10.2026","Thursday","14:50","BG Subtitles; Digital; LUXE","Kino Arena - The Mall","KinoArena"
"НЕ КАЗВАЙ НА МАМА","2026-10-15T06:50:00","15.10.2026","Thursday","18:50","BG Subtitles; Digital; LUXE","Kino Arena - The Mall","KinoArena"
"НЕ КАЗВАЙ НА МАМА","2026-10-15T10:00:00","15.10.2026","Thursday","22:00","BG Subtitles; Digital; LUXE","Kino Arena - The Mall","KinoArena"
"Нина Роза","2026-10-15T04:50:00","15.10.2026","Thursday","16:50","BG Subtitles; Digital; LUXE","Kino Arena - The Mall","KinoArena"
"Нина Роза","2026-10-15T07:30:00","15.10.2026","Thursday","19:30","BG Subtitles; Digital; LUXE","Kino Arena - The Mall","KinoArena"
"СРЪДЛЬО","2026-10-15T01:00:00","15.10.2026","Thursday","13:00","Digital; Dubbed; LUXE","Kino Arena - The Mall","KinoArena"
"СРЪДЛЬО","2026-10-15T03:20:00","15.10.2026","Thursday","15:20","Digital; Dubbed; LUXE","Kino Arena - The Mall","KinoArena"
"СРЪДЛЬО","2026-10-15T05:30:00","15.10.2026","Thursday","17:30","Digital; Dubbed; LUXE","Kino Arena - The Mall","KinoArena"
"Миньони &amp; чудовища","2026-10-15T01:10:00","15.10.2026","Thursday","13:10","Digital; Dubbed; LUXE","Kino Arena - West Mall","KinoArena"
"Одисея","2026-10-15T08:20:00","15.10.2026","Thursday","20:20","BG Subtitles; Digital; LUXE","Kino Arena - West Mall","KinoArena"
"Спайдър-мен: Нов ден","2026-10-15T05:20:00","15.10.2026","Thursday","17:20","3D Digital; BG Subtitles; LUXE","Kino Arena - West Mall","KinoArena"
"Пес Патрул: Дино Филмът","2026-10-15T03:50:00","15.10.2026","Thursday","15:50","Digital; Dubbed; LUXE","Kino Arena - West Mall","KinoArena"
"Коварен капан: Бягство от отвъдното","2026-10-15T10:30:00","15.10.2026","Thursday","22:30","BG Subtitles; Digital; LUXE","Kino Arena - West Mall","KinoArena"
"Койота срещу Акме","2026-10-15T01:15:00","15.10.2026","Thursday","13:15","Digital; Dubbed; LUXE","Kino Arena - West Mall","KinoArena"
"Падане 2","2026-10-15T07:50:00","15.10.2026","Thursday","19:50","BG Subtitles; Digital; LUXE","Kino Arena - West Mall","KinoArena"
"Приложна магия 2","2026-10-15T05:50:00","15.10.2026","Thursday","17:50","BG Subtitles; Digital; LUXE","Kino Arena - West Mall","KinoArena"
"Куриерът","2026-10-15T08:45:00","15.10.2026","Thursday","20:45","BG Subtitles; Digital; LUXE","Kino Arena - West Mall","KinoArena"
"Наследникът","2026-10-15T03:10:00","15.10.2026","Thursday","15:10","Digital; Dubbed; LUXE","Kino Arena - West Mall","KinoArena"
"Заразно зло","2026-10-15T02:00:00","15.10.2026","Thursday","14:00","BG Subtitles; Digital; LUXE","Kino Arena - West Mall","KinoArena"
"Заразно зло","2026-10-15T08:30:00","15.10.2026","Thursday","20:30","BG Subtitles; Digital; LUXE","Kino Arena - West Mall","KinoArena"
"Заразно зло","2026-10-15T10:40:00","15.10.2026","Thursday","22:40","BG Subtitles; Digital; LUXE","Kino Arena - West Mall","KinoArena"
"Сърцето на звяра","2026-10-15T02:20:00","15.10.2026","Thursday","14:20","BG Subtitles; Digital; LUXE","Kino Arena - West Mall","KinoArena"
"Сърцето на звяра","2026-10-15T05:40:00","15.10.2026","Thursday","17:40","BG Subtitles; Digital; LUXE","Kino Arena - West Mall","KinoArena"
"Сърцето на звяра","2026-10-15T08:10:00","15.10.2026","Thursday","20:10","BG Subtitles; Digital; LUXE","Kino Arena - West Mall","KinoArena"
"Сърцето на звяра","2026-10-15T10:20:00","15.10.2026","Thursday","22:20","BG Subtitles; Digital; LUXE","Kino Arena - West Mall","KinoArena"
"Островът на забравата","2026-10-15T01:30:00","15.10.2026","Thursday","13:30","Digital; Dubbed; LUXE","Kino Arena - West Mall","KinoArena"
"Островът на забравата","2026-10-15T04:20:00","15.10.2026","Thursday","16:20","Digital; Dubbed; LUXE","Kino Arena - West Mall","KinoArena"
"Отмъстителите: Краят – Специално издание","2026-10-15T06:30:00","15.10.2026","Thursday","18:30","3D Digital; BG Subtitles; LUXE","Kino Arena - West Mall","KinoArena"
"Отмъстителите: Краят – Специално издание","2026-10-15T09:10:00","15.10.2026","Thursday","21:10","3D Digital; BG Subtitles; LUXE","Kino Arena - West Mall","KinoArena"
"Верити","2026-10-15T02:40:00","15.10.2026","Thursday","14:40","BG Subtitles; Digital; LUXE","Kino Arena - West Mall","KinoArena"
"Верити","2026-10-15T05:00:00","15.10.2026","Thursday","17:00","BG Subtitles; Digital; LUXE","Kino Arena - West Mall","KinoArena"
"Верити","2026-10-15T07:10:00","15.10.2026","Thursday","19:10","BG Subtitles; Digital; LUXE","Kino Arena - West Mall","KinoArena"
"Верити","2026-10-15T09:30:00","15.10.2026","Thursday","21:30","BG Subtitles; Digital; LUXE","Kino Arena - West Mall","KinoArena"
"Дигър","2026-10-15T01:40:00","15.10.2026","Thursday","13:40","BG Subtitles; Digital; LUXE","Kino Arena - West Mall","KinoArena"
"Дигър","2026-10-15T04:10:00","15.10.2026","Thursday","16:10","BG Subtitles; Digital; LUXE","Kino Arena - West Mall","KinoArena"
"Дигър","2026-10-15T06:40:00","15.10.2026","Thursday","18:40","BG Subtitles; Digital; LUXE","Kino Arena - West Mall","KinoArena"
"Дигър","2026-10-15T09:50:00","15.10.2026","Thursday","21:50","BG Subtitles; Digital; LUXE","Kino Arena - West Mall","KinoArena"
"Зооекспрес","2026-10-15T02:30:00","15.10.2026","Thursday","14:30","Digital; Dubbed; LUXE","Kino Arena - West Mall","KinoArena"
"Зооекспрес","2026-10-15T04:30:00","15.10.2026","Thursday","16:30","Digital; Dubbed; LUXE","Kino Arena - West Mall","KinoArena"
"Зооекспрес","2026-10-15T06:20:00","15.10.2026","Thursday","18:20","Digital; Dubbed; LUXE","Kino Arena - West Mall","KinoArena"
"Паяци","2026-10-15T03:30:00","15.10.2026","Thursday","15:30","Digital; LUXE","Kino Arena - West Mall","KinoArena"
"Паяци","2026-10-15T09:40:00","15.10.2026","Thursday","21:40","Digital; LUXE","Kino Arena - West Mall","KinoArena"
"Другата мама","2026-10-15T01:20:00","15.10.2026","Thursday","13:20","BG Subtitles; Digital; LUXE","Kino Arena - West Mall","KinoArena"
"Другата мама","2026-10-15T04:00:00","15.10.2026","Thursday","16:00","BG Subtitles; Digital; LUXE","Kino Arena - West Mall","KinoArena"
"Другата мама","2026-10-15T06:00:00","15.10.2026","Thursday","18:00","BG Subtitles; Digital; LUXE","Kino Arena - West Mall","KinoArena"
"Другата мама","2026-10-15T08:00:00","15.10.2026","Thursday","20:00","BG Subtitles; Digital; LUXE","Kino Arena - West Mall","KinoArena"
"Другата мама","2026-10-15T10:10:00","15.10.2026","Thursday","22:10","BG Subtitles; Digital; LUXE","Kino Arena - West Mall","KinoArena"
"НЕ КАЗВАЙ НА МАМА","2026-10-15T02:50:00","15.10.2026","Thursday","14:50","BG Subtitles; Digital; LUXE","Kino Arena - West Mall","KinoArena"
"НЕ КАЗВАЙ НА МАМА","2026-10-15T06:50:00","15.10.2026","Thursday","18:50","BG Subtitles; Digital; LUXE","Kino Arena - West Mall","KinoArena"
"НЕ КАЗВАЙ НА МАМА","2026-10-15T10:00:00","15.10.2026","Thursday","22:00","BG Subtitles; Digital; LUXE","Kino Arena - West Mall","KinoArena"
"Нина Роза","2026-10-15T04:50:00","15.10.2026","Thursday","16:50","BG Subtitles; Digital; LUXE","Kino Arena - West Mall","KinoArena"
"Нина Роза","2026-10-15T07:30:00","15.10.2026","Thursday","19:30","BG Subtitles; Digital; LUXE","Kino Arena - West Mall","KinoArena"
"СРЪДЛЬО","2026-10-15T01:00:00","15.10.2026","Thursday","13:00","Digital; Dubbed; LUXE","Kino Arena - West Mall","KinoArena"
"СРЪДЛЬО","2026-10-15T03:20:00","15.10.2026","Thursday","15:20","Digital; Dubbed; LUXE","Kino Arena - West Mall","KinoArena"
"СРЪДЛЬО","2026-10-15T05:30:00","15.10.2026","Thursday","17:30","Digital; Dubbed; LUXE","Kino Arena - West Mall","KinoArena"
"Хроники за неудобната истина","2026-10-16T07:00:00","16.10.2026","Friday","19:00","Зала3","Cinema City - Mall Of Sofia","CinemaCity"
"Хроники за неудобната истина","2026-10-16T07:20:00","16.10.2026","Friday","19:20","Зала1","Cinema City - Paradice Center","CinemaCity"
"СРЪДЛЬО","2026-10-09T11:30:00","9.10.2026","Friday","11:30","Зала 6","CineGrand - Park Center","CineGrand"
"МИНЬОНИ И ЧУДОВИЩА","2026-10-09T12:15:00","9.10.2026","Friday","12:15","Зала 1","CineGrand - Park Center","CineGrand"
"ЗООЕКСПРЕС","2026-10-09T12:30:00","9.10.2026","Friday","12:30","Зала 2","CineGrand - Park Center","CineGrand"
"ВЕРИТИ","2026-10-09T01:15:00","9.10.2026","Friday","13:15","Зала 4","CineGrand - Park Center","CineGrand"
"СЪРЦЕТО НА ЗВЯРА","2026-10-09T01:40:00","9.10.2026","Friday","13:40","Зала 5","CineGrand - Park Center","CineGrand"
"ОСТРОВЪТ НА ЗАБРАВАТА","2026-10-09T01:45:00","9.10.2026","Friday","13:45","Зала 3","CineGrand - Park Center","CineGrand"
"НЕ КАЗВАЙ НА МАМА","2026-10-09T02:15:00","9.10.2026","Friday","14:15","Зала 1","CineGrand - Park Center","CineGrand"
"ОТМЪСТИТЕЛИТЕ: КРАЯТ – СПЕЦИАЛНО ИЗДАНИЕ","2026-10-09T04:00:00","9.10.2026","Friday","16:00","Зала 5","CineGrand - Park Center","CineGrand"
"ДРУГАТА МАМА","2026-10-09T04:15:00","9.10.2026","Friday","16:15","Зала 3","CineGrand - Park Center","CineGrand"
"НИНА РОЗА","2026-10-09T05:00:00","9.10.2026","Friday","17:00","Зала 2","CineGrand - Park Center","CineGrand"
"ОДИСЕЯ","2026-10-09T09:30:00","9.10.2026","Friday","21:30","Зала 6","CineGrand - Park Center","CineGrand"
"ДИГЪР","2026-10-09T09:45:00","9.10.2026","Friday","21:45","Зала 2","CineGrand - Park Center","CineGrand"
"ПЕС ПАТРУЛ: ДИНО ФИЛМЪТ","2026-10-09T12:10:00","9.10.2026","Friday","12:10","Зала 4","CineGrand - Sofia Ring Mall","CineGrand"
"СРЪДЛЬО","2026-10-09T12:15:00","9.10.2026","Friday","12:15","Зала 2","CineGrand - Sofia Ring Mall","CineGrand"
"ТАЙНИЯТ СВЯТ НА ФИНИК 2","2026-10-09T12:20:00","9.10.2026","Friday","12:20","TSAR Зала 6","CineGrand - Sofia Ring Mall","CineGrand"
"ОСТРОВЪТ НА ЗАБРАВАТА","2026-10-09T12:30:00","9.10.2026","Friday","12:30","Зала 3","CineGrand - Sofia Ring Mall","CineGrand"
"ЗООЕКСПРЕС","2026-10-09T12:40:00","9.10.2026","Friday","12:40","Зала 7","CineGrand - Sofia Ring Mall","CineGrand"
"СЪРЦЕТО НА ЗВЯРА","2026-10-09T01:00:00","9.10.2026","Friday","13:00","Зала 10","CineGrand - Sofia Ring Mall","CineGrand"
"МИНЬОНИ И ЧУДОВИЩА","2026-10-09T01:10:00","9.10.2026","Friday","13:10","Зала 8","CineGrand - Sofia Ring Mall","CineGrand"
"СПАЙДЪР-МЕН: НОВ ДЕН","2026-10-09T01:20:00","9.10.2026","Friday","13:20","TSAR Зала 5","CineGrand - Sofia Ring Mall","CineGrand"
"ДРУГАТА МАМА","2026-10-09T01:50:00","9.10.2026","Friday","13:50","Зала 9","CineGrand - Sofia Ring Mall","CineGrand"
"НЕ КАЗВАЙ НА МАМА","2026-10-09T02:10:00","9.10.2026","Friday","14:10","Зала 4","CineGrand - Sofia Ring Mall","CineGrand"
"ВЕРИТИ","2026-10-09T03:10:00","9.10.2026","Friday","15:10","Зала 8","CineGrand - Sofia Ring Mall","CineGrand"
"НИНА РОЗА","2026-10-09T04:30:00","9.10.2026","Friday","16:30","TSAR Зала 5","CineGrand - Sofia Ring Mall","CineGrand"
"ЗАРАЗНО ЗЛО ","2026-10-09T05:15:00","9.10.2026","Friday","17:15","Зала 1","CineGrand - Sofia Ring Mall","CineGrand"
"ОТМЪСТИТЕЛИТЕ: КРАЯТ – СПЕЦИАЛНО ИЗДАНИЕ","2026-10-09T07:45:00","9.10.2026","Friday","19:45","Зала 3","CineGrand - Sofia Ring Mall","CineGrand"
"ДИГЪР","2026-10-09T08:15:00","9.10.2026","Friday","20:15","Зала 2","CineGrand - Sofia Ring Mall","CineGrand"
"ОДИСЕЯ","2026-10-09T09:00:00","9.10.2026","Friday","21:00","TSAR Зала 5","CineGrand - Sofia Ring Mall","CineGrand"
"ПАЯЦИ","2026-10-09T10:20:00","9.10.2026","Friday","22:20","Зала 1","CineGrand - Sofia Ring Mall","CineGrand"
"КОВАРЕН КАПАН: БЯГСТВО ОТ ОТВЪДНОТО","2026-10-09T11:00:00","9.10.2026","Friday","23:00","Зала 2","CineGrand - Sofia Ring Mall","CineGrand"
"Миньони &amp; чудовища","2026-10-16T01:10:00","16.10.2026","Friday","13:10","Digital; Dubbed; LUXE","Kino Arena - The Mall","KinoArena"
"Одисея","2026-10-16T08:20:00","16.10.2026","Friday","20:20","BG Subtitles; Digital; LUXE","Kino Arena - The Mall","KinoArena"
"Спайдър-мен: Нов ден","2026-10-16T05:20:00","16.10.2026","Friday","17:20","3D Digital; BG Subtitles; LUXE","Kino Arena - The Mall","KinoArena"
"Пес Патрул: Дино Филмът","2026-10-16T03:50:00","16.10.2026","Friday","15:50","Digital; Dubbed; LUXE","Kino Arena - The Mall","KinoArena"
"Коварен капан: Бягство от отвъдното","2026-10-16T10:30:00","16.10.2026","Friday","22:30","BG Subtitles; Digital; LUXE","Kino Arena - The Mall","KinoArena"
"Койота срещу Акме","2026-10-16T01:15:00","16.10.2026","Friday","13:15","Digital; Dubbed; LUXE","Kino Arena - The Mall","KinoArena"
"Падане 2","2026-10-16T07:50:00","16.10.2026","Friday","19:50","BG Subtitles; Digital; LUXE","Kino Arena - The Mall","KinoArena"
"Приложна магия 2","2026-10-16T05:50:00","16.10.2026","Friday","17:50","BG Subtitles; Digital; LUXE","Kino Arena - The Mall","KinoArena"
"Куриерът","2026-10-16T08:45:00","16.10.2026","Friday","20:45","BG Subtitles; Digital; LUXE","Kino Arena - The Mall","KinoArena"
"Наследникът","2026-10-16T03:10:00","16.10.2026","Friday","15:10","Digital; Dubbed; LUXE","Kino Arena - The Mall","KinoArena"
"Заразно зло","2026-10-16T02:00:00","16.10.2026","Friday","14:00","BG Subtitles; Digital; LUXE","Kino Arena - The Mall","KinoArena"
"Заразно зло","2026-10-16T08:30:00","16.10.2026","Friday","20:30","BG Subtitles; Digital; LUXE","Kino Arena - The Mall","KinoArena"
"Заразно зло","2026-10-16T10:40:00","16.10.2026","Friday","22:40","BG Subtitles; Digital; LUXE","Kino Arena - The Mall","KinoArena"
"Сърцето на звяра","2026-10-16T02:20:00","16.10.2026","Friday","14:20","BG Subtitles; Digital; LUXE","Kino Arena - The Mall","KinoArena"
"Сърцето на звяра","2026-10-16T05:40:00","16.10.2026","Friday","17:40","BG Subtitles; Digital; LUXE","Kino Arena - The Mall","KinoArena"
"Сърцето на звяра","2026-10-16T08:10:00","16.10.2026","Friday","20:10","BG Subtitles; Digital; LUXE","Kino Arena - The Mall","KinoArena"
"Сърцето на звяра","2026-10-16T10:20:00","16.10.2026","Friday","22:20","BG Subtitles; Digital; LUXE","Kino Arena - The Mall","KinoArena"
"Островът на забравата","2026-10-16T01:40:00","16.10.2026","Friday","13:40","Digital; Dubbed; LUXE","Kino Arena - The Mall","KinoArena"
"Островът на забравата","2026-10-16T04:20:00","16.10.2026","Friday","16:20","Digital; Dubbed; LUXE","Kino Arena - The Mall","KinoArena"
"Отмъстителите: Краят – Специално издание","2026-10-16T06:30:00","16.10.2026","Friday","18:30","3D Digital; BG Subtitles; LUXE","Kino Arena - The Mall","KinoArena"
"Отмъстителите: Краят – Специално издание","2026-10-16T09:10:00","16.10.2026","Friday","21:10","3D Digital; BG Subtitles; LUXE","Kino Arena - The Mall","KinoArena"
"Верити","2026-10-16T02:40:00","16.10.2026","Friday","14:40","BG Subtitles; Digital; LUXE","Kino Arena - The Mall","KinoArena"
"Верити","2026-10-16T05:00:00","16.10.2026","Friday","17:00","BG Subtitles; Digital; LUXE","Kino Arena - The Mall","KinoArena"
"Верити","2026-10-16T07:15:00","16.10.2026","Friday","19:15","BG Subtitles; Digital; LUXE","Kino Arena - The Mall","KinoArena"
"Верити","2026-10-16T09:30:00","16.10.2026","Friday","21:30","BG Subtitles; Digital; LUXE","Kino Arena - The Mall","KinoArena"
"Дигър","2026-10-16T01:40:00","16.10.2026","Friday","13:40","BG Subtitles; Digital; LUXE","Kino Arena - The Mall","KinoArena"
"Дигър","2026-10-16T04:10:00","16.10.2026","Friday","16:10","BG Subtitles; Digital; LUXE","Kino Arena - The Mall","KinoArena"
"Дигър","2026-10-16T06:40:00","16.10.2026","Friday","18:40","BG Subtitles; Digital; LUXE","Kino Arena - The Mall","KinoArena"
"Дигър","2026-10-16T09:50:00","16.10.2026","Friday","21:50","BG Subtitles; Digital; LUXE","Kino Arena - The Mall","KinoArena"
"Зооекспрес","2026-10-16T02:30:00","16.10.2026","Friday","14:30","Digital; Dubbed; LUXE","Kino Arena - The Mall","KinoArena"
"Зооекспрес","2026-10-16T04:30:00","16.10.2026","Friday","16:30","Digital; Dubbed; LUXE","Kino Arena - The Mall","KinoArena"
"Зооекспрес","2026-10-16T06:20:00","16.10.2026","Friday","18:20","Digital; Dubbed; LUXE","Kino Arena - The Mall","KinoArena"
"Паяци","2026-10-16T03:30:00","16.10.2026","Friday","15:30","Digital; LUXE","Kino Arena - The Mall","KinoArena"
"Паяци","2026-10-16T09:40:00","16.10.2026","Friday","21:40","Digital; LUXE","Kino Arena - The Mall","KinoArena"
"Другата мама","2026-10-16T01:20:00","16.10.2026","Friday","13:20","BG Subtitles; Digital; LUXE","Kino Arena - The Mall","KinoArena"
"Другата мама","2026-10-16T04:00:00","16.10.2026","Friday","16:00","BG Subtitles; Digital; LUXE","Kino Arena - The Mall","KinoArena"
"Другата мама","2026-10-16T06:00:00","16.10.2026","Friday","18:00","BG Subtitles; Digital; LUXE","Kino Arena - The Mall","KinoArena"
"Другата мама","2026-10-16T08:00:00","16.10.2026","Friday","20:00","BG Subtitles; Digital; LUXE","Kino Arena - The Mall","KinoArena"
"Другата мама","2026-10-16T10:10:00","16.10.2026","Friday","22:10","BG Subtitles; Digital; LUXE","Kino Arena - The Mall","KinoArena"
"НЕ КАЗВАЙ НА МАМА","2026-10-16T02:50:00","16.10.2026","Friday","14:50","BG Subtitles; Digital; LUXE","Kino Arena - The Mall","KinoArena"
"НЕ КАЗВАЙ НА МАМА","2026-10-16T06:50:00","16.10.2026","Friday","18:50","BG Subtitles; Digital; LUXE","Kino Arena - The Mall","KinoArena"
"НЕ КАЗВАЙ НА МАМА","2026-10-16T10:00:00","16.10.2026","Friday","22:00","BG Subtitles; Digital; LUXE","Kino Arena - The Mall","KinoArena"
"Нина Роза","2026-10-16T04:50:00","16.10.2026","Friday","16:50","BG Subtitles; Digital; LUXE","Kino Arena - The Mall","KinoArena"
"Нина Роза","2026-10-16T07:30:00","16.10.2026","Friday","19:30","BG Subtitles; Digital; LUXE","Kino Arena - The Mall","KinoArena"
"СРЪДЛЬО","2026-10-16T01:00:00","16.10.2026","Friday","13:00","Digital; Dubbed; LUXE","Kino Arena - The Mall","KinoArena"
"СРЪДЛЬО","2026-10-16T03:20:00","16.10.2026","Friday","15:20","Digital; Dubbed; LUXE","Kino Arena - The Mall","KinoArena"
"СРЪДЛЬО","2026-10-16T05:30:00","16.10.2026","Friday","17:30","Digital; Dubbed; LUXE","Kino Arena - The Mall","KinoArena"
"Миньони &amp; чудовища","2026-10-16T01:10:00","16.10.2026","Friday","13:10","Digital; Dubbed; LUXE","Kino Arena - West Mall","KinoArena"
"Одисея","2026-10-16T08:20:00","16.10.2026","Friday","20:20","BG Subtitles; Digital; LUXE","Kino Arena - West Mall","KinoArena"
"Спайдър-мен: Нов ден","2026-10-16T05:20:00","16.10.2026","Friday","17:20","3D Digital; BG Subtitles; LUXE","Kino Arena - West Mall","KinoArena"
"Пес Патрул: Дино Филмът","2026-10-16T03:50:00","16.10.2026","Friday","15:50","Digital; Dubbed; LUXE","Kino Arena - West Mall","KinoArena"
"Коварен капан: Бягство от отвъдното","2026-10-16T10:30:00","16.10.2026","Friday","22:30","BG Subtitles; Digital; LUXE","Kino Arena - West Mall","KinoArena"
"Койота срещу Акме","2026-10-16T01:15:00","16.10.2026","Friday","13:15","Digital; Dubbed; LUXE","Kino Arena - West Mall","KinoArena"
"Падане 2","2026-10-16T07:50:00","16.10.2026","Friday","19:50","BG Subtitles; Digital; LUXE","Kino Arena - West Mall","KinoArena"
"Приложна магия 2","2026-10-16T05:50:00","16.10.2026","Friday","17:50","BG Subtitles; Digital; LUXE","Kino Arena - West Mall","KinoArena"
"Куриерът","2026-10-16T08:45:00","16.10.2026","Friday","20:45","BG Subtitles; Digital; LUXE","Kino Arena - West Mall","KinoArena"
"Наследникът","2026-10-16T03:10:00","16.10.2026","Friday","15:10","Digital; Dubbed; LUXE","Kino Arena - West Mall","KinoArena"
"Заразно зло","2026-10-16T02:00:00","16.10.2026","Friday","14:00","BG Subtitles; Digital; LUXE","Kino Arena - West Mall","KinoArena"
"Заразно зло","2026-10-16T08:30:00","16.10.2026","Friday","20:30","BG Subtitles; Digital; LUXE","Kino Arena - West Mall","KinoArena"
"Заразно зло","2026-10-16T10:40:00","16.10.2026","Friday","22:40","BG Subtitles; Digital; LUXE","Kino Arena - West Mall","KinoArena"
"Сърцето на звяра","2026-10-16T02:20:00","16.10.2026","Friday","14:20","BG Subtitles; Digital; LUXE","Kino Arena - West Mall","KinoArena"
"Сърцето на звяра","2026-10-16T05:40:00","16.10.2026","Friday","17:40","BG Subtitles; Digital; LUXE","Kino Arena - West Mall","KinoArena"
"Сърцето на звяра","2026-10-16T08:10:00","16.10.2026","Friday","20:10","BG Subtitles; Digital; LUXE","Kino Arena - West Mall","KinoArena"
"Сърцето на звяра","2026-10-16T10:20:00","16.10.2026","Friday","22:20","BG Subtitles; Digital; LUXE","Kino Arena - West Mall","KinoArena"
"Островът на забравата","2026-10-16T01:30:00","16.10.2026","Friday","13:30","Digital; Dubbed; LUXE","Kino Arena - West Mall","KinoArena"
"Островът на забравата","2026-10-16T04:20:00","16.10.2026","Friday","16:20","Digital; Dubbed; LUXE","Kino Arena - West Mall","KinoArena"
"Отмъстителите: Краят – Специално издание","2026-10-16T06:30:00","16.10.2026","Friday","18:30","3D Digital; BG Subtitles; LUXE","Kino Arena - West Mall","KinoArena"
"Отмъстителите: Краят – Специално издание","2026-10-16T09:10:00","16.10.2026","Friday","21:10","3D Digital; BG Subtitles; LUXE","Kino Arena - West Mall","KinoArena"
"Верити","2026-10-16T02:40:00","16.10.2026","Friday","14:40","BG Subtitles; Digital; LUXE","Kino Arena - West Mall","KinoArena"
"Верити","2026-10-16T05:00:00","16.10.2026","Friday","17:00","BG Subtitles; Digital; LUXE","Kino Arena - West Mall","KinoArena"
"Верити","2026-10-16T07:10:00","16.10.2026","Friday","19:10","BG Subtitles; Digital; LUXE","Kino Arena - West Mall","KinoArena"
"Верити","2026-10-16T09:30:00","16.10.2026","Friday","21:30","BG Subtitles; Digital; LUXE","Kino Arena - West Mall","KinoArena"
"Дигър","2026-10-16T01:40:00","16.10.2026","Friday","13:40","BG Subtitles; Digital; LUXE","Kino Arena - West Mall","KinoArena"
"Дигър","2026-10-16T04:10:00","16.10.2026","Friday","16:10","BG Subtitles; Digital; LUXE","Kino Arena - West Mall","KinoArena"
"Дигър","2026-10-16T06:40:00","16.10.2026","Friday","18:40","BG Subtitles; Digital; LUXE","Kino Arena - West Mall","KinoArena"
"Дигър","2026-10-16T09:50:00","16.10.2026","Friday","21:50","BG Subtitles; Digital; LUXE","Kino Arena - West Mall","KinoArena"
"Зооекспрес","2026-10-16T02:30:00","16.10.2026","Friday","14:30","Digital; Dubbed; LUXE","Kino Arena - West Mall","KinoArena"
"Зооекспрес","2026-10-16T04:30:00","16.10.2026","Friday","16:30","Digital; Dubbed; LUXE","Kino Arena - West Mall","KinoArena"
"Зооекспрес","2026-10-16T06:20:00","16.10.2026","Friday","18:20","Digital; Dubbed; LUXE","Kino Arena - West Mall","KinoArena"
"Паяци","2026-10-16T03:30:00","16.10.2026","Friday","15:30","Digital; LUXE","Kino Arena - West Mall","KinoArena"
"Паяци","2026-10-16T09:40:00","16.10.2026","Friday","21:40","Digital; LUXE","Kino Arena - West Mall","KinoArena"
"Другата мама","2026-10-16T01:20:00","16.10.2026","Friday","13:20","BG Subtitles; Digital; LUXE","Kino Arena - West Mall","KinoArena"
"Другата мама","2026-10-16T04:00:00","16.10.2026","Friday","16:00","BG Subtitles; Digital; LUXE","Kino Arena - West Mall","KinoArena"
"Другата мама","2026-10-16T06:00:00","16.10.2026","Friday","18:00","BG Subtitles; Digital; LUXE","Kino Arena - West Mall","KinoArena"
"Другата мама","2026-10-16T08:00:00","16.10.2026","Friday","20:00","BG Subtitles; Digital; LUXE","Kino Arena - West Mall","KinoArena"
"Другата мама","2026-10-16T10:10:00","16.10.2026","Friday","22:10","BG Subtitles; Digital; LUXE","Kino Arena - West Mall","KinoArena"
"НЕ КАЗВАЙ НА МАМА","2026-10-16T02:50:00","16.10.2026","Friday","14:50","BG Subtitles; Digital; LUXE","Kino Arena - West Mall","KinoArena"
"НЕ КАЗВАЙ НА МАМА","2026-10-16T06:50:00","16.10.2026","Friday","18:50","BG Subtitles; Digital; LUXE","Kino Arena - West Mall","KinoArena"
"НЕ КАЗВАЙ НА МАМА","2026-10-16T10:00:00","16.10.2026","Friday","22:00","BG Subtitles; Digital; LUXE","Kino Arena - West Mall","KinoArena"
"Нина Роза","2026-10-16T04:50:00","16.10.2026","Friday","16:50","BG Subtitles; Digital; LUXE","Kino Arena - West Mall","KinoArena"
"Нина Роза","2026-10-16T07:30:00","16.10.2026","Friday","19:30","BG Subtitles; Digital; LUXE","Kino Arena - West Mall","KinoArena"
"СРЪДЛЬО","2026-10-16T01:00:00","16.10.2026","Friday","13:00","Digital; Dubbed; LUXE","Kino Arena - West Mall","KinoArena"
"СРЪДЛЬО","2026-10-16T03:20:00","16.10.2026","Friday","15:20","Digital; Dubbed; LUXE","Kino Arena - West Mall","KinoArena"
"СРЪДЛЬО","2026-10-16T05:30:00","16.10.2026","Friday","17:30","Digital; Dubbed; LUXE","Kino Arena - West Mall","KinoArena"
"ALWAYS LALISA","2026-10-17T04:00:00","17.10.2026","Saturday","16:00","Зала3","Cinema City - Mall Of Sofia","CinemaCity"
"Хроники за неудобната истина","2026-10-17T06:30:00","17.10.2026","Saturday","18:30","Зала3","Cinema City - Mall Of Sofia","CinemaCity"
"ALWAYS LALISA","2026-10-17T05:00:00","17.10.2026","Saturday","17:00","Зала2","Cinema City - Paradice Center","CinemaCity"
"Хроники за неудобната истина","2026-10-17T07:20:00","17.10.2026","Saturday","19:20","Зала2","Cinema City - Paradice Center","CinemaCity"
"МИНЬОНИ И ЧУДОВИЩА","2026-10-10T10:15:00","10.10.2026","Saturday","10:15","Зала 1","CineGrand - Park Center","CineGrand"
"ЗООЕКСПРЕС","2026-10-10T10:30:00","10.10.2026","Saturday","10:30","Зала 2","CineGrand - Park Center","CineGrand"
"ПЕС ПАТРУЛ: ДИНО ФИЛМЪТ","2026-10-10T11:00:00","10.10.2026","Saturday","11:00","Зала 4","CineGrand - Park Center","CineGrand"
"КОЛИТЕ","2026-10-10T11:10:00","10.10.2026","Saturday","11:10","Зала 5","CineGrand - Park Center","CineGrand"
"ОСТРОВЪТ НА ЗАБРАВАТА","2026-10-10T11:15:00","10.10.2026","Saturday","11:15","Зала 3","CineGrand - Park Center","CineGrand"
"СРЪДЛЬО","2026-10-10T11:30:00","10.10.2026","Saturday","11:30","Зала 6","CineGrand - Park Center","CineGrand"
"ВЕРИТИ","2026-10-10T01:15:00","10.10.2026","Saturday","13:15","Зала 4","CineGrand - Park Center","CineGrand"
"СЪРЦЕТО НА ЗВЯРА","2026-10-10T01:40:00","10.10.2026","Saturday","13:40","Зала 5","CineGrand - Park Center","CineGrand"
"НЕ КАЗВАЙ НА МАМА","2026-10-10T02:15:00","10.10.2026","Saturday","14:15","Зала 1","CineGrand - Park Center","CineGrand"
"ОТМЪСТИТЕЛИТЕ: КРАЯТ – СПЕЦИАЛНО ИЗДАНИЕ","2026-10-10T04:00:00","10.10.2026","Saturday","16:00","Зала 5","CineGrand - Park Center","CineGrand"
"ДРУГАТА МАМА","2026-10-10T04:15:00","10.10.2026","Saturday","16:15","Зала 3","CineGrand - Park Center","CineGrand"
"НИНА РОЗА","2026-10-10T05:00:00","10.10.2026","Saturday","17:00","Зала 2","CineGrand - Park Center","CineGrand"
"ОДИСЕЯ","2026-10-10T09:30:00","10.10.2026","Saturday","21:30","Зала 6","CineGrand - Park Center","CineGrand"
"ДИГЪР","2026-10-10T09:45:00","10.10.2026","Saturday","21:45","Зала 2","CineGrand - Park Center","CineGrand"
"ПЕС ПАТРУЛ: ДИНО ФИЛМЪТ","2026-10-10T10:00:00","10.10.2026","Saturday","10:00","Зала 4","CineGrand - Sofia Ring Mall","CineGrand"
"ОСТРОВЪТ НА ЗАБРАВАТА","2026-10-10T10:10:00","10.10.2026","Saturday","10:10","Зала 3","CineGrand - Sofia Ring Mall","CineGrand"
"СРЪДЛЬО","2026-10-10T10:15:00","10.10.2026","Saturday","10:15","Зала 2","CineGrand - Sofia Ring Mall","CineGrand"
"ЗООЕКСПРЕС","2026-10-10T10:20:00","10.10.2026","Saturday","10:20","Зала 7","CineGrand - Sofia Ring Mall","CineGrand"
"ТАЙНИЯТ СВЯТ НА ФИНИК 2","2026-10-10T10:20:00","10.10.2026","Saturday","10:20","TSAR Зала 6","CineGrand - Sofia Ring Mall","CineGrand"
"КОЛИТЕ","2026-10-10T10:30:00","10.10.2026","Saturday","10:30","Зала 10","CineGrand - Sofia Ring Mall","CineGrand"
"НИНА РОЗА","2026-10-10T11:00:00","10.10.2026","Saturday","11:00","TSAR Зала 5","CineGrand - Sofia Ring Mall","CineGrand"
"МИНЬОНИ И ЧУДОВИЩА","2026-10-10T11:10:00","10.10.2026","Saturday","11:10","Зала 8","CineGrand - Sofia Ring Mall","CineGrand"
"КОЙОТА СРЕЩУ АКМЕ","2026-10-10T11:20:00","10.10.2026","Saturday","11:20","Зала 9","CineGrand - Sofia Ring Mall","CineGrand"
"СЪРЦЕТО НА ЗВЯРА","2026-10-10T01:00:00","10.10.2026","Saturday","13:00","Зала 10","CineGrand - Sofia Ring Mall","CineGrand"
"СПАЙДЪР-МЕН: НОВ ДЕН","2026-10-10T01:20:00","10.10.2026","Saturday","13:20","TSAR Зала 5","CineGrand - Sofia Ring Mall","CineGrand"
"ДРУГАТА МАМА","2026-10-10T01:50:00","10.10.2026","Saturday","13:50","Зала 9","CineGrand - Sofia Ring Mall","CineGrand"
"НЕ КАЗВАЙ НА МАМА","2026-10-10T02:10:00","10.10.2026","Saturday","14:10","Зала 4","CineGrand - Sofia Ring Mall","CineGrand"
"ВЕРИТИ","2026-10-10T03:10:00","10.10.2026","Saturday","15:10","Зала 8","CineGrand - Sofia Ring Mall","CineGrand"
"ЗАРАЗНО ЗЛО ","2026-10-10T05:15:00","10.10.2026","Saturday","17:15","Зала 1","CineGrand - Sofia Ring Mall","CineGrand"
"ОТМЪСТИТЕЛИТЕ: КРАЯТ – СПЕЦИАЛНО ИЗДАНИЕ","2026-10-10T07:45:00","10.10.2026","Saturday","19:45","Зала 3","CineGrand - Sofia Ring Mall","CineGrand"
"ДИГЪР","2026-10-10T08:15:00","10.10.2026","Saturday","20:15","Зала 2","CineGrand - Sofia Ring Mall","CineGrand"
"ОДИСЕЯ","2026-10-10T09:00:00","10.10.2026","Saturday","21:00","TSAR Зала 5","CineGrand - Sofia Ring Mall","CineGrand"
"ПАЯЦИ","2026-10-10T10:20:00","10.10.2026","Saturday","22:20","Зала 1","CineGrand - Sofia Ring Mall","CineGrand"
"КОВАРЕН КАПАН: БЯГСТВО ОТ ОТВЪДНОТО","2026-10-10T11:00:00","10.10.2026","Saturday","23:00","Зала 2","CineGrand - Sofia Ring Mall","CineGrand"
"Миньони &amp; чудовища","2026-10-17T01:10:00","17.10.2026","Saturday","13:10","Digital; Dubbed; LUXE","Kino Arena - The Mall","KinoArena"
"Одисея","2026-10-17T08:20:00","17.10.2026","Saturday","20:20","BG Subtitles; Digital; LUXE","Kino Arena - The Mall","KinoArena"
"Спайдър-мен: Нов ден","2026-10-17T05:20:00","17.10.2026","Saturday","17:20","3D Digital; BG Subtitles; LUXE","Kino Arena - The Mall","KinoArena"
"Пес Патрул: Дино Филмът","2026-10-17T03:50:00","17.10.2026","Saturday","15:50","Digital; Dubbed; LUXE","Kino Arena - The Mall","KinoArena"
"Коварен капан: Бягство от отвъдното","2026-10-17T10:30:00","17.10.2026","Saturday","22:30","BG Subtitles; Digital; LUXE","Kino Arena - The Mall","KinoArena"
"Койота срещу Акме","2026-10-17T01:15:00","17.10.2026","Saturday","13:15","Digital; Dubbed; LUXE","Kino Arena - The Mall","KinoArena"
"Падане 2","2026-10-17T07:50:00","17.10.2026","Saturday","19:50","BG Subtitles; Digital; LUXE","Kino Arena - The Mall","KinoArena"
"Приложна магия 2","2026-10-17T05:50:00","17.10.2026","Saturday","17:50","BG Subtitles; Digital; LUXE","Kino Arena - The Mall","KinoArena"
"Куриерът","2026-10-17T08:45:00","17.10.2026","Saturday","20:45","BG Subtitles; Digital; LUXE","Kino Arena - The Mall","KinoArena"
"Наследникът","2026-10-17T03:10:00","17.10.2026","Saturday","15:10","Digital; Dubbed; LUXE","Kino Arena - The Mall","KinoArena"
"Заразно зло","2026-10-17T02:00:00","17.10.2026","Saturday","14:00","BG Subtitles; Digital; LUXE","Kino Arena - The Mall","KinoArena"
"Заразно зло","2026-10-17T08:30:00","17.10.2026","Saturday","20:30","BG Subtitles; Digital; LUXE","Kino Arena - The Mall","KinoArena"
"Заразно зло","2026-10-17T10:40:00","17.10.2026","Saturday","22:40","BG Subtitles; Digital; LUXE","Kino Arena - The Mall","KinoArena"
"Сърцето на звяра","2026-10-17T02:20:00","17.10.2026","Saturday","14:20","BG Subtitles; Digital; LUXE","Kino Arena - The Mall","KinoArena"
"Сърцето на звяра","2026-10-17T05:40:00","17.10.2026","Saturday","17:40","BG Subtitles; Digital; LUXE","Kino Arena - The Mall","KinoArena"
"Сърцето на звяра","2026-10-17T08:10:00","17.10.2026","Saturday","20:10","BG Subtitles; Digital; LUXE","Kino Arena - The Mall","KinoArena"
"Сърцето на звяра","2026-10-17T10:20:00","17.10.2026","Saturday","22:20","BG Subtitles; Digital; LUXE","Kino Arena - The Mall","KinoArena"
"Островът на забравата","2026-10-17T01:40:00","17.10.2026","Saturday","13:40","Digital; Dubbed; LUXE","Kino Arena - The Mall","KinoArena"
"Островът на забравата","2026-10-17T04:20:00","17.10.2026","Saturday","16:20","Digital; Dubbed; LUXE","Kino Arena - The Mall","KinoArena"
"Отмъстителите: Краят – Специално издание","2026-10-17T06:30:00","17.10.2026","Saturday","18:30","3D Digital; BG Subtitles; LUXE","Kino Arena - The Mall","KinoArena"
"Отмъстителите: Краят – Специално издание","2026-10-17T09:10:00","17.10.2026","Saturday","21:10","3D Digital; BG Subtitles; LUXE","Kino Arena - The Mall","KinoArena"
"Верити","2026-10-17T02:40:00","17.10.2026","Saturday","14:40","BG Subtitles; Digital; LUXE","Kino Arena - The Mall","KinoArena"
"Верити","2026-10-17T05:00:00","17.10.2026","Saturday","17:00","BG Subtitles; Digital; LUXE","Kino Arena - The Mall","KinoArena"
"Верити","2026-10-17T07:15:00","17.10.2026","Saturday","19:15","BG Subtitles; Digital; LUXE","Kino Arena - The Mall","KinoArena"
"Верити","2026-10-17T09:30:00","17.10.2026","Saturday","21:30","BG Subtitles; Digital; LUXE","Kino Arena - The Mall","KinoArena"
"Дигър","2026-10-17T01:40:00","17.10.2026","Saturday","13:40","BG Subtitles; Digital; LUXE","Kino Arena - The Mall","KinoArena"
"Дигър","2026-10-17T04:10:00","17.10.2026","Saturday","16:10","BG Subtitles; Digital; LUXE","Kino Arena - The Mall","KinoArena"
"Дигър","2026-10-17T06:40:00","17.10.2026","Saturday","18:40","BG Subtitles; Digital; LUXE","Kino Arena - The Mall","KinoArena"
"Дигър","2026-10-17T09:50:00","17.10.2026","Saturday","21:50","BG Subtitles; Digital; LUXE","Kino Arena - The Mall","KinoArena"
"Зооекспрес","2026-10-17T02:30:00","17.10.2026","Saturday","14:30","Digital; Dubbed; LUXE","Kino Arena - The Mall","KinoArena"
"Зооекспрес","2026-10-17T04:30:00","17.10.2026","Saturday","16:30","Digital; Dubbed; LUXE","Kino Arena - The Mall","KinoArena"
"Зооекспрес","2026-10-17T06:20:00","17.10.2026","Saturday","18:20","Digital; Dubbed; LUXE","Kino Arena - The Mall","KinoArena"
"Паяци","2026-10-17T03:30:00","17.10.2026","Saturday","15:30","Digital; LUXE","Kino Arena - The Mall","KinoArena"
"Паяци","2026-10-17T09:40:00","17.10.2026","Saturday","21:40","Digital; LUXE","Kino Arena - The Mall","KinoArena"
"Другата мама","2026-10-17T01:20:00","17.10.2026","Saturday","13:20","BG Subtitles; Digital; LUXE","Kino Arena - The Mall","KinoArena"
"Другата мама","2026-10-17T04:00:00","17.10.2026","Saturday","16:00","BG Subtitles; Digital; LUXE","Kino Arena - The Mall","KinoArena"
"Другата мама","2026-10-17T06:00:00","17.10.2026","Saturday","18:00","BG Subtitles; Digital; LUXE","Kino Arena - The Mall","KinoArena"
"Другата мама","2026-10-17T08:00:00","17.10.2026","Saturday","20:00","BG Subtitles; Digital; LUXE","Kino Arena - The Mall","KinoArena"
"Другата мама","2026-10-17T10:10:00","17.10.2026","Saturday","22:10","BG Subtitles; Digital; LUXE","Kino Arena - The Mall","KinoArena"
"НЕ КАЗВАЙ НА МАМА","2026-10-17T02:50:00","17.10.2026","Saturday","14:50","BG Subtitles; Digital; LUXE","Kino Arena - The Mall","KinoArena"
"НЕ КАЗВАЙ НА МАМА","2026-10-17T06:50:00","17.10.2026","Saturday","18:50","BG Subtitles; Digital; LUXE","Kino Arena - The Mall","KinoArena"
"НЕ КАЗВАЙ НА МАМА","2026-10-17T10:00:00","17.10.2026","Saturday","22:00","BG Subtitles; Digital; LUXE","Kino Arena - The Mall","KinoArena"
"Нина Роза","2026-10-17T04:50:00","17.10.2026","Saturday","16:50","BG Subtitles; Digital; LUXE","Kino Arena - The Mall","KinoArena"
"Нина Роза","2026-10-17T07:30:00","17.10.2026","Saturday","19:30","BG Subtitles; Digital; LUXE","Kino Arena - The Mall","KinoArena"
"СРЪДЛЬО","2026-10-17T01:00:00","17.10.2026","Saturday","13:00","Digital; Dubbed; LUXE","Kino Arena - The Mall","KinoArena"
"СРЪДЛЬО","2026-10-17T03:20:00","17.10.2026","Saturday","15:20","Digital; Dubbed; LUXE","Kino Arena - The Mall","KinoArena"
"СРЪДЛЬО","2026-10-17T05:30:00","17.10.2026","Saturday","17:30","Digital; Dubbed; LUXE","Kino Arena - The Mall","KinoArena"
"Миньони &amp; чудовища","2026-10-17T01:10:00","17.10.2026","Saturday","13:10","Digital; Dubbed; LUXE","Kino Arena - West Mall","KinoArena"
"Одисея","2026-10-17T08:20:00","17.10.2026","Saturday","20:20","BG Subtitles; Digital; LUXE","Kino Arena - West Mall","KinoArena"
"Спайдър-мен: Нов ден","2026-10-17T05:20:00","17.10.2026","Saturday","17:20","3D Digital; BG Subtitles; LUXE","Kino Arena - West Mall","KinoArena"
"Пес Патрул: Дино Филмът","2026-10-17T03:50:00","17.10.2026","Saturday","15:50","Digital; Dubbed; LUXE","Kino Arena - West Mall","KinoArena"
"Коварен капан: Бягство от отвъдното","2026-10-17T10:30:00","17.10.2026","Saturday","22:30","BG Subtitles; Digital; LUXE","Kino Arena - West Mall","KinoArena"
"Койота срещу Акме","2026-10-17T01:15:00","17.10.2026","Saturday","13:15","Digital; Dubbed; LUXE","Kino Arena - West Mall","KinoArena"
"Падане 2","2026-10-17T07:50:00","17.10.2026","Saturday","19:50","BG Subtitles; Digital; LUXE","Kino Arena - West Mall","KinoArena"
"Приложна магия 2","2026-10-17T05:50:00","17.10.2026","Saturday","17:50","BG Subtitles; Digital; LUXE","Kino Arena - West Mall","KinoArena"
"Куриерът","2026-10-17T08:45:00","17.10.2026","Saturday","20:45","BG Subtitles; Digital; LUXE","Kino Arena - West Mall","KinoArena"
"Наследникът","2026-10-17T03:10:00","17.10.2026","Saturday","15:10","Digital; Dubbed; LUXE","Kino Arena - West Mall","KinoArena"
"Заразно зло","2026-10-17T02:00:00","17.10.2026","Saturday","14:00","BG Subtitles; Digital; LUXE","Kino Arena - West Mall","KinoArena"
"Заразно зло","2026-10-17T08:30:00","17.10.2026","Saturday","20:30","BG Subtitles; Digital; LUXE","Kino Arena - West Mall","KinoArena"
"Заразно зло","2026-10-17T10:40:00","17.10.2026","Saturday","22:40","BG Subtitles; Digital; LUXE","Kino Arena - West Mall","KinoArena"
"Сърцето на звяра","2026-10-17T02:20:00","17.10.2026","Saturday","14:20","BG Subtitles; Digital; LUXE","Kino Arena - West Mall","KinoArena"
"Сърцето на звяра","2026-10-17T05:40:00","17.10.2026","Saturday","17:40","BG Subtitles; Digital; LUXE","Kino Arena - West Mall","KinoArena"
"Сърцето на звяра","2026-10-17T08:10:00","17.10.2026","Saturday","20:10","BG Subtitles; Digital; LUXE","Kino Arena - West Mall","KinoArena"
"Сърцето на звяра","2026-10-17T10:20:00","17.10.2026","Saturday","22:20","BG Subtitles; Digital; LUXE","Kino Arena - West Mall","KinoArena"
"Островът на забравата","2026-10-17T01:30:00","17.10.2026","Saturday","13:30","Digital; Dubbed; LUXE","Kino Arena - West Mall","KinoArena"
"Островът на забравата","2026-10-17T04:20:00","17.10.2026","Saturday","16:20","Digital; Dubbed; LUXE","Kino Arena - West Mall","KinoArena"
"Отмъстителите: Краят – Специално издание","2026-10-17T06:30:00","17.10.2026","Saturday","18:30","3D Digital; BG Subtitles; LUXE","Kino Arena - West Mall","KinoArena"
"Отмъстителите: Краят – Специално издание","2026-10-17T09:10:00","17.10.2026","Saturday","21:10","3D Digital; BG Subtitles; LUXE","Kino Arena - West Mall","KinoArena"
"Верити","2026-10-17T02:40:00","17.10.2026","Saturday","14:40","BG Subtitles; Digital; LUXE","Kino Arena - West Mall","KinoArena"
"Верити","2026-10-17T05:00:00","17.10.2026","Saturday","17:00","BG Subtitles; Digital; LUXE","Kino Arena - West Mall","KinoArena"
"Верити","2026-10-17T07:10:00","17.10.2026","Saturday","19:10","BG Subtitles; Digital; LUXE","Kino Arena - West Mall","KinoArena"
"Верити","2026-10-17T09:30:00","17.10.2026","Saturday","21:30","BG Subtitles; Digital; LUXE","Kino Arena - West Mall","KinoArena"
"Дигър","2026-10-17T01:40:00","17.10.2026","Saturday","13:40","BG Subtitles; Digital; LUXE","Kino Arena - West Mall","KinoArena"
"Дигър","2026-10-17T04:10:00","17.10.2026","Saturday","16:10","BG Subtitles; Digital; LUXE","Kino Arena - West Mall","KinoArena"
"Дигър","2026-10-17T06:40:00","17.10.2026","Saturday","18:40","BG Subtitles; Digital; LUXE","Kino Arena - West Mall","KinoArena"
"Дигър","2026-10-17T09:50:00","17.10.2026","Saturday","21:50","BG Subtitles; Digital; LUXE","Kino Arena - West Mall","KinoArena"
"Зооекспрес","2026-10-17T02:30:00","17.10.2026","Saturday","14:30","Digital; Dubbed; LUXE","Kino Arena - West Mall","KinoArena"
"Зооекспрес","2026-10-17T04:30:00","17.10.2026","Saturday","16:30","Digital; Dubbed; LUXE","Kino Arena - West Mall","KinoArena"
"Зооекспрес","2026-10-17T06:20:00","17.10.2026","Saturday","18:20","Digital; Dubbed; LUXE","Kino Arena - West Mall","KinoArena"
"Паяци","2026-10-17T03:30:00","17.10.2026","Saturday","15:30","Digital; LUXE","Kino Arena - West Mall","KinoArena"
"Паяци","2026-10-17T09:40:00","17.10.2026","Saturday","21:40","Digital; LUXE","Kino Arena - West Mall","KinoArena"
"Другата мама","2026-10-17T01:20:00","17.10.2026","Saturday","13:20","BG Subtitles; Digital; LUXE","Kino Arena - West Mall","KinoArena"
"Другата мама","2026-10-17T04:00:00","17.10.2026","Saturday","16:00","BG Subtitles; Digital; LUXE","Kino Arena - West Mall","KinoArena"
"Другата мама","2026-10-17T06:00:00","17.10.2026","Saturday","18:00","BG Subtitles; Digital; LUXE","Kino Arena - West Mall","KinoArena"
"Другата мама","2026-10-17T08:00:00","17.10.2026","Saturday","20:00","BG Subtitles; Digital; LUXE","Kino Arena - West Mall","KinoArena"
"Другата мама","2026-10-17T10:10:00","17.10.2026","Saturday","22:10","BG Subtitles; Digital; LUXE","Kino Arena - West Mall","KinoArena"
"НЕ КАЗВАЙ НА МАМА","2026-10-17T02:50:00","17.10.2026","Saturday","14:50","BG Subtitles; Digital; LUXE","Kino Arena - West Mall","KinoArena"
"НЕ КАЗВАЙ НА МАМА","2026-10-17T06:50:00","17.10.2026","Saturday","18:50","BG Subtitles; Digital; LUXE","Kino Arena - West Mall","KinoArena"
"НЕ КАЗВАЙ НА МАМА","2026-10-17T10:00:00","17.10.2026","Saturday","22:00","BG Subtitles; Digital; LUXE","Kino Arena - West Mall","KinoArena"
"Нина Роза","2026-10-17T04:50:00","17.10.2026","Saturday","16:50","BG Subtitles; Digital; LUXE","Kino Arena - West Mall","KinoArena"
"Нина Роза","2026-10-17T07:30:00","17.10.2026","Saturday","19:30","BG Subtitles; Digital; LUXE","Kino Arena - West Mall","KinoArena"
"СРЪДЛЬО","2026-10-17T01:00:00","17.10.2026","Saturday","13:00","Digital; Dubbed; LUXE","Kino Arena - West Mall","KinoArena"
"СРЪДЛЬО","2026-10-17T03:20:00","17.10.2026","Saturday","15:20","Digital; Dubbed; LUXE","Kino Arena - West Mall","KinoArena"
"СРЪДЛЬО","2026-10-17T05:30:00","17.10.2026","Saturday","17:30","Digital; Dubbed; LUXE","Kino Arena - West Mall","KinoArena"
"Хроники за неудобната истина","2026-10-18T04:00:00","18.10.2026","Sunday","16:00","Зала3","Cinema City - Mall Of Sofia","CinemaCity"
"Хроники за неудобната истина","2026-10-18T05:00:00","18.10.2026","Sunday","17:00","Зала1","Cinema City - Paradice Center","CinemaCity"
"СРЪДЛЬО","2026-10-09T11:30:00","9.10.2026","Friday","11:30","Зала 6","CineGrand - Park Center","CineGrand"
"МИНЬОНИ И ЧУДОВИЩА","2026-10-09T12:15:00","9.10.2026","Friday","12:15","Зала 1","CineGrand - Park Center","CineGrand"
"ЗООЕКСПРЕС","2026-10-09T12:30:00","9.10.2026","Friday","12:30","Зала 2","CineGrand - Park Center","CineGrand"
"ВЕРИТИ","2026-10-09T01:15:00","9.10.2026","Friday","13:15","Зала 4","CineGrand - Park Center","CineGrand"
"СЪРЦЕТО НА ЗВЯРА","2026-10-09T01:40:00","9.10.2026","Friday","13:40","Зала 5","CineGrand - Park Center","CineGrand"
"ОСТРОВЪТ НА ЗАБРАВАТА","2026-10-09T01:45:00","9.10.2026","Friday","13:45","Зала 3","CineGrand - Park Center","CineGrand"
"НЕ КАЗВАЙ НА МАМА","2026-10-09T02:15:00","9.10.2026","Friday","14:15","Зала 1","CineGrand - Park Center","CineGrand"
"ОТМЪСТИТЕЛИТЕ: КРАЯТ – СПЕЦИАЛНО ИЗДАНИЕ","2026-10-09T04:00:00","9.10.2026","Friday","16:00","Зала 5","CineGrand - Park Center","CineGrand"
"ДРУГАТА МАМА","2026-10-09T04:15:00","9.10.2026","Friday","16:15","Зала 3","CineGrand - Park Center","CineGrand"
"НИНА РОЗА","2026-10-09T05:00:00","9.10.2026","Friday","17:00","Зала 2","CineGrand - Park Center","CineGrand"
"ОДИСЕЯ","2026-10-09T09:30:00","9.10.2026","Friday","21:30","Зала 6","CineGrand - Park Center","CineGrand"
"ДИГЪР","2026-10-09T09:45:00","9.10.2026","Friday","21:45","Зала 2","CineGrand - Park Center","CineGrand"
"ПЕС ПАТРУЛ: ДИНО ФИЛМЪТ","2026-10-09T12:10:00","9.10.2026","Friday","12:10","Зала 4","CineGrand - Sofia Ring Mall","CineGrand"
"СРЪДЛЬО","2026-10-09T12:15:00","9.10.2026","Friday","12:15","Зала 2","CineGrand - Sofia Ring Mall","CineGrand"
"ТАЙНИЯТ СВЯТ НА ФИНИК 2","2026-10-09T12:20:00","9.10.2026","Friday","12:20","TSAR Зала 6","CineGrand - Sofia Ring Mall","CineGrand"
"ОСТРОВЪТ НА ЗАБРАВАТА","2026-10-09T12:30:00","9.10.2026","Friday","12:30","Зала 3","CineGrand - Sofia Ring Mall","CineGrand"
"ЗООЕКСПРЕС","2026-10-09T12:40:00","9.10.2026","Friday","12:40","Зала 7","CineGrand - Sofia Ring Mall","CineGrand"
"СЪРЦЕТО НА ЗВЯРА","2026-10-09T01:00:00","9.10.2026","Friday","13:00","Зала 10","CineGrand - Sofia Ring Mall","CineGrand"
"МИНЬОНИ И ЧУДОВИЩА","2026-10-09T01:10:00","9.10.2026","Friday","13:10","Зала 8","CineGrand - Sofia Ring Mall","CineGrand"
"СПАЙДЪР-МЕН: НОВ ДЕН","2026-10-09T01:20:00","9.10.2026","Friday","13:20","TSAR Зала 5","CineGrand - Sofia Ring Mall","CineGrand"
"ДРУГАТА МАМА","2026-10-09T01:50:00","9.10.2026","Friday","13:50","Зала 9","CineGrand - Sofia Ring Mall","CineGrand"
"НЕ КАЗВАЙ НА МАМА","2026-10-09T02:10:00","9.10.2026","Friday","14:10","Зала 4","CineGrand - Sofia Ring Mall","CineGrand"
"ВЕРИТИ","2026-10-09T03:10:00","9.10.2026","Friday","15:10","Зала 8","CineGrand - Sofia Ring Mall","CineGrand"
"НИНА РОЗА","2026-10-09T04:30:00","9.10.2026","Friday","16:30","TSAR Зала 5","CineGrand - Sofia Ring Mall","CineGrand"
"ЗАРАЗНО ЗЛО ","2026-10-09T05:15:00","9.10.2026","Friday","17:15","Зала 1","CineGrand - Sofia Ring Mall","CineGrand"
"ОТМЪСТИТЕЛИТЕ: КРАЯТ – СПЕЦИАЛНО ИЗДАНИЕ","2026-10-09T07:45:00","9.10.2026","Friday","19:45","Зала 3","CineGrand - Sofia Ring Mall","CineGrand"
"ДИГЪР","2026-10-09T08:15:00","9.10.2026","Friday","20:15","Зала 2","CineGrand - Sofia Ring Mall","CineGrand"
"ОДИСЕЯ","2026-10-09T09:00:00","9.10.2026","Friday","21:00","TSAR Зала 5","CineGrand - Sofia Ring Mall","CineGrand"
"ПАЯЦИ","2026-10-09T10:20:00","9.10.2026","Friday","22:20","Зала 1","CineGrand - Sofia Ring Mall","CineGrand"
"КОВАРЕН КАПАН: БЯГСТВО ОТ ОТВЪДНОТО","2026-10-09T11:00:00","9.10.2026","Friday","23:00","Зала 2","CineGrand - Sofia Ring Mall","CineGrand"
"Хроники за неудобната истина","2026-10-18T04:00:00","18.10.2026","Sunday","16:00","Digital; Dubbed; LUXE","Kino Arena - The Mall","KinoArena"
"Хроники за неудобната истина","2026-10-18T04:00:00","18.10.2026","Sunday","16:00","Digital; Dubbed; LUXE","Kino Arena - West Mall","KinoArena"
"СРЪДЛЬО","2026-10-12T11:30:00","12.10.2026","Monday","11:30","Зала 6","CineGrand - Park Center","CineGrand"
"МИНЬОНИ И ЧУДОВИЩА","2026-10-12T12:15:00","12.10.2026","Monday","12:15","Зала 1","CineGrand - Park Center","CineGrand"
"ЗООЕКСПРЕС","2026-10-12T12:30:00","12.10.2026","Monday","12:30","Зала 2","CineGrand - Park Center","CineGrand"
"ВЕРИТИ","2026-10-12T01:15:00","12.10.2026","Monday","13:15","Зала 4","CineGrand - Park Center","CineGrand"
"СЪРЦЕТО НА ЗВЯРА","2026-10-12T01:40:00","12.10.2026","Monday","13:40","Зала 5","CineGrand - Park Center","CineGrand"
"ОСТРОВЪТ НА ЗАБРАВАТА","2026-10-12T01:45:00","12.10.2026","Monday","13:45","Зала 3","CineGrand - Park Center","CineGrand"
"НЕ КАЗВАЙ НА МАМА","2026-10-12T02:15:00","12.10.2026","Monday","14:15","Зала 1","CineGrand - Park Center","CineGrand"
"ОТМЪСТИТЕЛИТЕ: КРАЯТ – СПЕЦИАЛНО ИЗДАНИЕ","2026-10-12T04:00:00","12.10.2026","Monday","16:00","Зала 5","CineGrand - Park Center","CineGrand"
"ДРУГАТА МАМА","2026-10-12T04:15:00","12.10.2026","Monday","16:15","Зала 3","CineGrand - Park Center","CineGrand"
"НИНА РОЗА","2026-10-12T05:00:00","12.10.2026","Monday","17:00","Зала 2","CineGrand - Park Center","CineGrand"
"ОДИСЕЯ","2026-10-12T09:30:00","12.10.2026","Monday","21:30","Зала 6","CineGrand - Park Center","CineGrand"
"ДИГЪР","2026-10-12T09:45:00","12.10.2026","Monday","21:45","Зала 2","CineGrand - Park Center","CineGrand"
"ПЕС ПАТРУЛ: ДИНО ФИЛМЪТ","2026-10-12T12:10:00","12.10.2026","Monday","12:10","Зала 4","CineGrand - Sofia Ring Mall","CineGrand"
"СРЪДЛЬО","2026-10-12T12:15:00","12.10.2026","Monday","12:15","Зала 2","CineGrand - Sofia Ring Mall","CineGrand"
"ТАЙНИЯТ СВЯТ НА ФИНИК 2","2026-10-12T12:20:00","12.10.2026","Monday","12:20","TSAR Зала 6","CineGrand - Sofia Ring Mall","CineGrand"
"ОСТРОВЪТ НА ЗАБРАВАТА","2026-10-12T12:30:00","12.10.2026","Monday","12:30","Зала 3","CineGrand - Sofia Ring Mall","CineGrand"
"ЗООЕКСПРЕС","2026-10-12T12:40:00","12.10.2026","Monday","12:40","Зала 7","CineGrand - Sofia Ring Mall","CineGrand"
"СЪРЦЕТО НА ЗВЯРА","2026-10-12T01:00:00","12.10.2026","Monday","13:00","Зала 10","CineGrand - Sofia Ring Mall","CineGrand"
"МИНЬОНИ И ЧУДОВИЩА","2026-10-12T01:10:00","12.10.2026","Monday","13:10","Зала 8","CineGrand - Sofia Ring Mall","CineGrand"
"СПАЙДЪР-МЕН: НОВ ДЕН","2026-10-12T01:20:00","12.10.2026","Monday","13:20","TSAR Зала 5","CineGrand - Sofia Ring Mall","CineGrand"
"ДРУГАТА МАМА","2026-10-12T01:50:00","12.10.2026","Monday","13:50","Зала 9","CineGrand - Sofia Ring Mall","CineGrand"
"НЕ КАЗВАЙ НА МАМА","2026-10-12T02:10:00","12.10.2026","Monday","14:10","Зала 4","CineGrand - Sofia Ring Mall","CineGrand"
"ВЕРИТИ","2026-10-12T03:10:00","12.10.2026","Monday","15:10","Зала 8","CineGrand - Sofia Ring Mall","CineGrand"
"НИНА РОЗА","2026-10-12T04:30:00","12.10.2026","Monday","16:30","TSAR Зала 5","CineGrand - Sofia Ring Mall","CineGrand"
"ЗАРАЗНО ЗЛО ","2026-10-12T05:15:00","12.10.2026","Monday","17:15","Зала 1","CineGrand - Sofia Ring Mall","CineGrand"
"ОТМЪСТИТЕЛИТЕ: КРАЯТ – СПЕЦИАЛНО ИЗДАНИЕ","2026-10-12T07:45:00","12.10.2026","Monday","19:45","Зала 3","CineGrand - Sofia Ring Mall","CineGrand"
"ДИГЪР","2026-10-12T08:15:00","12.10.2026","Monday","20:15","Зала 2","CineGrand - Sofia Ring Mall","CineGrand"
"ОДИСЕЯ","2026-10-12T09:00:00","12.10.2026","Monday","21:00","TSAR Зала 5","CineGrand - Sofia Ring Mall","CineGrand"
"ПАЯЦИ","2026-10-12T10:20:00","12.10.2026","Monday","22:20","Зала 1","CineGrand - Sofia Ring Mall","CineGrand"
"КОВАРЕН КАПАН: БЯГСТВО ОТ ОТВЪДНОТО","2026-10-12T11:00:00","12.10.2026","Monday","23:00","Зала 2","CineGrand - Sofia Ring Mall","CineGrand"
"Миньони &amp; чудовища","2026-10-19T01:10:00","19.10.2026","Monday","13:10","Digital; Dubbed; LUXE","Kino Arena - The Mall","KinoArena"
"Одисея","2026-10-19T08:20:00","19.10.2026","Monday","20:20","BG Subtitles; Digital; LUXE","Kino Arena - The Mall","KinoArena"
"Спайдър-мен: Нов ден","2026-10-19T05:20:00","19.10.2026","Monday","17:20","3D Digital; BG Subtitles; LUXE","Kino Arena - The Mall","KinoArena"
"Пес Патрул: Дино Филмът","2026-10-19T03:50:00","19.10.2026","Monday","15:50","Digital; Dubbed; LUXE","Kino Arena - The Mall","KinoArena"
"Коварен капан: Бягство от отвъдното","2026-10-19T10:30:00","19.10.2026","Monday","22:30","BG Subtitles; Digital; LUXE","Kino Arena - The Mall","KinoArena"
"Койота срещу Акме","2026-10-19T01:15:00","19.10.2026","Monday","13:15","Digital; Dubbed; LUXE","Kino Arena - The Mall","KinoArena"
"Падане 2","2026-10-19T07:50:00","19.10.2026","Monday","19:50","BG Subtitles; Digital; LUXE","Kino Arena - The Mall","KinoArena"
"Приложна магия 2","2026-10-19T05:50:00","19.10.2026","Monday","17:50","BG Subtitles; Digital; LUXE","Kino Arena - The Mall","KinoArena"
"Куриерът","2026-10-19T08:45:00","19.10.2026","Monday","20:45","BG Subtitles; Digital; LUXE","Kino Arena - The Mall","KinoArena"
"Наследникът","2026-10-19T03:10:00","19.10.2026","Monday","15:10","Digital; Dubbed; LUXE","Kino Arena - The Mall","KinoArena"
"Заразно зло","2026-10-19T02:00:00","19.10.2026","Monday","14:00","BG Subtitles; Digital; LUXE","Kino Arena - The Mall","KinoArena"
"Заразно зло","2026-10-19T08:30:00","19.10.2026","Monday","20:30","BG Subtitles; Digital; LUXE","Kino Arena - The Mall","KinoArena"
"Заразно зло","2026-10-19T10:40:00","19.10.2026","Monday","22:40","BG Subtitles; Digital; LUXE","Kino Arena - The Mall","KinoArena"
"Сърцето на звяра","2026-10-19T02:20:00","19.10.2026","Monday","14:20","BG Subtitles; Digital; LUXE","Kino Arena - The Mall","KinoArena"
"Сърцето на звяра","2026-10-19T05:40:00","19.10.2026","Monday","17:40","BG Subtitles; Digital; LUXE","Kino Arena - The Mall","KinoArena"
"Сърцето на звяра","2026-10-19T08:10:00","19.10.2026","Monday","20:10","BG Subtitles; Digital; LUXE","Kino Arena - The Mall","KinoArena"
"Сърцето на звяра","2026-10-19T10:20:00","19.10.2026","Monday","22:20","BG Subtitles; Digital; LUXE","Kino Arena - The Mall","KinoArena"
"Островът на забравата","2026-10-19T01:40:00","19.10.2026","Monday","13:40","Digital; Dubbed; LUXE","Kino Arena - The Mall","KinoArena"
"Островът на забравата","2026-10-19T04:20:00","19.10.2026","Monday","16:20","Digital; Dubbed; LUXE","Kino Arena - The Mall","KinoArena"
"Отмъстителите: Краят – Специално издание","2026-10-19T06:30:00","19.10.2026","Monday","18:30","3D Digital; BG Subtitles; LUXE","Kino Arena - The Mall","KinoArena"
"Отмъстителите: Краят – Специално издание","2026-10-19T09:10:00","19.10.2026","Monday","21:10","3D Digital; BG Subtitles; LUXE","Kino Arena - The Mall","KinoArena"
"Верити","2026-10-19T02:40:00","19.10.2026","Monday","14:40","BG Subtitles; Digital; LUXE","Kino Arena - The Mall","KinoArena"
"Верити","2026-10-19T05:00:00","19.10.2026","Monday","17:00","BG Subtitles; Digital; LUXE","Kino Arena - The Mall","KinoArena"
"Верити","2026-10-19T07:15:00","19.10.2026","Monday","19:15","BG Subtitles; Digital; LUXE","Kino Arena - The Mall","KinoArena"
"Верити","2026-10-19T09:30:00","19.10.2026","Monday","21:30","BG Subtitles; Digital; LUXE","Kino Arena - The Mall","KinoArena"
"Дигър","2026-10-19T01:40:00","19.10.2026","Monday","13:40","BG Subtitles; Digital; LUXE","Kino Arena - The Mall","KinoArena"
"Дигър","2026-10-19T04:10:00","19.10.2026","Monday","16:10","BG Subtitles; Digital; LUXE","Kino Arena - The Mall","KinoArena"
"Дигър","2026-10-19T06:40:00","19.10.2026","Monday","18:40","BG Subtitles; Digital; LUXE","Kino Arena - The Mall","KinoArena"
"Дигър","2026-10-19T09:50:00","19.10.2026","Monday","21:50","BG Subtitles; Digital; LUXE","Kino Arena - The Mall","KinoArena"
"Зооекспрес","2026-10-19T02:30:00","19.10.2026","Monday","14:30","Digital; Dubbed; LUXE","Kino Arena - The Mall","KinoArena"
"Зооекспрес","2026-10-19T04:30:00","19.10.2026","Monday","16:30","Digital; Dubbed; LUXE","Kino Arena - The Mall","KinoArena"
"Зооекспрес","2026-10-19T06:20:00","19.10.2026","Monday","18:20","Digital; Dubbed; LUXE","Kino Arena - The Mall","KinoArena"
"Паяци","2026-10-19T03:30:00","19.10.2026","Monday","15:30","Digital; LUXE","Kino Arena - The Mall","KinoArena"
"Паяци","2026-10-19T09:40:00","19.10.2026","Monday","21:40","Digital; LUXE","Kino Arena - The Mall","KinoArena"
"Другата мама","2026-10-19T01:20:00","19.10.2026","Monday","13:20","BG Subtitles; Digital; LUXE","Kino Arena - The Mall","KinoArena"
"Другата мама","2026-10-19T04:00:00","19.10.2026","Monday","16:00","BG Subtitles; Digital; LUXE","Kino Arena - The Mall","KinoArena"
"Другата мама","2026-10-19T06:00:00","19.10.2026","Monday","18:00","BG Subtitles; Digital; LUXE","Kino Arena - The Mall","KinoArena"
"Другата мама","2026-10-19T08:00:00","19.10.2026","Monday","20:00","BG Subtitles; Digital; LUXE","Kino Arena - The Mall","KinoArena"
"Другата мама","2026-10-19T10:10:00","19.10.2026","Monday","22:10","BG Subtitles; Digital; LUXE","Kino Arena - The Mall","KinoArena"
"НЕ КАЗВАЙ НА МАМА","2026-10-19T02:50:00","19.10.2026","Monday","14:50","BG Subtitles; Digital; LUXE","Kino Arena - The Mall","KinoArena"
"НЕ КАЗВАЙ НА МАМА","2026-10-19T06:50:00","19.10.2026","Monday","18:50","BG Subtitles; Digital; LUXE","Kino Arena - The Mall","KinoArena"
"НЕ КАЗВАЙ НА МАМА","2026-10-19T10:00:00","19.10.2026","Monday","22:00","BG Subtitles; Digital; LUXE","Kino Arena - The Mall","KinoArena"
"Нина Роза","2026-10-19T04:50:00","19.10.2026","Monday","16:50","BG Subtitles; Digital; LUXE","Kino Arena - The Mall","KinoArena"
"Нина Роза","2026-10-19T07:30:00","19.10.2026","Monday","19:30","BG Subtitles; Digital; LUXE","Kino Arena - The Mall","KinoArena"
"СРЪДЛЬО","2026-10-19T01:00:00","19.10.2026","Monday","13:00","Digital; Dubbed; LUXE","Kino Arena - The Mall","KinoArena"
"СРЪДЛЬО","2026-10-19T03:20:00","19.10.2026","Monday","15:20","Digital; Dubbed; LUXE","Kino Arena - The Mall","KinoArena"
"СРЪДЛЬО","2026-10-19T05:30:00","19.10.2026","Monday","17:30","Digital; Dubbed; LUXE","Kino Arena - The Mall","KinoArena"
"Миньони &amp; чудовища","2026-10-19T01:10:00","19.10.2026","Monday","13:10","Digital; Dubbed; LUXE","Kino Arena - West Mall","KinoArena"
"Одисея","2026-10-19T08:20:00","19.10.2026","Monday","20:20","BG Subtitles; Digital; LUXE","Kino Arena - West Mall","KinoArena"
"Спайдър-мен: Нов ден","2026-10-19T05:20:00","19.10.2026","Monday","17:20","3D Digital; BG Subtitles; LUXE","Kino Arena - West Mall","KinoArena"
"Пес Патрул: Дино Филмът","2026-10-19T03:50:00","19.10.2026","Monday","15:50","Digital; Dubbed; LUXE","Kino Arena - West Mall","KinoArena"
"Коварен капан: Бягство от отвъдното","2026-10-19T10:30:00","19.10.2026","Monday","22:30","BG Subtitles; Digital; LUXE","Kino Arena - West Mall","KinoArena"
"Койота срещу Акме","2026-10-19T01:15:00","19.10.2026","Monday","13:15","Digital; Dubbed; LUXE","Kino Arena - West Mall","KinoArena"
"Падане 2","2026-10-19T07:50:00","19.10.2026","Monday","19:50","BG Subtitles; Digital; LUXE","Kino Arena - West Mall","KinoArena"
"Приложна магия 2","2026-10-19T05:50:00","19.10.2026","Monday","17:50","BG Subtitles; Digital; LUXE","Kino Arena - West Mall","KinoArena"
"Куриерът","2026-10-19T08:45:00","19.10.2026","Monday","20:45","BG Subtitles; Digital; LUXE","Kino Arena - West Mall","KinoArena"
"Наследникът","2026-10-19T03:10:00","19.10.2026","Monday","15:10","Digital; Dubbed; LUXE","Kino Arena - West Mall","KinoArena"
"Заразно зло","2026-10-19T02:00:00","19.10.2026","Monday","14:00","BG Subtitles; Digital; LUXE","Kino Arena - West Mall","KinoArena"
"Заразно зло","2026-10-19T08:30:00","19.10.2026","Monday","20:30","BG Subtitles; Digital; LUXE","Kino Arena - West Mall","KinoArena"
"Заразно зло","2026-10-19T10:40:00","19.10.2026","Monday","22:40","BG Subtitles; Digital; LUXE","Kino Arena - West Mall","KinoArena"
"Сърцето на звяра","2026-10-19T02:20:00","19.10.2026","Monday","14:20","BG Subtitles; Digital; LUXE","Kino Arena - West Mall","KinoArena"
"Сърцето на звяра","2026-10-19T05:40:00","19.10.2026","Monday","17:40","BG Subtitles; Digital; LUXE","Kino Arena - West Mall","KinoArena"
"Сърцето на звяра","2026-10-19T08:10:00","19.10.2026","Monday","20:10","BG Subtitles; Digital; LUXE","Kino Arena - West Mall","KinoArena"
"Сърцето на звяра","2026-10-19T10:20:00","19.10.2026","Monday","22:20","BG Subtitles; Digital; LUXE","Kino Arena - West Mall","KinoArena"
"Островът на забравата","2026-10-19T01:30:00","19.10.2026","Monday","13:30","Digital; Dubbed; LUXE","Kino Arena - West Mall","KinoArena"
"Островът на забравата","2026-10-19T04:20:00","19.10.2026","Monday","16:20","Digital; Dubbed; LUXE","Kino Arena - West Mall","KinoArena"
"Отмъстителите: Краят – Специално издание","2026-10-19T06:30:00","19.10.2026","Monday","18:30","3D Digital; BG Subtitles; LUXE","Kino Arena - West Mall","KinoArena"
"Отмъстителите: Краят – Специално издание","2026-10-19T09:10:00","19.10.2026","Monday","21:10","3D Digital; BG Subtitles; LUXE","Kino Arena - West Mall","KinoArena"
"Верити","2026-10-19T02:40:00","19.10.2026","Monday","14:40","BG Subtitles; Digital; LUXE","Kino Arena - West Mall","KinoArena"
"Верити","2026-10-19T05:00:00","19.10.2026","Monday","17:00","BG Subtitles; Digital; LUXE","Kino Arena - West Mall","KinoArena"
"Верити","2026-10-19T07:10:00","19.10.2026","Monday","19:10","BG Subtitles; Digital; LUXE","Kino Arena - West Mall","KinoArena"
"Верити","2026-10-19T09:30:00","19.10.2026","Monday","21:30","BG Subtitles; Digital; LUXE","Kino Arena - West Mall","KinoArena"
"Дигър","2026-10-19T01:40:00","19.10.2026","Monday","13:40","BG Subtitles; Digital; LUXE","Kino Arena - West Mall","KinoArena"
"Дигър","2026-10-19T04:10:00","19.10.2026","Monday","16:10","BG Subtitles; Digital; LUXE","Kino Arena - West Mall","KinoArena"
"Дигър","2026-10-19T06:40:00","19.10.2026","Monday","18:40","BG Subtitles; Digital; LUXE","Kino Arena - West Mall","KinoArena"
"Дигър","2026-10-19T09:50:00","19.10.2026","Monday","21:50","BG Subtitles; Digital; LUXE","Kino Arena - West Mall","KinoArena"
"Зооекспрес","2026-10-19T02:30:00","19.10.2026","Monday","14:30","Digital; Dubbed; LUXE","Kino Arena - West Mall","KinoArena"
"Зооекспрес","2026-10-19T04:30:00","19.10.2026","Monday","16:30","Digital; Dubbed; LUXE","Kino Arena - West Mall","KinoArena"
"Зооекспрес","2026-10-19T06:20:00","19.10.2026","Monday","18:20","Digital; Dubbed; LUXE","Kino Arena - West Mall","KinoArena"
"Паяци","2026-10-19T03:30:00","19.10.2026","Monday","15:30","Digital; LUXE","Kino Arena - West Mall","KinoArena"
"Паяци","2026-10-19T09:40:00","19.10.2026","Monday","21:40","Digital; LUXE","Kino Arena - West Mall","KinoArena"
"Другата мама","2026-10-19T01:20:00","19.10.2026","Monday","13:20","BG Subtitles; Digital; LUXE","Kino Arena - West Mall","KinoArena"
"Другата мама","2026-10-19T04:00:00","19.10.2026","Monday","16:00","BG Subtitles; Digital; LUXE","Kino Arena - West Mall","KinoArena"
"Другата мама","2026-10-19T06:00:00","19.10.2026","Monday","18:00","BG Subtitles; Digital; LUXE","Kino Arena - West Mall","KinoArena"
"Другата мама","2026-10-19T08:00:00","19.10.2026","Monday","20:00","BG Subtitles; Digital; LUXE","Kino Arena - West Mall","KinoArena"
"Другата мама","2026-10-19T10:10:00","19.10.2026","Monday","22:10","BG Subtitles; Digital; LUXE","Kino Arena - West Mall","KinoArena"
"НЕ КАЗВАЙ НА МАМА","2026-10-19T02:50:00","19.10.2026","Monday","14:50","BG Subtitles; Digital; LUXE","Kino Arena - West Mall","KinoArena"
"НЕ КАЗВАЙ НА МАМА","2026-10-19T06:50:00","19.10.2026","Monday","18:50","BG Subtitles; Digital; LUXE","Kino Arena - West Mall","KinoArena"
"НЕ КАЗВАЙ НА МАМА","2026-10-19T10:00:00","19.10.2026","Monday","22:00","BG Subtitles; Digital; LUXE","Kino Arena - West Mall","KinoArena"
"Нина Роза","2026-10-19T04:50:00","19.10.2026","Monday","16:50","BG Subtitles; Digital; LUXE","Kino Arena - West Mall","KinoArena"
"Нина Роза","2026-10-19T07:30:00","19.10.2026","Monday","19:30","BG Subtitles; Digital; LUXE","Kino Arena - West Mall","KinoArena"
"СРЪДЛЬО","2026-10-19T01:00:00","19.10.2026","Monday","13:00","Digital; Dubbed; LUXE","Kino Arena - West Mall","KinoArena"
"СРЪДЛЬО","2026-10-19T03:20:00","19.10.2026","Monday","15:20","Digital; Dubbed; LUXE","Kino Arena - West Mall","KinoArena"
"СРЪДЛЬО","2026-10-19T05:30:00","19.10.2026","Monday","17:30","Digital; Dubbed; LUXE","Kino Arena - West Mall","KinoArena"
"СРЪДЛЬО","2026-10-13T11:30:00","13.10.2026","Tuesday","11:30","Зала 6","CineGrand - Park Center","CineGrand"
"МИНЬОНИ И ЧУДОВИЩА","2026-10-13T12:15:00","13.10.2026","Tuesday","12:15","Зала 1","CineGrand - Park Center","CineGrand"
"ЗООЕКСПРЕС","2026-10-13T12:30:00","13.10.2026","Tuesday","12:30","Зала 2","CineGrand - Park Center","CineGrand"
"ВЕРИТИ","2026-10-13T01:15:00","13.10.2026","Tuesday","13:15","Зала 4","CineGrand - Park Center","CineGrand"
"СЪРЦЕТО НА ЗВЯРА","2026-10-13T01:40:00","13.10.2026","Tuesday","13:40","Зала 5","CineGrand - Park Center","CineGrand"
"ОСТРОВЪТ НА ЗАБРАВАТА","2026-10-13T01:45:00","13.10.2026","Tuesday","13:45","Зала 3","CineGrand - Park Center","CineGrand"
"НЕ КАЗВАЙ НА МАМА","2026-10-13T02:15:00","13.10.2026","Tuesday","14:15","Зала 1","CineGrand - Park Center","CineGrand"
"ОТМЪСТИТЕЛИТЕ: КРАЯТ – СПЕЦИАЛНО ИЗДАНИЕ","2026-10-13T04:00:00","13.10.2026","Tuesday","16:00","Зала 5","CineGrand - Park Center","CineGrand"
"ДРУГАТА МАМА","2026-10-13T04:15:00","13.10.2026","Tuesday","16:15","Зала 3","CineGrand - Park Center","CineGrand"
"НИНА РОЗА","2026-10-13T05:00:00","13.10.2026","Tuesday","17:00","Зала 2","CineGrand - Park Center","CineGrand"
"ОДИСЕЯ","2026-10-13T09:30:00","13.10.2026","Tuesday","21:30","Зала 6","CineGrand - Park Center","CineGrand"
"ДИГЪР","2026-10-13T09:45:00","13.10.2026","Tuesday","21:45","Зала 2","CineGrand - Park Center","CineGrand"
"ПЕС ПАТРУЛ: ДИНО ФИЛМЪТ","2026-10-13T12:10:00","13.10.2026","Tuesday","12:10","Зала 4","CineGrand - Sofia Ring Mall","CineGrand"
"СРЪДЛЬО","2026-10-13T12:15:00","13.10.2026","Tuesday","12:15","Зала 2","CineGrand - Sofia Ring Mall","CineGrand"
"ТАЙНИЯТ СВЯТ НА ФИНИК 2","2026-10-13T12:20:00","13.10.2026","Tuesday","12:20","TSAR Зала 6","CineGrand - Sofia Ring Mall","CineGrand"
"ОСТРОВЪТ НА ЗАБРАВАТА","2026-10-13T12:30:00","13.10.2026","Tuesday","12:30","Зала 3","CineGrand - Sofia Ring Mall","CineGrand"
"ЗООЕКСПРЕС","2026-10-13T12:40:00","13.10.2026","Tuesday","12:40","Зала 7","CineGrand - Sofia Ring Mall","CineGrand"
"СЪРЦЕТО НА ЗВЯРА","2026-10-13T01:00:00","13.10.2026","Tuesday","13:00","Зала 10","CineGrand - Sofia Ring Mall","CineGrand"
"МИНЬОНИ И ЧУДОВИЩА","2026-10-13T01:10:00","13.10.2026","Tuesday","13:10","Зала 8","CineGrand - Sofia Ring Mall","CineGrand"
"СПАЙДЪР-МЕН: НОВ ДЕН","2026-10-13T01:20:00","13.10.2026","Tuesday","13:20","TSAR Зала 5","CineGrand - Sofia Ring Mall","CineGrand"
"ДРУГАТА МАМА","2026-10-13T01:50:00","13.10.2026","Tuesday","13:50","Зала 9","CineGrand - Sofia Ring Mall","CineGrand"
"НЕ КАЗВАЙ НА МАМА","2026-10-13T02:10:00","13.10.2026","Tuesday","14:10","Зала 4","CineGrand - Sofia Ring Mall","CineGrand"
"ВЕРИТИ","2026-10-13T03:10:00","13.10.2026","Tuesday","15:10","Зала 8","CineGrand - Sofia Ring Mall","CineGrand"
"НИНА РОЗА","2026-10-13T04:30:00","13.10.2026","Tuesday","16:30","TSAR Зала 5","CineGrand - Sofia Ring Mall","CineGrand"
"ЗАРАЗНО ЗЛО ","2026-10-13T05:15:00","13.10.2026","Tuesday","17:15","Зала 1","CineGrand - Sofia Ring Mall","CineGrand"
"ОТМЪСТИТЕЛИТЕ: КРАЯТ – СПЕЦИАЛНО ИЗДАНИЕ","2026-10-13T07:45:00","13.10.2026","Tuesday","19:45","Зала 3","CineGrand - Sofia Ring Mall","CineGrand"
"ДИГЪР","2026-10-13T08:15:00","13.10.2026","Tuesday","20:15","Зала 2","CineGrand - Sofia Ring Mall","CineGrand"
"ОДИСЕЯ","2026-10-13T09:00:00","13.10.2026","Tuesday","21:00","TSAR Зала 5","CineGrand - Sofia Ring Mall","CineGrand"
"ПАЯЦИ","2026-10-13T10:20:00","13.10.2026","Tuesday","22:20","Зала 1","CineGrand - Sofia Ring Mall","CineGrand"
"КОВАРЕН КАПАН: БЯГСТВО ОТ ОТВЪДНОТО","2026-10-13T11:00:00","13.10.2026","Tuesday","23:00","Зала 2","CineGrand - Sofia Ring Mall","CineGrand"
"Миньони &amp; чудовища","2026-10-20T01:10:00","20.10.2026","Tuesday","13:10","Digital; Dubbed; LUXE","Kino Arena - The Mall","KinoArena"
"Одисея","2026-10-20T08:20:00","20.10.2026","Tuesday","20:20","BG Subtitles; Digital; LUXE","Kino Arena - The Mall","KinoArena"
"Спайдър-мен: Нов ден","2026-10-20T05:20:00","20.10.2026","Tuesday","17:20","3D Digital; BG Subtitles; LUXE","Kino Arena - The Mall","KinoArena"
"Пес Патрул: Дино Филмът","2026-10-20T03:50:00","20.10.2026","Tuesday","15:50","Digital; Dubbed; LUXE","Kino Arena - The Mall","KinoArena"
"Коварен капан: Бягство от отвъдното","2026-10-20T10:30:00","20.10.2026","Tuesday","22:30","BG Subtitles; Digital; LUXE","Kino Arena - The Mall","KinoArena"
"Койота срещу Акме","2026-10-20T01:15:00","20.10.2026","Tuesday","13:15","Digital; Dubbed; LUXE","Kino Arena - The Mall","KinoArena"
"Падане 2","2026-10-20T07:50:00","20.10.2026","Tuesday","19:50","BG Subtitles; Digital; LUXE","Kino Arena - The Mall","KinoArena"
"Приложна магия 2","2026-10-20T05:50:00","20.10.2026","Tuesday","17:50","BG Subtitles; Digital; LUXE","Kino Arena - The Mall","KinoArena"
"Куриерът","2026-10-20T08:45:00","20.10.2026","Tuesday","20:45","BG Subtitles; Digital; LUXE","Kino Arena - The Mall","KinoArena"
"Наследникът","2026-10-20T03:10:00","20.10.2026","Tuesday","15:10","Digital; Dubbed; LUXE","Kino Arena - The Mall","KinoArena"
"Заразно зло","2026-10-20T02:00:00","20.10.2026","Tuesday","14:00","BG Subtitles; Digital; LUXE","Kino Arena - The Mall","KinoArena"
"Заразно зло","2026-10-20T08:30:00","20.10.2026","Tuesday","20:30","BG Subtitles; Digital; LUXE","Kino Arena - The Mall","KinoArena"
"Заразно зло","2026-10-20T10:40:00","20.10.2026","Tuesday","22:40","BG Subtitles; Digital; LUXE","Kino Arena - The Mall","KinoArena"
"Сърцето на звяра","2026-10-20T02:20:00","20.10.2026","Tuesday","14:20","BG Subtitles; Digital; LUXE","Kino Arena - The Mall","KinoArena"
"Сърцето на звяра","2026-10-20T05:40:00","20.10.2026","Tuesday","17:40","BG Subtitles; Digital; LUXE","Kino Arena - The Mall","KinoArena"
"Сърцето на звяра","2026-10-20T08:10:00","20.10.2026","Tuesday","20:10","BG Subtitles; Digital; LUXE","Kino Arena - The Mall","KinoArena"
"Сърцето на звяра","2026-10-20T10:20:00","20.10.2026","Tuesday","22:20","BG Subtitles; Digital; LUXE","Kino Arena - The Mall","KinoArena"
"Островът на забравата","2026-10-20T01:40:00","20.10.2026","Tuesday","13:40","Digital; Dubbed; LUXE","Kino Arena - The Mall","KinoArena"
"Островът на забравата","2026-10-20T04:20:00","20.10.2026","Tuesday","16:20","Digital; Dubbed; LUXE","Kino Arena - The Mall","KinoArena"
"Отмъстителите: Краят – Специално издание","2026-10-20T06:30:00","20.10.2026","Tuesday","18:30","3D Digital; BG Subtitles; LUXE","Kino Arena - The Mall","KinoArena"
"Отмъстителите: Краят – Специално издание","2026-10-20T09:10:00","20.10.2026","Tuesday","21:10","3D Digital; BG Subtitles; LUXE","Kino Arena - The Mall","KinoArena"
"Верити","2026-10-20T02:40:00","20.10.2026","Tuesday","14:40","BG Subtitles; Digital; LUXE","Kino Arena - The Mall","KinoArena"
"Верити","2026-10-20T05:00:00","20.10.2026","Tuesday","17:00","BG Subtitles; Digital; LUXE","Kino Arena - The Mall","KinoArena"
"Верити","2026-10-20T07:15:00","20.10.2026","Tuesday","19:15","BG Subtitles; Digital; LUXE","Kino Arena - The Mall","KinoArena"
"Верити","2026-10-20T09:30:00","20.10.2026","Tuesday","21:30","BG Subtitles; Digital; LUXE","Kino Arena - The Mall","KinoArena"
"Дигър","2026-10-20T01:40:00","20.10.2026","Tuesday","13:40","BG Subtitles; Digital; LUXE","Kino Arena - The Mall","KinoArena"
"Дигър","2026-10-20T04:10:00","20.10.2026","Tuesday","16:10","BG Subtitles; Digital; LUXE","Kino Arena - The Mall","KinoArena"
"Дигър","2026-10-20T06:40:00","20.10.2026","Tuesday","18:40","BG Subtitles; Digital; LUXE","Kino Arena - The Mall","KinoArena"
"Дигър","2026-10-20T09:50:00","20.10.2026","Tuesday","21:50","BG Subtitles; Digital; LUXE","Kino Arena - The Mall","KinoArena"
"Зооекспрес","2026-10-20T02:30:00","20.10.2026","Tuesday","14:30","Digital; Dubbed; LUXE","Kino Arena - The Mall","KinoArena"
"Зооекспрес","2026-10-20T04:30:00","20.10.2026","Tuesday","16:30","Digital; Dubbed; LUXE","Kino Arena - The Mall","KinoArena"
"Зооекспрес","2026-10-20T06:20:00","20.10.2026","Tuesday","18:20","Digital; Dubbed; LUXE","Kino Arena - The Mall","KinoArena"
"Паяци","2026-10-20T03:30:00","20.10.2026","Tuesday","15:30","Digital; LUXE","Kino Arena - The Mall","KinoArena"
"Паяци","2026-10-20T09:40:00","20.10.2026","Tuesday","21:40","Digital; LUXE","Kino Arena - The Mall","KinoArena"
"Другата мама","2026-10-20T01:20:00","20.10.2026","Tuesday","13:20","BG Subtitles; Digital; LUXE","Kino Arena - The Mall","KinoArena"
"Другата мама","2026-10-20T04:00:00","20.10.2026","Tuesday","16:00","BG Subtitles; Digital; LUXE","Kino Arena - The Mall","KinoArena"
"Другата мама","2026-10-20T06:00:00","20.10.2026","Tuesday","18:00","BG Subtitles; Digital; LUXE","Kino Arena - The Mall","KinoArena"
"Другата мама","2026-10-20T08:00:00","20.10.2026","Tuesday","20:00","BG Subtitles; Digital; LUXE","Kino Arena - The Mall","KinoArena"
"Другата мама","2026-10-20T10:10:00","20.10.2026","Tuesday","22:10","BG Subtitles; Digital; LUXE","Kino Arena - The Mall","KinoArena"
"НЕ КАЗВАЙ НА МАМА","2026-10-20T02:50:00","20.10.2026","Tuesday","14:50","BG Subtitles; Digital; LUXE","Kino Arena - The Mall","KinoArena"
"НЕ КАЗВАЙ НА МАМА","2026-10-20T06:50:00","20.10.2026","Tuesday","18:50","BG Subtitles; Digital; LUXE","Kino Arena - The Mall","KinoArena"
"НЕ КАЗВАЙ НА МАМА","2026-10-20T10:00:00","20.10.2026","Tuesday","22:00","BG Subtitles; Digital; LUXE","Kino Arena - The Mall","KinoArena"
"Нина Роза","2026-10-20T04:50:00","20.10.2026","Tuesday","16:50","BG Subtitles; Digital; LUXE","Kino Arena - The Mall","KinoArena"
"Нина Роза","2026-10-20T07:30:00","20.10.2026","Tuesday","19:30","BG Subtitles; Digital; LUXE","Kino Arena - The Mall","KinoArena"
"СРЪДЛЬО","2026-10-20T01:00:00","20.10.2026","Tuesday","13:00","Digital; Dubbed; LUXE","Kino Arena - The Mall","KinoArena"
"СРЪДЛЬО","2026-10-20T03:20:00","20.10.2026","Tuesday","15:20","Digital; Dubbed; LUXE","Kino Arena - The Mall","KinoArena"
"СРЪДЛЬО","2026-10-20T05:30:00","20.10.2026","Tuesday","17:30","Digital; Dubbed; LUXE","Kino Arena - The Mall","KinoArena"
"Миньони &amp; чудовища","2026-10-20T01:10:00","20.10.2026","Tuesday","13:10","Digital; Dubbed; LUXE","Kino Arena - West Mall","KinoArena"
"Одисея","2026-10-20T08:20:00","20.10.2026","Tuesday","20:20","BG Subtitles; Digital; LUXE","Kino Arena - West Mall","KinoArena"
"Спайдър-мен: Нов ден","2026-10-20T05:20:00","20.10.2026","Tuesday","17:20","3D Digital; BG Subtitles; LUXE","Kino Arena - West Mall","KinoArena"
"Пес Патрул: Дино Филмът","2026-10-20T03:50:00","20.10.2026","Tuesday","15:50","Digital; Dubbed; LUXE","Kino Arena - West Mall","KinoArena"
"Коварен капан: Бягство от отвъдното","2026-10-20T10:30:00","20.10.2026","Tuesday","22:30","BG Subtitles; Digital; LUXE","Kino Arena - West Mall","KinoArena"
"Койота срещу Акме","2026-10-20T01:15:00","20.10.2026","Tuesday","13:15","Digital; Dubbed; LUXE","Kino Arena - West Mall","KinoArena"
"Падане 2","2026-10-20T07:50:00","20.10.2026","Tuesday","19:50","BG Subtitles; Digital; LUXE","Kino Arena - West Mall","KinoArena"
"Приложна магия 2","2026-10-20T05:50:00","20.10.2026","Tuesday","17:50","BG Subtitles; Digital; LUXE","Kino Arena - West Mall","KinoArena"
"Куриерът","2026-10-20T08:45:00","20.10.2026","Tuesday","20:45","BG Subtitles; Digital; LUXE","Kino Arena - West Mall","KinoArena"
"Наследникът","2026-10-20T03:10:00","20.10.2026","Tuesday","15:10","Digital; Dubbed; LUXE","Kino Arena - West Mall","KinoArena"
"Заразно зло","2026-10-20T02:00:00","20.10.2026","Tuesday","14:00","BG Subtitles; Digital; LUXE","Kino Arena - West Mall","KinoArena"
"Заразно зло","2026-10-20T08:30:00","20.10.2026","Tuesday","20:30","BG Subtitles; Digital; LUXE","Kino Arena - West Mall","KinoArena"
"Заразно зло","2026-10-20T10:40:00","20.10.2026","Tuesday","22:40","BG Subtitles; Digital; LUXE","Kino Arena - West Mall","KinoArena"
"Сърцето на звяра","2026-10-20T02:20:00","20.10.2026","Tuesday","14:20","BG Subtitles; Digital; LUXE","Kino Arena - West Mall","KinoArena"
"Сърцето на звяра","2026-10-20T05:40:00","20.10.2026","Tuesday","17:40","BG Subtitles; Digital; LUXE","Kino Arena - West Mall","KinoArena"
"Сърцето на звяра","2026-10-20T08:10:00","20.10.2026","Tuesday","20:10","BG Subtitles; Digital; LUXE","Kino Arena - West Mall","KinoArena"
"Сърцето на звяра","2026-10-20T10:20:00","20.10.2026","Tuesday","22:20","BG Subtitles; Digital; LUXE","Kino Arena - West Mall","KinoArena"
"Островът на забравата","2026-10-20T01:30:00","20.10.2026","Tuesday","13:30","Digital; Dubbed; LUXE","Kino Arena - West Mall","KinoArena"
"Островът на забравата","2026-10-20T04:20:00","20.10.2026","Tuesday","16:20","Digital; Dubbed; LUXE","Kino Arena - West Mall","KinoArena"
"Отмъстителите: Краят – Специално издание","2026-10-20T06:30:00","20.10.2026","Tuesday","18:30","3D Digital; BG Subtitles; LUXE","Kino Arena - West Mall","KinoArena"
"Отмъстителите: Краят – Специално издание","2026-10-20T09:10:00","20.10.2026","Tuesday","21:10","3D Digital; BG Subtitles; LUXE","Kino Arena - West Mall","KinoArena"
"Верити","2026-10-20T02:40:00","20.10.2026","Tuesday","14:40","BG Subtitles; Digital; LUXE","Kino Arena - West Mall","KinoArena"
"Верити","2026-10-20T05:00:00","20.10.2026","Tuesday","17:00","BG Subtitles; Digital; LUXE","Kino Arena - West Mall","KinoArena"
"Верити","2026-10-20T07:10:00","20.10.2026","Tuesday","19:10","BG Subtitles; Digital; LUXE","Kino Arena - West Mall","KinoArena"
"Верити","2026-10-20T09:30:00","20.10.2026","Tuesday","21:30","BG Subtitles; Digital; LUXE","Kino Arena - West Mall","KinoArena"
"Дигър","2026-10-20T01:40:00","20.10.2026","Tuesday","13:40","BG Subtitles; Digital; LUXE","Kino Arena - West Mall","KinoArena"
"Дигър","2026-10-20T04:10:00","20.10.2026","Tuesday","16:10","BG Subtitles; Digital; LUXE","Kino Arena - West Mall","KinoArena"
"Дигър","2026-10-20T06:40:00","20.10.2026","Tuesday","18:40","BG Subtitles; Digital; LUXE","Kino Arena - West Mall","KinoArena"
"Дигър","2026-10-20T09:50:00","20.10.2026","Tuesday","21:50","BG Subtitles; Digital; LUXE","Kino Arena - West Mall","KinoArena"
"Зооекспрес","2026-10-20T02:30:00","20.10.2026","Tuesday","14:30","Digital; Dubbed; LUXE","Kino Arena - West Mall","KinoArena"
"Зооекспрес","2026-10-20T04:30:00","20.10.2026","Tuesday","16:30","Digital; Dubbed; LUXE","Kino Arena - West Mall","KinoArena"
"Зооекспрес","2026-10-20T06:20:00","20.10.2026","Tuesday","18:20","Digital; Dubbed; LUXE","Kino Arena - West Mall","KinoArena"
"Паяци","2026-10-20T03:30:00","20.10.2026","Tuesday","15:30","Digital; LUXE","Kino Arena - West Mall","KinoArena"
"Паяци","2026-10-20T09:40:00","20.10.2026","Tuesday","21:40","Digital; LUXE","Kino Arena - West Mall","KinoArena"
"Другата мама","2026-10-20T01:20:00","20.10.2026","Tuesday","13:20","BG Subtitles; Digital; LUXE","Kino Arena - West Mall","KinoArena"
"Другата мама","2026-10-20T04:00:00","20.10.2026","Tuesday","16:00","BG Subtitles; Digital; LUXE","Kino Arena - West Mall","KinoArena"
"Другата мама","2026-10-20T06:00:00","20.10.2026","Tuesday","18:00","BG Subtitles; Digital; LUXE","Kino Arena - West Mall","KinoArena"
"Другата мама","2026-10-20T08:00:00","20.10.2026","Tuesday","20:00","BG Subtitles; Digital; LUXE","Kino Arena - West Mall","KinoArena"
"Другата мама","2026-10-20T10:10:00","20.10.2026","Tuesday","22:10","BG Subtitles; Digital; LUXE","Kino Arena - West Mall","KinoArena"
"НЕ КАЗВАЙ НА МАМА","2026-10-20T02:50:00","20.10.2026","Tuesday","14:50","BG Subtitles; Digital; LUXE","Kino Arena - West Mall","KinoArena"
"НЕ КАЗВАЙ НА МАМА","2026-10-20T06:50:00","20.10.2026","Tuesday","18:50","BG Subtitles; Digital; LUXE","Kino Arena - West Mall","KinoArena"
"НЕ КАЗВАЙ НА МАМА","2026-10-20T10:00:00","20.10.2026","Tuesday","22:00","BG Subtitles; Digital; LUXE","Kino Arena - West Mall","KinoArena"
"Нина Роза","2026-10-20T04:50:00","20.10.2026","Tuesday","16:50","BG Subtitles; Digital; LUXE","Kino Arena - West Mall","KinoArena"
"Нина Роза","2026-10-20T07:30:00","20.10.2026","Tuesday","19:30","BG Subtitles; Digital; LUXE","Kino Arena - West Mall","KinoArena"
"СРЪДЛЬО","2026-10-20T01:00:00","20.10.2026","Tuesday","13:00","Digital; Dubbed; LUXE","Kino Arena - West Mall","KinoArena"
"СРЪДЛЬО","2026-10-20T03:20:00","20.10.2026","Tuesday","15:20","Digital; Dubbed; LUXE","Kino Arena - West Mall","KinoArena"
"СРЪДЛЬО","2026-10-20T05:30:00","20.10.2026","Tuesday","17:30","Digital; Dubbed; LUXE","Kino Arena - West Mall","KinoArena"
"СРЪДЛЬО","2026-10-14T11:30:00","14.10.2026","Wednesday","11:30","Зала 6","CineGrand - Park Center","CineGrand"
"МИНЬОНИ И ЧУДОВИЩА","2026-10-14T12:15:00","14.10.2026","Wednesday","12:15","Зала 1","CineGrand - Park Center","CineGrand"
"ЗООЕКСПРЕС","2026-10-14T12:30:00","14.10.2026","Wednesday","12:30","Зала 2","CineGrand - Park Center","CineGrand"
"ВЕРИТИ","2026-10-14T01:15:00","14.10.2026","Wednesday","13:15","Зала 4","CineGrand - Park Center","CineGrand"
"СЪРЦЕТО НА ЗВЯРА","2026-10-14T01:40:00","14.10.2026","Wednesday","13:40","Зала 5","CineGrand - Park Center","CineGrand"
"ОСТРОВЪТ НА ЗАБРАВАТА","2026-10-14T01:45:00","14.10.2026","Wednesday","13:45","Зала 3","CineGrand - Park Center","CineGrand"
"НЕ КАЗВАЙ НА МАМА","2026-10-14T02:15:00","14.10.2026","Wednesday","14:15","Зала 1","CineGrand - Park Center","CineGrand"
"ОТМЪСТИТЕЛИТЕ: КРАЯТ – СПЕЦИАЛНО ИЗДАНИЕ","2026-10-14T04:00:00","14.10.2026","Wednesday","16:00","Зала 5","CineGrand - Park Center","CineGrand"
"ДРУГАТА МАМА","2026-10-14T04:15:00","14.10.2026","Wednesday","16:15","Зала 3","CineGrand - Park Center","CineGrand"
"НИНА РОЗА","2026-10-14T05:00:00","14.10.2026","Wednesday","17:00","Зала 2","CineGrand - Park Center","CineGrand"
"ОДИСЕЯ","2026-10-14T09:30:00","14.10.2026","Wednesday","21:30","Зала 6","CineGrand - Park Center","CineGrand"
"ДИГЪР","2026-10-14T09:45:00","14.10.2026","Wednesday","21:45","Зала 2","CineGrand - Park Center","CineGrand"
"ПЕС ПАТРУЛ: ДИНО ФИЛМЪТ","2026-10-14T12:10:00","14.10.2026","Wednesday","12:10","Зала 4","CineGrand - Sofia Ring Mall","CineGrand"
"СРЪДЛЬО","2026-10-14T12:15:00","14.10.2026","Wednesday","12:15","Зала 2","CineGrand - Sofia Ring Mall","CineGrand"
"ТАЙНИЯТ СВЯТ НА ФИНИК 2","2026-10-14T12:20:00","14.10.2026","Wednesday","12:20","TSAR Зала 6","CineGrand - Sofia Ring Mall","CineGrand"
"ОСТРОВЪТ НА ЗАБРАВАТА","2026-10-14T12:30:00","14.10.2026","Wednesday","12:30","Зала 3","CineGrand - Sofia Ring Mall","CineGrand"
"ЗООЕКСПРЕС","2026-10-14T12:40:00","14.10.2026","Wednesday","12:40","Зала 7","CineGrand - Sofia Ring Mall","CineGrand"
"СЪРЦЕТО НА ЗВЯРА","2026-10-14T01:00:00","14.10.2026","Wednesday","13:00","Зала 10","CineGrand - Sofia Ring Mall","CineGrand"
"МИНЬОНИ И ЧУДОВИЩА","2026-10-14T01:10:00","14.10.2026","Wednesday","13:10","Зала 8","CineGrand - Sofia Ring Mall","CineGrand"
"СПАЙДЪР-МЕН: НОВ ДЕН","2026-10-14T01:20:00","14.10.2026","Wednesday","13:20","TSAR Зала 5","CineGrand - Sofia Ring Mall","CineGrand"
"ДРУГАТА МАМА","2026-10-14T01:50:00","14.10.2026","Wednesday","13:50","Зала 9","CineGrand - Sofia Ring Mall","CineGrand"
"НЕ КАЗВАЙ НА МАМА","2026-10-14T02:10:00","14.10.2026","Wednesday","14:10","Зала 4","CineGrand - Sofia Ring Mall","CineGrand"
"ВЕРИТИ","2026-10-14T03:10:00","14.10.2026","Wednesday","15:10","Зала 8","CineGrand - Sofia Ring Mall","CineGrand"
"НИНА РОЗА","2026-10-14T04:30:00","14.10.2026","Wednesday","16:30","TSAR Зала 5","CineGrand - Sofia Ring Mall","CineGrand"
"ЗАРАЗНО ЗЛО ","2026-10-14T05:15:00","14.10.2026","Wednesday","17:15","Зала 1","CineGrand - Sofia Ring Mall","CineGrand"
"ОТМЪСТИТЕЛИТЕ: КРАЯТ – СПЕЦИАЛНО ИЗДАНИЕ","2026-10-14T07:45:00","14.10.2026","Wednesday","19:45","Зала 3","CineGrand - Sofia Ring Mall","CineGrand"
"ДИГЪР","2026-10-14T08:15:00","14.10.2026","Wednesday","20:15","Зала 2","CineGrand - Sofia Ring Mall","CineGrand"
"ОДИСЕЯ","2026-10-14T09:00:00","14.10.2026","Wednesday","21:00","TSAR Зала 5","CineGrand - Sofia Ring Mall","CineGrand"
"ПАЯЦИ","2026-10-14T10:20:00","14.10.2026","Wednesday","22:20","Зала 1","CineGrand - Sofia Ring Mall","CineGrand"
"КОВАРЕН КАПАН: БЯГСТВО ОТ ОТВЪДНОТО","2026-10-14T11:00:00","14.10.2026","Wednesday","23:00","Зала 2","CineGrand - Sofia Ring Mall","CineGrand"
"Хроники за неудобната истина","2026-10-21T07:00:00","21.10.2026","Wednesday","19:00","Digital; Dubbed; LUXE","Kino Arena - The Mall","KinoArena"
"Хроники за неудобната истина","2026-10-21T07:00:00","21.10.2026","Wednesday","19:00","Digital; Dubbed; LUXE","Kino Arena - West Mall","KinoArena"
"СРЪДЛЬО","2026-10-15T11:30:00","15.10.2026","Thursday","11:30","Зала 6","CineGrand - Park Center","CineGrand"
"МИНЬОНИ И ЧУДОВИЩА","2026-10-15T12:15:00","15.10.2026","Thursday","12:15","Зала 1","CineGrand - Park Center","CineGrand"
"ЗООЕКСПРЕС","2026-10-15T12:30:00","15.10.2026","Thursday","12:30","Зала 2","CineGrand - Park Center","CineGrand"
"ВЕРИТИ","2026-10-15T01:15:00","15.10.2026","Thursday","13:15","Зала 4","CineGrand - Park Center","CineGrand"
"СЪРЦЕТО НА ЗВЯРА","2026-10-15T01:40:00","15.10.2026","Thursday","13:40","Зала 5","CineGrand - Park Center","CineGrand"
"ОСТРОВЪТ НА ЗАБРАВАТА","2026-10-15T01:45:00","15.10.2026","Thursday","13:45","Зала 3","CineGrand - Park Center","CineGrand"
"НЕ КАЗВАЙ НА МАМА","2026-10-15T02:15:00","15.10.2026","Thursday","14:15","Зала 1","CineGrand - Park Center","CineGrand"
"ОТМЪСТИТЕЛИТЕ: КРАЯТ – СПЕЦИАЛНО ИЗДАНИЕ","2026-10-15T04:00:00","15.10.2026","Thursday","16:00","Зала 5","CineGrand - Park Center","CineGrand"
"ДРУГАТА МАМА","2026-10-15T04:15:00","15.10.2026","Thursday","16:15","Зала 3","CineGrand - Park Center","CineGrand"
"НИНА РОЗА","2026-10-15T05:00:00","15.10.2026","Thursday","17:00","Зала 2","CineGrand - Park Center","CineGrand"
"ОДИСЕЯ","2026-10-15T09:30:00","15.10.2026","Thursday","21:30","Зала 6","CineGrand - Park Center","CineGrand"
"ДИГЪР","2026-10-15T09:45:00","15.10.2026","Thursday","21:45","Зала 2","CineGrand - Park Center","CineGrand"
"ПЕС ПАТРУЛ: ДИНО ФИЛМЪТ","2026-10-15T12:10:00","15.10.2026","Thursday","12:10","Зала 4","CineGrand - Sofia Ring Mall","CineGrand"
"СРЪДЛЬО","2026-10-15T12:15:00","15.10.2026","Thursday","12:15","Зала 2","CineGrand - Sofia Ring Mall","CineGrand"
"ТАЙНИЯТ СВЯТ НА ФИНИК 2","2026-10-15T12:20:00","15.10.2026","Thursday","12:20","TSAR Зала 6","CineGrand - Sofia Ring Mall","CineGrand"
"ОСТРОВЪТ НА ЗАБРАВАТА","2026-10-15T12:30:00","15.10.2026","Thursday","12:30","Зала 3","CineGrand - Sofia Ring Mall","CineGrand"
"ЗООЕКСПРЕС","2026-10-15T12:40:00","15.10.2026","Thursday","12:40","Зала 7","CineGrand - Sofia Ring Mall","CineGrand"
"СЪРЦЕТО НА ЗВЯРА","2026-10-15T01:00:00","15.10.2026","Thursday","13:00","Зала 10","CineGrand - Sofia Ring Mall","CineGrand"
"МИНЬОНИ И ЧУДОВИЩА","2026-10-15T01:10:00","15.10.2026","Thursday","13:10","Зала 8","CineGrand - Sofia Ring Mall","CineGrand"
"СПАЙДЪР-МЕН: НОВ ДЕН","2026-10-15T01:20:00","15.10.2026","Thursday","13:20","TSAR Зала 5","CineGrand - Sofia Ring Mall","CineGrand"
"ДРУГАТА МАМА","2026-10-15T01:50:00","15.10.2026","Thursday","13:50","Зала 9","CineGrand - Sofia Ring Mall","CineGrand"
"НЕ КАЗВАЙ НА МАМА","2026-10-15T02:10:00","15.10.2026","Thursday","14:10","Зала 4","CineGrand - Sofia Ring Mall","CineGrand"
"ВЕРИТИ","2026-10-15T03:10:00","15.10.2026","Thursday","15:10","Зала 8","CineGrand - Sofia Ring Mall","CineGrand"
"НИНА РОЗА","2026-10-15T04:30:00","15.10.2026","Thursday","16:30","TSAR Зала 5","CineGrand - Sofia Ring Mall","CineGrand"
"ЗАРАЗНО ЗЛО ","2026-10-15T05:15:00","15.10.2026","Thursday","17:15","Зала 1","CineGrand - Sofia Ring Mall","CineGrand"
"ОТМЪСТИТЕЛИТЕ: КРАЯТ – СПЕЦИАЛНО ИЗДАНИЕ","2026-10-15T07:45:00","15.10.2026","Thursday","19:45","Зала 3","CineGrand - Sofia Ring Mall","CineGrand"
"ДИГЪР","2026-10-15T08:15:00","15.10.2026","Thursday","20:15","Зала 2","CineGrand - Sofia Ring Mall","CineGrand"
"ОДИСЕЯ","2026-10-15T09:00:00","15.10.2026","Thursday","21:00","TSAR Зала 5","CineGrand - Sofia Ring Mall","CineGrand"
"ПАЯЦИ","2026-10-15T10:20:00","15.10.2026","Thursday","22:20","Зала 1","CineGrand - Sofia Ring Mall","CineGrand"
"КОВАРЕН КАПАН: БЯГСТВО ОТ ОТВЪДНОТО","2026-10-15T11:00:00","15.10.2026","Thursday","23:00","Зала 2","CineGrand - Sofia Ring Mall","CineGrand"
"Миньони &amp; чудовища","2026-10-22T01:10:00","22.10.2026","Thursday","13:10","Digital; Dubbed; LUXE","Kino Arena - The Mall","KinoArena"
"Одисея","2026-10-22T08:20:00","22.10.2026","Thursday","20:20","BG Subtitles; Digital; LUXE","Kino Arena - The Mall","KinoArena"
"Спайдър-мен: Нов ден","2026-10-22T05:20:00","22.10.2026","Thursday","17:20","3D Digital; BG Subtitles; LUXE","Kino Arena - The Mall","KinoArena"
"Пес Патрул: Дино Филмът","2026-10-22T03:50:00","22.10.2026","Thursday","15:50","Digital; Dubbed; LUXE","Kino Arena - The Mall","KinoArena"
"Коварен капан: Бягство от отвъдното","2026-10-22T10:30:00","22.10.2026","Thursday","22:30","BG Subtitles; Digital; LUXE","Kino Arena - The Mall","KinoArena"
"Койота срещу Акме","2026-10-22T01:15:00","22.10.2026","Thursday","13:15","Digital; Dubbed; LUXE","Kino Arena - The Mall","KinoArena"
"Падане 2","2026-10-22T07:50:00","22.10.2026","Thursday","19:50","BG Subtitles; Digital; LUXE","Kino Arena - The Mall","KinoArena"
"Приложна магия 2","2026-10-22T05:50:00","22.10.2026","Thursday","17:50","BG Subtitles; Digital; LUXE","Kino Arena - The Mall","KinoArena"
"Куриерът","2026-10-22T08:45:00","22.10.2026","Thursday","20:45","BG Subtitles; Digital; LUXE","Kino Arena - The Mall","KinoArena"
"Наследникът","2026-10-22T03:10:00","22.10.2026","Thursday","15:10","Digital; Dubbed; LUXE","Kino Arena - The Mall","KinoArena"
"Заразно зло","2026-10-22T02:00:00","22.10.2026","Thursday","14:00","BG Subtitles; Digital; LUXE","Kino Arena - The Mall","KinoArena"
"Заразно зло","2026-10-22T08:30:00","22.10.2026","Thursday","20:30","BG Subtitles; Digital; LUXE","Kino Arena - The Mall","KinoArena"
"Заразно зло","2026-10-22T10:40:00","22.10.2026","Thursday","22:40","BG Subtitles; Digital; LUXE","Kino Arena - The Mall","KinoArena"
"Сърцето на звяра","2026-10-22T02:20:00","22.10.2026","Thursday","14:20","BG Subtitles; Digital; LUXE","Kino Arena - The Mall","KinoArena"
"Сърцето на звяра","2026-10-22T05:40:00","22.10.2026","Thursday","17:40","BG Subtitles; Digital; LUXE","Kino Arena - The Mall","KinoArena"
"Сърцето на звяра","2026-10-22T08:10:00","22.10.2026","Thursday","20:10","BG Subtitles; Digital; LUXE","Kino Arena - The Mall","KinoArena"
"Сърцето на звяра","2026-10-22T10:20:00","22.10.2026","Thursday","22:20","BG Subtitles; Digital; LUXE","Kino Arena - The Mall","KinoArena"
"Островът на забравата","2026-10-22T01:40:00","22.10.2026","Thursday","13:40","Digital; Dubbed; LUXE","Kino Arena - The Mall","KinoArena"
"Островът на забравата","2026-10-22T04:20:00","22.10.2026","Thursday","16:20","Digital; Dubbed; LUXE","Kino Arena - The Mall","KinoArena"
"Отмъстителите: Краят – Специално издание","2026-10-22T06:30:00","22.10.2026","Thursday","18:30","3D Digital; BG Subtitles; LUXE","Kino Arena - The Mall","KinoArena"
"Отмъстителите: Краят – Специално издание","2026-10-22T09:10:00","22.10.2026","Thursday","21:10","3D Digital; BG Subtitles; LUXE","Kino Arena - The Mall","KinoArena"
"Верити","2026-10-22T02:40:00","22.10.2026","Thursday","14:40","BG Subtitles; Digital; LUXE","Kino Arena - The Mall","KinoArena"
"Верити","2026-10-22T05:00:00","22.10.2026","Thursday","17:00","BG Subtitles; Digital; LUXE","Kino Arena - The Mall","KinoArena"
"Верити","2026-10-22T07:15:00","22.10.2026","Thursday","19:15","BG Subtitles; Digital; LUXE","Kino Arena - The Mall","KinoArena"
"Верити","2026-10-22T09:30:00","22.10.2026","Thursday","21:30","BG Subtitles; Digital; LUXE","Kino Arena - The Mall","KinoArena"
"Дигър","2026-10-22T01:40:00","22.10.2026","Thursday","13:40","BG Subtitles; Digital; LUXE","Kino Arena - The Mall","KinoArena"
"Дигър","2026-10-22T04:10:00","22.10.2026","Thursday","16:10","BG Subtitles; Digital; LUXE","Kino Arena - The Mall","KinoArena"
"Дигър","2026-10-22T06:40:00","22.10.2026","Thursday","18:40","BG Subtitles; Digital; LUXE","Kino Arena - The Mall","KinoArena"
"Дигър","2026-10-22T09:50:00","22.10.2026","Thursday","21:50","BG Subtitles; Digital; LUXE","Kino Arena - The Mall","KinoArena"
"Зооекспрес","2026-10-22T02:30:00","22.10.2026","Thursday","14:30","Digital; Dubbed; LUXE","Kino Arena - The Mall","KinoArena"
"Зооекспрес","2026-10-22T04:30:00","22.10.2026","Thursday","16:30","Digital; Dubbed; LUXE","Kino Arena - The Mall","KinoArena"
"Зооекспрес","2026-10-22T06:20:00","22.10.2026","Thursday","18:20","Digital; Dubbed; LUXE","Kino Arena - The Mall","KinoArena"
"Паяци","2026-10-22T03:30:00","22.10.2026","Thursday","15:30","Digital; LUXE","Kino Arena - The Mall","KinoArena"
"Паяци","2026-10-22T09:40:00","22.10.2026","Thursday","21:40","Digital; LUXE","Kino Arena - The Mall","KinoArena"
"Другата мама","2026-10-22T01:20:00","22.10.2026","Thursday","13:20","BG Subtitles; Digital; LUXE","Kino Arena - The Mall","KinoArena"
"Другата мама","2026-10-22T04:00:00","22.10.2026","Thursday","16:00","BG Subtitles; Digital; LUXE","Kino Arena - The Mall","KinoArena"
"Другата мама","2026-10-22T06:00:00","22.10.2026","Thursday","18:00","BG Subtitles; Digital; LUXE","Kino Arena - The Mall","KinoArena"
"Другата мама","2026-10-22T08:00:00","22.10.2026","Thursday","20:00","BG Subtitles; Digital; LUXE","Kino Arena - The Mall","KinoArena"
"Другата мама","2026-10-22T10:10:00","22.10.2026","Thursday","22:10","BG Subtitles; Digital; LUXE","Kino Arena - The Mall","KinoArena"
"НЕ КАЗВАЙ НА МАМА","2026-10-22T02:50:00","22.10.2026","Thursday","14:50","BG Subtitles; Digital; LUXE","Kino Arena - The Mall","KinoArena"
"НЕ КАЗВАЙ НА МАМА","2026-10-22T06:50:00","22.10.2026","Thursday","18:50","BG Subtitles; Digital; LUXE","Kino Arena - The Mall","KinoArena"
"НЕ КАЗВАЙ НА МАМА","2026-10-22T10:00:00","22.10.2026","Thursday","22:00","BG Subtitles; Digital; LUXE","Kino Arena - The Mall","KinoArena"
"Нина Роза","2026-10-22T04:50:00","22.10.2026","Thursday","16:50","BG Subtitles; Digital; LUXE","Kino Arena - The Mall","KinoArena"
"Нина Роза","2026-10-22T07:30:00","22.10.2026","Thursday","19:30","BG Subtitles; Digital; LUXE","Kino Arena - The Mall","KinoArena"
"СРЪДЛЬО","2026-10-22T01:00:00","22.10.2026","Thursday","13:00","Digital; Dubbed; LUXE","Kino Arena - The Mall","KinoArena"
"СРЪДЛЬО","2026-10-22T03:20:00","22.10.2026","Thursday","15:20","Digital; Dubbed; LUXE","Kino Arena - The Mall","KinoArena"
"СРЪДЛЬО","2026-10-22T05:30:00","22.10.2026","Thursday","17:30","Digital; Dubbed; LUXE","Kino Arena - The Mall","KinoArena"
"Миньони &amp; чудовища","2026-10-22T01:10:00","22.10.2026","Thursday","13:10","Digital; Dubbed; LUXE","Kino Arena - West Mall","KinoArena"
"Одисея","2026-10-22T08:20:00","22.10.2026","Thursday","20:20","BG Subtitles; Digital; LUXE","Kino Arena - West Mall","KinoArena"
"Спайдър-мен: Нов ден","2026-10-22T05:20:00","22.10.2026","Thursday","17:20","3D Digital; BG Subtitles; LUXE","Kino Arena - West Mall","KinoArena"
"Пес Патрул: Дино Филмът","2026-10-22T03:50:00","22.10.2026","Thursday","15:50","Digital; Dubbed; LUXE","Kino Arena - West Mall","KinoArena"
"Коварен капан: Бягство от отвъдното","2026-10-22T10:30:00","22.10.2026","Thursday","22:30","BG Subtitles; Digital; LUXE","Kino Arena - West Mall","KinoArena"
"Койота срещу Акме","2026-10-22T01:15:00","22.10.2026","Thursday","13:15","Digital; Dubbed; LUXE","Kino Arena - West Mall","KinoArena"
"Падане 2","2026-10-22T07:50:00","22.10.2026","Thursday","19:50","BG Subtitles; Digital; LUXE","Kino Arena - West Mall","KinoArena"
"Приложна магия 2","2026-10-22T05:50:00","22.10.2026","Thursday","17:50","BG Subtitles; Digital; LUXE","Kino Arena - West Mall","KinoArena"
"Куриерът","2026-10-22T08:45:00","22.10.2026","Thursday","20:45","BG Subtitles; Digital; LUXE","Kino Arena - West Mall","KinoArena"
"Наследникът","2026-10-22T03:10:00","22.10.2026","Thursday","15:10","Digital; Dubbed; LUXE","Kino Arena - West Mall","KinoArena"
"Заразно зло","2026-10-22T02:00:00","22.10.2026","Thursday","14:00","BG Subtitles; Digital; LUXE","Kino Arena - West Mall","KinoArena"
"Заразно зло","2026-10-22T08:30:00","22.10.2026","Thursday","20:30","BG Subtitles; Digital; LUXE","Kino Arena - West Mall","KinoArena"
"Заразно зло","2026-10-22T10:40:00","22.10.2026","Thursday","22:40","BG Subtitles; Digital; LUXE","Kino Arena - West Mall","KinoArena"
"Сърцето на звяра","2026-10-22T02:20:00","22.10.2026","Thursday","14:20","BG Subtitles; Digital; LUXE","Kino Arena - West Mall","KinoArena"
"Сърцето на звяра","2026-10-22T05:40:00","22.10.2026","Thursday","17:40","BG Subtitles; Digital; LUXE","Kino Arena - West Mall","KinoArena"
"Сърцето на звяра","2026-10-22T08:10:00","22.10.2026","Thursday","20:10","BG Subtitles; Digital; LUXE","Kino Arena - West Mall","KinoArena"
"Сърцето на звяра","2026-10-22T10:20:00","22.10.2026","Thursday","22:20","BG Subtitles; Digital; LUXE","Kino Arena - West Mall","KinoArena"
"Островът на забравата","2026-10-22T01:30:00","22.10.2026","Thursday","13:30","Digital; Dubbed; LUXE","Kino Arena - West Mall","KinoArena"
"Островът на забравата","2026-10-22T04:20:00","22.10.2026","Thursday","16:20","Digital; Dubbed; LUXE","Kino Arena - West Mall","KinoArena"
"Отмъстителите: Краят – Специално издание","2026-10-22T06:30:00","22.10.2026","Thursday","18:30","3D Digital; BG Subtitles; LUXE","Kino Arena - West Mall","KinoArena"
"Отмъстителите: Краят – Специално издание","2026-10-22T09:10:00","22.10.2026","Thursday","21:10","3D Digital; BG Subtitles; LUXE","Kino Arena - West Mall","KinoArena"
"Верити","2026-10-22T02:40:00","22.10.2026","Thursday","14:40","BG Subtitles; Digital; LUXE","Kino Arena - West Mall","KinoArena"
"Верити","2026-10-22T05:00:00","22.10.2026","Thursday","17:00","BG Subtitles; Digital; LUXE","Kino Arena - West Mall","KinoArena"
"Верити","2026-10-22T07:10:00","22.10.2026","Thursday","19:10","BG Subtitles; Digital; LUXE","Kino Arena - West Mall","KinoArena"
"Верити","2026-10-22T09:30:00","22.10.2026","Thursday","21:30","BG Subtitles; Digital; LUXE","Kino Arena - West Mall","KinoArena"
"Дигър","2026-10-22T01:40:00","22.10.2026","Thursday","13:40","BG Subtitles; Digital; LUXE","Kino Arena - West Mall","KinoArena"
"Дигър","2026-10-22T04:10:00","22.10.2026","Thursday","16:10","BG Subtitles; Digital; LUXE","Kino Arena - West Mall","KinoArena"
"Дигър","2026-10-22T06:40:00","22.10.2026","Thursday","18:40","BG Subtitles; Digital; LUXE","Kino Arena - West Mall","KinoArena"
"Дигър","2026-10-22T09:50:00","22.10.2026","Thursday","21:50","BG Subtitles; Digital; LUXE","Kino Arena - West Mall","KinoArena"
"Зооекспрес","2026-10-22T02:30:00","22.10.2026","Thursday","14:30","Digital; Dubbed; LUXE","Kino Arena - West Mall","KinoArena"
"Зооекспрес","2026-10-22T04:30:00","22.10.2026","Thursday","16:30","Digital; Dubbed; LUXE","Kino Arena - West Mall","KinoArena"
"Зооекспрес","2026-10-22T06:20:00","22.10.2026","Thursday","18:20","Digital; Dubbed; LUXE","Kino Arena - West Mall","KinoArena"
"Паяци","2026-10-22T03:30:00","22.10.2026","Thursday","15:30","Digital; LUXE","Kino Arena - West Mall","KinoArena"
"Паяци","2026-10-22T09:40:00","22.10.2026","Thursday","21:40","Digital; LUXE","Kino Arena - West Mall","KinoArena"
"Другата мама","2026-10-22T01:20:00","22.10.2026","Thursday","13:20","BG Subtitles; Digital; LUXE","Kino Arena - West Mall","KinoArena"
"Другата мама","2026-10-22T04:00:00","22.10.2026","Thursday","16:00","BG Subtitles; Digital; LUXE","Kino Arena - West Mall","KinoArena"
"Другата мама","2026-10-22T06:00:00","22.10.2026","Thursday","18:00","BG Subtitles; Digital; LUXE","Kino Arena - West Mall","KinoArena"
"Другата мама","2026-10-22T08:00:00","22.10.2026","Thursday","20:00","BG Subtitles; Digital; LUXE","Kino Arena - West Mall","KinoArena"
"Другата мама","2026-10-22T10:10:00","22.10.2026","Thursday","22:10","BG Subtitles; Digital; LUXE","Kino Arena - West Mall","KinoArena"
"НЕ КАЗВАЙ НА МАМА","2026-10-22T02:50:00","22.10.2026","Thursday","14:50","BG Subtitles; Digital; LUXE","Kino Arena - West Mall","KinoArena"
"НЕ КАЗВАЙ НА МАМА","2026-10-22T06:50:00","22.10.2026","Thursday","18:50","BG Subtitles; Digital; LUXE","Kino Arena - West Mall","KinoArena"
"НЕ КАЗВАЙ НА МАМА","2026-10-22T10:00:00","22.10.2026","Thursday","22:00","BG Subtitles; Digital; LUXE","Kino Arena - West Mall","KinoArena"
"Нина Роза","2026-10-22T04:50:00","22.10.2026","Thursday","16:50","BG Subtitles; Digital; LUXE","Kino Arena - West Mall","KinoArena"
"Нина Роза","2026-10-22T07:30:00","22.10.2026","Thursday","19:30","BG Subtitles; Digital; LUXE","Kino Arena - West Mall","KinoArena"
"СРЪДЛЬО","2026-10-22T01:00:00","22.10.2026","Thursday","13:00","Digital; Dubbed; LUXE","Kino Arena - West Mall","KinoArena"
"СРЪДЛЬО","2026-10-22T03:20:00","22.10.2026","Thursday","15:20","Digital; Dubbed; LUXE","Kino Arena - West Mall","KinoArena"
"СРЪДЛЬО","2026-10-22T05:30:00","22.10.2026","Thursday","17:30","Digital; Dubbed; LUXE","Kino Arena - West Mall","KinoArena"
"СРЪДЛЬО","2026-10-09T11:30:00","9.10.2026","Friday","11:30","Зала 6","CineGrand - Park Center","CineGrand"
"МИНЬОНИ И ЧУДОВИЩА","2026-10-09T12:15:00","9.10.2026","Friday","12:15","Зала 1","CineGrand - Park Center","CineGrand"
"ЗООЕКСПРЕС","2026-10-09T12:30:00","9.10.2026","Friday","12:30","Зала 2","CineGrand - Park Center","CineGrand"
"ВЕРИТИ","2026-10-09T01:15:00","9.10.2026","Friday","13:15","Зала 4","CineGrand - Park Center","CineGrand"
"СЪРЦЕТО НА ЗВЯРА","2026-10-09T01:40:00","9.10.2026","Friday","13:40","Зала 5","CineGrand - Park Center","CineGrand"
"ОСТРОВЪТ НА ЗАБРАВАТА","2026-10-09T01:45:00","9.10.2026","Friday","13:45","Зала 3","CineGrand - Park Center","CineGrand"
"НЕ КАЗВАЙ НА МАМА","2026-10-09T02:15:00","9.10.2026","Friday","14:15","Зала 1","CineGrand - Park Center","CineGrand"
"ОТМЪСТИТЕЛИТЕ: КРАЯТ – СПЕЦИАЛНО ИЗДАНИЕ","2026-10-09T04:00:00","9.10.2026","Friday","16:00","Зала 5","CineGrand - Park Center","CineGrand"
"ДРУГАТА МАМА","2026-10-09T04:15:00","9.10.2026","Friday","16:15","Зала 3","CineGrand - Park Center","CineGrand"
"НИНА РОЗА","2026-10-09T05:00:00","9.10.2026","Friday","17:00","Зала 2","CineGrand - Park Center","CineGrand"
"ОДИСЕЯ","2026-10-09T09:30:00","9.10.2026","Friday","21:30","Зала 6","CineGrand - Park Center","CineGrand"
"ДИГЪР","2026-10-09T09:45:00","9.10.2026","Friday","21:45","Зала 2","CineGrand - Park Center","CineGrand"
"ПЕС ПАТРУЛ: ДИНО ФИЛМЪТ","2026-10-09T12:10:00","9.10.2026","Friday","12:10","Зала 4","CineGrand - Sofia Ring Mall","CineGrand"
"СРЪДЛЬО","2026-10-09T12:15:00","9.10.2026","Friday","12:15","Зала 2","CineGrand - Sofia Ring Mall","CineGrand"
"ТАЙНИЯТ СВЯТ НА ФИНИК 2","2026-10-09T12:20:00","9.10.2026","Friday","12:20","TSAR Зала 6","CineGrand - Sofia Ring Mall","CineGrand"
"ОСТРОВЪТ НА ЗАБРАВАТА","2026-10-09T12:30:00","9.10.2026","Friday","12:30","Зала 3","CineGrand - Sofia Ring Mall","CineGrand"
"ЗООЕКСПРЕС","2026-10-09T12:40:00","9.10.2026","Friday","12:40","Зала 7","CineGrand - Sofia Ring Mall","CineGrand"
"СЪРЦЕТО НА ЗВЯРА","2026-10-09T01:00:00","9.10.2026","Friday","13:00","Зала 10","CineGrand - Sofia Ring Mall","CineGrand"
"МИНЬОНИ И ЧУДОВИЩА","2026-10-09T01:10:00","9.10.2026","Friday","13:10","Зала 8","CineGrand - Sofia Ring Mall","CineGrand"
"СПАЙДЪР-МЕН: НОВ ДЕН","2026-10-09T01:20:00","9.10.2026","Friday","13:20","TSAR Зала 5","CineGrand - Sofia Ring Mall","CineGrand"
"ДРУГАТА МАМА","2026-10-09T01:50:00","9.10.2026","Friday","13:50","Зала 9","CineGrand - Sofia Ring Mall","CineGrand"
"НЕ КАЗВАЙ НА МАМА","2026-10-09T02:10:00","9.10.2026","Friday","14:10","Зала 4","CineGrand - Sofia Ring Mall","CineGrand"
"ВЕРИТИ","2026-10-09T03:10:00","9.10.2026","Friday","15:10","Зала 8","CineGrand - Sofia Ring Mall","CineGrand"
"НИНА РОЗА","2026-10-09T04:30:00","9.10.2026","Friday","16:30","TSAR Зала 5","CineGrand - Sofia Ring Mall","CineGrand"
"ЗАРАЗНО ЗЛО ","2026-10-09T05:15:00","9.10.2026","Friday","17:15","Зала 1","CineGrand - Sofia Ring Mall","CineGrand"
"ОТМЪСТИТЕЛИТЕ: КРАЯТ – СПЕЦИАЛНО ИЗДАНИЕ","2026-10-09T07:45:00","9.10.2026","Friday","19:45","Зала 3","CineGrand - Sofia Ring Mall","CineGrand"
"ДИГЪР","2026-10-09T08:15:00","9.10.2026","Friday","20:15","Зала 2","CineGrand - Sofia Ring Mall","CineGrand"
"ОДИСЕЯ","2026-10-09T09:00:00","9.10.2026","Friday","21:00","TSAR Зала 5","CineGrand - Sofia Ring Mall","CineGrand"
"ПАЯЦИ","2026-10-09T10:20:00","9.10.2026","Friday","22:20","Зала 1","CineGrand - Sofia Ring Mall","CineGrand"
"КОВАРЕН КАПАН: БЯГСТВО ОТ ОТВЪДНОТО","2026-10-09T11:00:00","9.10.2026","Friday","23:00","Зала 2","CineGrand - Sofia Ring Mall","CineGrand"
"Световно неизвестна","2026-10-23T07:00:00","23.10.2026","Friday","19:00","BG Subtitles; Digital; LUXE","Kino Arena - The Mall","KinoArena"
"Миньони &amp; чудовища","2026-10-23T01:10:00","23.10.2026","Friday","13:10","Digital; Dubbed; LUXE","Kino Arena - West Mall","KinoArena"
"Одисея","2026-10-23T08:20:00","23.10.2026","Friday","20:20","BG Subtitles; Digital; LUXE","Kino Arena - West Mall","KinoArena"
"Спайдър-мен: Нов ден","2026-10-23T05:20:00","23.10.2026","Friday","17:20","3D Digital; BG Subtitles; LUXE","Kino Arena - West Mall","KinoArena"
"Пес Патрул: Дино Филмът","2026-10-23T03:50:00","23.10.2026","Friday","15:50","Digital; Dubbed; LUXE","Kino Arena - West Mall","KinoArena"
"Коварен капан: Бягство от отвъдното","2026-10-23T10:30:00","23.10.2026","Friday","22:30","BG Subtitles; Digital; LUXE","Kino Arena - West Mall","KinoArena"
"Койота срещу Акме","2026-10-23T01:15:00","23.10.2026","Friday","13:15","Digital; Dubbed; LUXE","Kino Arena - West Mall","KinoArena"
"Падане 2","2026-10-23T07:50:00","23.10.2026","Friday","19:50","BG Subtitles; Digital; LUXE","Kino Arena - West Mall","KinoArena"
"Приложна магия 2","2026-10-23T05:50:00","23.10.2026","Friday","17:50","BG Subtitles; Digital; LUXE","Kino Arena - West Mall","KinoArena"
"Куриерът","2026-10-23T08:45:00","23.10.2026","Friday","20:45","BG Subtitles; Digital; LUXE","Kino Arena - West Mall","KinoArena"
"Наследникът","2026-10-23T03:10:00","23.10.2026","Friday","15:10","Digital; Dubbed; LUXE","Kino Arena - West Mall","KinoArena"
"Заразно зло","2026-10-23T02:00:00","23.10.2026","Friday","14:00","BG Subtitles; Digital; LUXE","Kino Arena - West Mall","KinoArena"
"Заразно зло","2026-10-23T08:30:00","23.10.2026","Friday","20:30","BG Subtitles; Digital; LUXE","Kino Arena - West Mall","KinoArena"
"Заразно зло","2026-10-23T10:40:00","23.10.2026","Friday","22:40","BG Subtitles; Digital; LUXE","Kino Arena - West Mall","KinoArena"
"Сърцето на звяра","2026-10-23T02:20:00","23.10.2026","Friday","14:20","BG Subtitles; Digital; LUXE","Kino Arena - West Mall","KinoArena"
"Сърцето на звяра","2026-10-23T05:40:00","23.10.2026","Friday","17:40","BG Subtitles; Digital; LUXE","Kino Arena - West Mall","KinoArena"
"Сърцето на звяра","2026-10-23T08:10:00","23.10.2026","Friday","20:10","BG Subtitles; Digital; LUXE","Kino Arena - West Mall","KinoArena"
"Сърцето на звяра","2026-10-23T10:20:00","23.10.2026","Friday","22:20","BG Subtitles; Digital; LUXE","Kino Arena - West Mall","KinoArena"
"Островът на забравата","2026-10-23T01:30:00","23.10.2026","Friday","13:30","Digital; Dubbed; LUXE","Kino Arena - West Mall","KinoArena"
"Островът на забравата","2026-10-23T04:20:00","23.10.2026","Friday","16:20","Digital; Dubbed; LUXE","Kino Arena - West Mall","KinoArena"
"Отмъстителите: Краят – Специално издание","2026-10-23T06:30:00","23.10.2026","Friday","18:30","3D Digital; BG Subtitles; LUXE","Kino Arena - West Mall","KinoArena"
"Отмъстителите: Краят – Специално издание","2026-10-23T09:10:00","23.10.2026","Friday","21:10","3D Digital; BG Subtitles; LUXE","Kino Arena - West Mall","KinoArena"
"Верити","2026-10-23T02:40:00","23.10.2026","Friday","14:40","BG Subtitles; Digital; LUXE","Kino Arena - West Mall","KinoArena"
"Верити","2026-10-23T05:00:00","23.10.2026","Friday","17:00","BG Subtitles; Digital; LUXE","Kino Arena - West Mall","KinoArena"
"Верити","2026-10-23T07:10:00","23.10.2026","Friday","19:10","BG Subtitles; Digital; LUXE","Kino Arena - West Mall","KinoArena"
"Верити","2026-10-23T09:30:00","23.10.2026","Friday","21:30","BG Subtitles; Digital; LUXE","Kino Arena - West Mall","KinoArena"
"Дигър","2026-10-23T01:40:00","23.10.2026","Friday","13:40","BG Subtitles; Digital; LUXE","Kino Arena - West Mall","KinoArena"
"Дигър","2026-10-23T04:10:00","23.10.2026","Friday","16:10","BG Subtitles; Digital; LUXE","Kino Arena - West Mall","KinoArena"
"Дигър","2026-10-23T06:40:00","23.10.2026","Friday","18:40","BG Subtitles; Digital; LUXE","Kino Arena - West Mall","KinoArena"
"Дигър","2026-10-23T09:50:00","23.10.2026","Friday","21:50","BG Subtitles; Digital; LUXE","Kino Arena - West Mall","KinoArena"
"Зооекспрес","2026-10-23T02:30:00","23.10.2026","Friday","14:30","Digital; Dubbed; LUXE","Kino Arena - West Mall","KinoArena"
"Зооекспрес","2026-10-23T04:30:00","23.10.2026","Friday","16:30","Digital; Dubbed; LUXE","Kino Arena - West Mall","KinoArena"
"Зооекспрес","2026-10-23T06:20:00","23.10.2026","Friday","18:20","Digital; Dubbed; LUXE","Kino Arena - West Mall","KinoArena"
"Паяци","2026-10-23T03:30:00","23.10.2026","Friday","15:30","Digital; LUXE","Kino Arena - West Mall","KinoArena"
"Паяци","2026-10-23T09:40:00","23.10.2026","Friday","21:40","Digital; LUXE","Kino Arena - West Mall","KinoArena"
"Другата мама","2026-10-23T01:20:00","23.10.2026","Friday","13:20","BG Subtitles; Digital; LUXE","Kino Arena - West Mall","KinoArena"
"Другата мама","2026-10-23T04:00:00","23.10.2026","Friday","16:00","BG Subtitles; Digital; LUXE","Kino Arena - West Mall","KinoArena"
"Другата мама","2026-10-23T06:00:00","23.10.2026","Friday","18:00","BG Subtitles; Digital; LUXE","Kino Arena - West Mall","KinoArena"
"Другата мама","2026-10-23T08:00:00","23.10.2026","Friday","20:00","BG Subtitles; Digital; LUXE","Kino Arena - West Mall","KinoArena"
"Другата мама","2026-10-23T10:10:00","23.10.2026","Friday","22:10","BG Subtitles; Digital; LUXE","Kino Arena - West Mall","KinoArena"
"НЕ КАЗВАЙ НА МАМА","2026-10-23T02:50:00","23.10.2026","Friday","14:50","BG Subtitles; Digital; LUXE","Kino Arena - West Mall","KinoArena"
"НЕ КАЗВАЙ НА МАМА","2026-10-23T06:50:00","23.10.2026","Friday","18:50","BG Subtitles; Digital; LUXE","Kino Arena - West Mall","KinoArena"
"НЕ КАЗВАЙ НА МАМА","2026-10-23T10:00:00","23.10.2026","Friday","22:00","BG Subtitles; Digital; LUXE","Kino Arena - West Mall","KinoArena"
"Нина Роза","2026-10-23T04:50:00","23.10.2026","Friday","16:50","BG Subtitles; Digital; LUXE","Kino Arena - West Mall","KinoArena"
"Нина Роза","2026-10-23T07:30:00","23.10.2026","Friday","19:30","BG Subtitles; Digital; LUXE","Kino Arena - West Mall","KinoArena"
"СРЪДЛЬО","2026-10-23T01:00:00","23.10.2026","Friday","13:00","Digital; Dubbed; LUXE","Kino Arena - West Mall","KinoArena"
"СРЪДЛЬО","2026-10-23T03:20:00","23.10.2026","Friday","15:20","Digital; Dubbed; LUXE","Kino Arena - West Mall","KinoArena"
"СРЪДЛЬО","2026-10-23T05:30:00","23.10.2026","Friday","17:30","Digital; Dubbed; LUXE","Kino Arena - West Mall","KinoArena"
